{
"type": "FeatureCollection",
"name": "fields_agribound_style_wgs84",
"crs": { "type": "name", "properties": { "name": "urn:ogc:def:crs:OGC:1.3:CRS84" } },
"features": [
{ "type": "Feature", "properties": { "pid": 88, "sam_refined": false, "sam_score": null, "tree_frac": 0.0, "built_frac": 0.0, "area_ha": 0.057 }, "geometry": { "type": "Polygon", "coordinates": [ [ [ 76.795422270164877, 19.237195637028972 ], [ 76.795521077871598, 19.2371749057946 ], [ 76.795537545822725, 19.237159357367112 ], [ 76.795543035139758, 19.237133443318022 ], [ 76.795597928310158, 19.237091980830975 ], [ 76.795597928310158, 19.237081615207583 ], [ 76.795630864212413, 19.237081615207579 ], [ 76.795630864212413, 19.237060883958822 ], [ 76.795614396261286, 19.237045335520534 ], [ 76.795619885578333, 19.237014238639542 ], [ 76.795597928310158, 19.236988324567545 ], [ 76.795603417627206, 19.236962410491465 ], [ 76.795619885578333, 19.236952044859883 ], [ 76.795619885578333, 19.236931313594766 ], [ 76.795597928310158, 19.236915765144207 ], [ 76.795597928310158, 19.236879485420513 ], [ 76.795526567188645, 19.236884668238677 ], [ 76.795515588554565, 19.236926130778073 ], [ 76.795400312896703, 19.237029787080772 ], [ 76.795378355628571, 19.237180088603445 ], [ 76.795416780847845, 19.237185271412113 ], [ 76.795422270164877, 19.237195637028972 ] ] ] } },
{ "type": "Feature", "properties": { "pid": 104, "sam_refined": false, "sam_score": null, "tree_frac": 0.0, "built_frac": 0.0, "area_ha": 0.066 }, "geometry": { "type": "Polygon", "coordinates": [ [ [ 76.793199096763558, 19.238413592453352 ], [ 76.793210075397653, 19.238341033659889 ], [ 76.793177139495398, 19.238309937024301 ], [ 76.793166160861318, 19.238284023156826 ], [ 76.793188118129478, 19.238268474834371 ], [ 76.793188118129478, 19.238242560960334 ], [ 76.793204586080606, 19.238237378185044 ], [ 76.793204586080606, 19.238138905423309 ], [ 76.793199096763558, 19.238097443190171 ], [ 76.793171650178365, 19.238071529289147 ], [ 76.793177139495398, 19.23805598094658 ], [ 76.793149692910205, 19.23803524982085 ], [ 76.793094799739805, 19.238050798165393 ], [ 76.793028927935325, 19.238092260410298 ], [ 76.793006970667165, 19.238092260410298 ], [ 76.792979524081957, 19.23811299152883 ], [ 76.792979524081957, 19.23813372264474 ], [ 76.793001481350117, 19.238159636535951 ], [ 76.793001481350117, 19.238190733200003 ], [ 76.793023438618292, 19.238227012633949 ], [ 76.793034417252372, 19.238227012633949 ], [ 76.793028927935325, 19.238299571477803 ], [ 76.793045395886452, 19.238299571477803 ], [ 76.793056374520532, 19.238315119797317 ], [ 76.793045395886452, 19.238346216431918 ], [ 76.793028927935325, 19.238346216431918 ], [ 76.793023438618292, 19.238356581975474 ], [ 76.793067353154612, 19.238346216431921 ], [ 76.793089310422758, 19.238361764747008 ], [ 76.793089310422758, 19.238387678602226 ], [ 76.793122246324998, 19.238382495831509 ], [ 76.793138714276125, 19.238398044143167 ], [ 76.793182628812446, 19.238392861372784 ], [ 76.793199096763558, 19.238413592453352 ] ] ] } },
{ "type": "Feature", "properties": { "pid": 121, "sam_refined": false, "sam_score": null, "tree_frac": 0.0, "built_frac": 0.0, "area_ha": 0.086 }, "geometry": { "type": "Polygon", "coordinates": [ [ [ 76.796064520258597, 19.237651723522688 ], [ 76.796163327965331, 19.237636175140352 ], [ 76.796152349331237, 19.237584347188598 ], [ 76.796174306599397, 19.237563616003317 ], [ 76.796295071574292, 19.237553250409693 ], [ 76.796295071574292, 19.237257830716356 ], [ 76.796262135672038, 19.237263013522565 ], [ 76.796245667720925, 19.237278561940254 ], [ 76.796201753184604, 19.237273379134521 ], [ 76.796174306599397, 19.237283744745806 ], [ 76.796113924111964, 19.237335572792453 ], [ 76.796113924111964, 19.237345938399812 ], [ 76.796102945477884, 19.237345938399812 ], [ 76.796102945477884, 19.237387400822733 ], [ 76.796064520258597, 19.23739258362486 ], [ 76.796031584356371, 19.237418497633048 ], [ 76.796031584356371, 19.237527336422779 ], [ 76.796020605722276, 19.237568798799881 ], [ 76.796031584356371, 19.237568798799888 ], [ 76.796031584356371, 19.23760507837126 ], [ 76.796053541624531, 19.237615443961612 ], [ 76.796064520258597, 19.237651723522688 ] ] ] } },
{ "type": "Feature", "properties": { "pid": 122, "sam_refined": false, "sam_score": null, "tree_frac": 0.0, "built_frac": 0.0, "area_ha": 0.062 }, "geometry": { "type": "Polygon", "coordinates": [ [ [ 76.796278603623165, 19.238128539866004 ], [ 76.796295071574292, 19.238128539866011 ], [ 76.796295071574292, 19.237739830994769 ], [ 76.796245667720925, 19.237724282620785 ], [ 76.796196263867557, 19.237724282620778 ], [ 76.796163327965331, 19.237636175140352 ], [ 76.796119413429011, 19.237641357934628 ], [ 76.796113924111964, 19.237656906316474 ], [ 76.796059030941549, 19.237651723522692 ], [ 76.796091966843804, 19.237729465412272 ], [ 76.796091966843804, 19.237765744948153 ], [ 76.796102945477884, 19.237765744948156 ], [ 76.796097456160851, 19.237734648203606 ], [ 76.796113924111964, 19.237734648203606 ], [ 76.796113924111964, 19.237765744948153 ], [ 76.796135881380124, 19.237822755631193 ], [ 76.796130392063091, 19.237864217933701 ], [ 76.796141370697171, 19.237869400720772 ], [ 76.79614686001419, 19.237895314653699 ], [ 76.796174306599397, 19.237900497439799 ], [ 76.796190774550524, 19.237957508076047 ], [ 76.796207242501637, 19.237967873644141 ], [ 76.796207242501637, 19.237993787561535 ], [ 76.796234689086845, 19.238024884256994 ], [ 76.796251157037958, 19.238024884256994 ], [ 76.796256646355005, 19.238087077630258 ], [ 76.796278603623165, 19.238128539866004 ] ] ] } },
{ "type": "Feature", "properties": { "pid": 148, "sam_refined": false, "sam_score": null, "tree_frac": 0.0, "built_frac": 0.0, "area_ha": 0.055 }, "geometry": { "type": "Polygon", "coordinates": [ [ [ 76.791749917064934, 19.236459676606128 ], [ 76.791766385016061, 19.236459676606131 ], [ 76.79178285296716, 19.236444128110911 ], [ 76.791771874333094, 19.236418213948934 ], [ 76.79178285296716, 19.236397482616411 ], [ 76.791821278186461, 19.236397482616404 ], [ 76.791821278186461, 19.236314557260144 ], [ 76.791870682039814, 19.236288643077724 ], [ 76.791876171356876, 19.236231631862001 ], [ 76.791909107259102, 19.236216083345177 ], [ 76.791931064527262, 19.236190169147214 ], [ 76.791535833700365, 19.236190169147221 ], [ 76.791535833700365, 19.236247180377344 ], [ 76.791568769602605, 19.236247180377344 ], [ 76.791585237553718, 19.236231631862005 ], [ 76.791656598675246, 19.236247180377347 ], [ 76.791673066626373, 19.236278277403606 ], [ 76.79167855594342, 19.236340471438474 ], [ 76.791700513211566, 19.236356019943511 ], [ 76.791700513211566, 19.236413031116054 ], [ 76.791716981162679, 19.236433762446605 ], [ 76.791733449113821, 19.236433762446609 ], [ 76.791749917064934, 19.236459676606128 ] ] ] } },
{ "type": "Feature", "properties": { "pid": 2, "sam_refined": false, "sam_score": 0.60548782348632812, "tree_frac": 0.0, "built_frac": 0.0, "area_ha": 0.109 }, "geometry": { "type": "Polygon", "coordinates": [ [ [ 76.794873338460846, 19.240797649258038 ], [ 76.795021550020948, 19.240797649258035 ], [ 76.795038017972075, 19.240771735783238 ], [ 76.795059975240221, 19.240766553087781 ], [ 76.795065464557254, 19.240745822304348 ], [ 76.795087421825428, 19.240756187696395 ], [ 76.795098400459509, 19.240797649258038 ], [ 76.79533993040927, 19.240797649258035 ], [ 76.79533993040927, 19.240782101173643 ], [ 76.795383844945604, 19.240766553087777 ], [ 76.795383844945604, 19.240797649258038 ], [ 76.795411291530797, 19.240797649258042 ], [ 76.795411291530797, 19.240771735783238 ], [ 76.795422270164877, 19.240761370392171 ], [ 76.795455206067118, 19.240761370392168 ], [ 76.795460695384165, 19.240771735783238 ], [ 76.795460695384165, 19.240756187696395 ], [ 76.795405802213764, 19.240699178032035 ], [ 76.795405802213764, 19.240714726124271 ], [ 76.795383844945604, 19.240719908821369 ], [ 76.795372866311524, 19.240740639608077 ], [ 76.795323462458171, 19.24074063960807 ], [ 76.79527405860479, 19.240782101173643 ], [ 76.795241122702549, 19.240787283868606 ], [ 76.795213676117356, 19.240771735783234 ], [ 76.795186229532149, 19.240745822304344 ], [ 76.795180740215116, 19.240714726124278 ], [ 76.795224654751451, 19.240688812636389 ], [ 76.795285037238884, 19.240699178032031 ], [ 76.795296015872964, 19.240668081843129 ], [ 76.79527405860479, 19.240631802948627 ], [ 76.795263079970709, 19.240636985648329 ], [ 76.795257590653677, 19.240585158643924 ], [ 76.795224654751451, 19.240564427837569 ], [ 76.795197208166229, 19.240564427837565 ], [ 76.795197208166229, 19.240554062433414 ], [ 76.795147804312876, 19.240512600810249 ], [ 76.795131336361749, 19.240471139176616 ], [ 76.795092911142476, 19.240465956471677 ], [ 76.795038017972075, 19.240486687290456 ], [ 76.795005082069821, 19.240522966217025 ], [ 76.794966656850534, 19.240522966217018 ], [ 76.794950188899421, 19.240569610539399 ], [ 76.794911763680133, 19.240600706746964 ], [ 76.794911763680133, 19.24061107214817 ], [ 76.794933720948293, 19.240621437548722 ], [ 76.794933720948293, 19.240668081843125 ], [ 76.794911763680133, 19.240668081843129 ], [ 76.794889806411973, 19.240652533746466 ], [ 76.79491725299718, 19.240688812636389 ], [ 76.794944699582373, 19.240699178032031 ], [ 76.794944699582373, 19.240714726124271 ], [ 76.795016060703901, 19.240719908821365 ], [ 76.795043507289094, 19.240751005000455 ], [ 76.794950188899421, 19.240735456911644 ], [ 76.794933720948293, 19.240761370392168 ], [ 76.794922742314213, 19.240751005000455 ], [ 76.794922742314213, 19.240740639608074 ], [ 76.794933720948293, 19.240740639608077 ], [ 76.79492823163126, 19.240730274215043 ], [ 76.794911763680133, 19.24074063960807 ], [ 76.794911763680133, 19.240766553087784 ], [ 76.79489529572902, 19.240771735783234 ], [ 76.794889806411973, 19.240787283868606 ], [ 76.79486235982678, 19.240782101173647 ], [ 76.794873338460846, 19.240797649258038 ] ] ] } },
{ "type": "Feature", "properties": { "pid": 3, "sam_refined": true, "sam_score": 0.95619708299636841, "tree_frac": 0.0, "built_frac": 0.0, "area_ha": 0.289 }, "geometry": { "type": "Polygon", "coordinates": [ [ [ 76.79481844529046, 19.240362302338482 ], [ 76.79486235982678, 19.240346754212862 ], [ 76.79491725299718, 19.240300109827153 ], [ 76.794994103435741, 19.240274196273816 ], [ 76.795010571386854, 19.240253465428189 ], [ 76.795065464557254, 19.240227551867488 ], [ 76.795092911142476, 19.240196455589246 ], [ 76.795125847044716, 19.240191272875638 ], [ 76.795136825678796, 19.24017572473381 ], [ 76.795175250898069, 19.240165359305113 ], [ 76.795180740215116, 19.240154993875763 ], [ 76.795208186800309, 19.240154993875759 ], [ 76.795230144068469, 19.240134263015086 ], [ 76.795230144068469, 19.240077253134739 ], [ 76.795219165434403, 19.240051339546227 ], [ 76.795191718849196, 19.240025425953608 ], [ 76.795169761581036, 19.239978781476609 ], [ 76.795131336361749, 19.239942502429773 ], [ 76.795120357727669, 19.239911406097523 ], [ 76.795076443191334, 19.239885492482834 ], [ 76.795065464557254, 19.239849213415386 ], [ 76.795016060703901, 19.239802568888305 ], [ 76.794999592752774, 19.239750741620451 ], [ 76.794983124801661, 19.239740376164921 ], [ 76.794966656850534, 19.239693731606923 ], [ 76.794944699582373, 19.239667817957866 ], [ 76.79486235982678, 19.239688548877442 ], [ 76.7948513811927, 19.239730010708737 ], [ 76.79488431709494, 19.239755924347978 ], [ 76.794889806411973, 19.23981293433992 ], [ 76.794867849143799, 19.239833665241164 ], [ 76.79486235982678, 19.239901040652139 ], [ 76.794834913241573, 19.23992177154226 ], [ 76.794834913241573, 19.239942502429766 ], [ 76.794807466656366, 19.239937319708137 ], [ 76.794796488022286, 19.239958050593682 ], [ 76.794747084168932, 19.239952867872542 ], [ 76.794741594851885, 19.239926954264387 ], [ 76.794703169632598, 19.239885492482834 ], [ 76.794703169632598, 19.239823299790864 ], [ 76.794736105534838, 19.239812934339913 ], [ 76.794725126900758, 19.239802568888308 ], [ 76.794626319194037, 19.239828482516103 ], [ 76.794593383291812, 19.239885492482831 ], [ 76.794549468755491, 19.239906223374923 ], [ 76.794554958072524, 19.239999512356903 ], [ 76.794571426023651, 19.240009877796084 ], [ 76.794582404657731, 19.240061704982118 ], [ 76.794604361925892, 19.240082435851953 ], [ 76.794642787145165, 19.240165359305113 ], [ 76.794697680315565, 19.240212003729102 ], [ 76.794736105534838, 19.240305292537332 ], [ 76.794801977339318, 19.240305292537332 ], [ 76.794801977339318, 19.240346754212858 ], [ 76.79481844529046, 19.240362302338482 ] ] ] } },
{ "type": "Feature", "properties": { "pid": 11, "sam_refined": true, "sam_score": 0.88979244232177734, "tree_frac": 0.0, "built_frac": 0.0, "area_ha": 0.106 }, "geometry": { "type": "Polygon", "coordinates": [ [ [ 76.795510099237518, 19.240797649258031 ], [ 76.795548524456805, 19.240797649258035 ], [ 76.795548524456805, 19.240766553087781 ], [ 76.7955595030909, 19.240756187696391 ], [ 76.795619885578333, 19.240745822304348 ], [ 76.79564733216354, 19.240761370392168 ], [ 76.79565831079762, 19.240797649258038 ], [ 76.7956692894317, 19.240792466563406 ], [ 76.79564733216354, 19.240751005000455 ], [ 76.79570222533394, 19.240751005000451 ], [ 76.795707714650973, 19.240771735783238 ], [ 76.795729671919133, 19.240771735783238 ], [ 76.795718693285053, 19.240745822304348 ], [ 76.795746139870261, 19.24074063960807 ], [ 76.795866904845155, 19.240631802948624 ], [ 76.795883372796268, 19.24063180294862 ], [ 76.795905330064429, 19.240585158643917 ], [ 76.795910819381476, 19.240538514325955 ], [ 76.795932776649636, 19.240528148920166 ], [ 76.795932776649636, 19.240507418106617 ], [ 76.795949244600749, 19.240502235402818 ], [ 76.795954733917796, 19.240486687290453 ], [ 76.795971201868909, 19.240481504586004 ], [ 76.795998648454116, 19.240491869994738 ], [ 76.795998648454116, 19.240450408355859 ], [ 76.796015116405229, 19.240455591061295 ], [ 76.796026095039323, 19.240528148920166 ], [ 76.796004137771149, 19.240559245135575 ], [ 76.79596571255189, 19.240564427837569 ], [ 76.795949244600749, 19.240554062433414 ], [ 76.795949244600749, 19.240569610539399 ], [ 76.796020605722276, 19.240569610539403 ], [ 76.796031584356371, 19.240611072148173 ], [ 76.796113924111964, 19.240585158643917 ], [ 76.796124902746044, 19.240564427837569 ], [ 76.796141370697171, 19.240564427837569 ], [ 76.796157838648284, 19.240579975942577 ], [ 76.796152349331237, 19.240559245135575 ], [ 76.796124902746044, 19.24054369702861 ], [ 76.796119413429011, 19.240528148920163 ], [ 76.796064520258597, 19.240528148920163 ], [ 76.796070009575629, 19.240486687290449 ], [ 76.796091966843804, 19.240476321881385 ], [ 76.796091966843804, 19.240486687290453 ], [ 76.796102945477884, 19.240486687290453 ], [ 76.796108434794931, 19.240445225650262 ], [ 76.796124902746044, 19.240434860238587 ], [ 76.796119413429011, 19.240398581292546 ], [ 76.796086477526757, 19.240388215877914 ], [ 76.796015116405229, 19.240408946706513 ], [ 76.796009627088196, 19.24041931211983 ], [ 76.795954733917796, 19.24040894670652 ], [ 76.795910819381476, 19.240455591061295 ], [ 76.795850436894028, 19.24046595647167 ], [ 76.795839458259948, 19.240491869994738 ], [ 76.795795543723614, 19.240533331623141 ], [ 76.795746139870261, 19.240554062433414 ], [ 76.795674778748733, 19.240554062433421 ], [ 76.795663800114653, 19.240543697028606 ], [ 76.795641842846493, 19.240554062433418 ], [ 76.79558146035906, 19.24054887973109 ], [ 76.795603417627206, 19.240554062433418 ], [ 76.795603417627206, 19.240579975942584 ], [ 76.795630864212413, 19.240569610539403 ], [ 76.795641842846493, 19.240590341345097 ], [ 76.795603417627206, 19.240600706746967 ], [ 76.795603417627206, 19.240621437548722 ], [ 76.795521077871598, 19.240631802948624 ], [ 76.795521077871598, 19.240642168347872 ], [ 76.79557048172498, 19.240631802948624 ], [ 76.795564992407932, 19.240657716445519 ], [ 76.79558146035906, 19.240662899144397 ], [ 76.79558146035906, 19.240673264541684 ], [ 76.79557048172498, 19.240709543427027 ], [ 76.795543035139758, 19.24069399533429 ], [ 76.795521077871598, 19.240704360729609 ], [ 76.795515588554565, 19.240745822304351 ], [ 76.795493631286419, 19.240740639608077 ], [ 76.795488141969372, 19.240761370392168 ], [ 76.795510099237518, 19.240761370392171 ], [ 76.795510099237518, 19.240797649258031 ] ] ] } },
{ "type": "Feature", "properties": { "pid": 12, "sam_refined": true, "sam_score": 0.88829559087753296, "tree_frac": 0.0, "built_frac": 0.0, "area_ha": 0.104 }, "geometry": { "type": "Polygon", "coordinates": [ [ [ 76.795888862113316, 19.240797649258038 ], [ 76.796295071574292, 19.240797649258038 ], [ 76.796289582257245, 19.240372667754745 ], [ 76.796240178403878, 19.240357119630101 ], [ 76.796152349331237, 19.240372667754748 ], [ 76.796130392063091, 19.24038821587791 ], [ 76.796119413429011, 19.240403763999609 ], [ 76.796124902746044, 19.240434860238587 ], [ 76.796108434794931, 19.240445225650262 ], [ 76.796102945477884, 19.240486687290453 ], [ 76.79608098820971, 19.240476321881385 ], [ 76.796064520258597, 19.240512600810245 ], [ 76.796097456160851, 19.240502235402818 ], [ 76.796102945477884, 19.240528148920163 ], [ 76.796119413429011, 19.240528148920163 ], [ 76.796124902746044, 19.24054369702861 ], [ 76.796152349331237, 19.240559245135575 ], [ 76.796157838648284, 19.240579975942577 ], [ 76.796141370697171, 19.240564427837569 ], [ 76.796124902746044, 19.240564427837569 ], [ 76.796113924111964, 19.24059552404611 ], [ 76.796135881380124, 19.24060070674696 ], [ 76.796130392063091, 19.240626620248758 ], [ 76.796157838648284, 19.240631802948627 ], [ 76.796157838648284, 19.240647351047251 ], [ 76.796124902746044, 19.240657716445515 ], [ 76.796119413429011, 19.240683629938317 ], [ 76.796026095039323, 19.240693995334293 ], [ 76.796026095039323, 19.240719908821365 ], [ 76.795998648454116, 19.240735456911644 ], [ 76.795993159137069, 19.240751005000444 ], [ 76.795971201868909, 19.240756187696395 ], [ 76.795954733917796, 19.240776918478527 ], [ 76.795927287332589, 19.240771735783234 ], [ 76.795894351430348, 19.240782101173643 ], [ 76.795888862113316, 19.240797649258038 ] ] ] } },
{ "type": "Feature", "properties": { "pid": 13, "sam_refined": true, "sam_score": 0.93366104364395142, "tree_frac": 0.0, "built_frac": 0.0, "area_ha": 0.099 }, "geometry": { "type": "Polygon", "coordinates": [ [ [ 76.794966656850534, 19.24050741810662 ], [ 76.795027039337995, 19.240502235402818 ], [ 76.795048996606155, 19.240476321881381 ], [ 76.795120357727669, 19.240450408355855 ], [ 76.795153293629909, 19.240419312119837 ], [ 76.795235633385531, 19.240372667754745 ], [ 76.795263079970709, 19.240367485046697 ], [ 76.795279547921837, 19.240351936921567 ], [ 76.795317973141124, 19.240351936921567 ], [ 76.795323462458171, 19.240320840666872 ], [ 76.795312483824091, 19.240289744406308 ], [ 76.79527405860479, 19.240212003729113 ], [ 76.795246612019596, 19.240180907447918 ], [ 76.795208186800309, 19.240180907447918 ], [ 76.795175250898069, 19.240165359305113 ], [ 76.795136825678796, 19.24017572473381 ], [ 76.795125847044716, 19.240191272875638 ], [ 76.795081932508381, 19.240206821015992 ], [ 76.795027039337995, 19.240263830851326 ], [ 76.794972146167581, 19.240284561695642 ], [ 76.794900785046053, 19.240331206085767 ], [ 76.79488431709494, 19.240362302338486 ], [ 76.79488431709494, 19.240383033170353 ], [ 76.794900785046053, 19.240398581292535 ], [ 76.794900785046053, 19.240429677532493 ], [ 76.794911763680133, 19.240419312119833 ], [ 76.794922742314213, 19.240424494826247 ], [ 76.794922742314213, 19.240450408355851 ], [ 76.794950188899421, 19.240465956471674 ], [ 76.794966656850534, 19.24050741810662 ] ] ] } },
{ "type": "Feature", "properties": { "pid": 14, "sam_refined": false, "sam_score": 0.65396100282669067, "tree_frac": 0.0, "built_frac": 0.0, "area_ha": 0.125 }, "geometry": { "type": "Polygon", "coordinates": [ [ [ 76.795482652652325, 19.240797649258038 ], [ 76.795510099237518, 19.240797649258031 ], [ 76.795510099237518, 19.240761370392171 ], [ 76.795493631286419, 19.240766553087781 ], [ 76.795488141969372, 19.240751005000455 ], [ 76.795493631286419, 19.240740639608077 ], [ 76.795515588554565, 19.240745822304351 ], [ 76.795521077871598, 19.240704360729609 ], [ 76.79557048172498, 19.240652533746466 ], [ 76.79557048172498, 19.240631802948624 ], [ 76.795521077871598, 19.240647351047251 ], [ 76.795510099237518, 19.240636985648329 ], [ 76.795603417627206, 19.240621437548722 ], [ 76.795603417627206, 19.240554062433418 ], [ 76.79558146035906, 19.240554062433418 ], [ 76.795564992407932, 19.240538514325955 ], [ 76.795575971042012, 19.240512600810249 ], [ 76.795564992407932, 19.240507418106613 ], [ 76.795564992407932, 19.240491869994738 ], [ 76.795543035139758, 19.240502235402818 ], [ 76.795521077871598, 19.24049705269886 ], [ 76.795499120603438, 19.240512600810249 ], [ 76.795471674018245, 19.240502235402825 ], [ 76.795460695384165, 19.240450408355855 ], [ 76.795444227433038, 19.240434860238583 ], [ 76.795427759481925, 19.240434860238583 ], [ 76.795411291530797, 19.240388215877914 ], [ 76.795389334262651, 19.24038821587791 ], [ 76.795383844945604, 19.240367485046697 ], [ 76.795378355628571, 19.240393398585312 ], [ 76.795361887677444, 19.240383033170353 ], [ 76.795356398360411, 19.240346754212862 ], [ 76.795367376994491, 19.240331206085759 ], [ 76.795356398360411, 19.240300109827153 ], [ 76.795345419726317, 19.24030010982715 ], [ 76.795334441092251, 19.240357119630097 ], [ 76.795296015872964, 19.240351936921567 ], [ 76.79527405860479, 19.240377850462632 ], [ 76.795230144068469, 19.240393398585312 ], [ 76.795202697483276, 19.240424494826247 ], [ 76.795153293629909, 19.240429677532497 ], [ 76.795120357727669, 19.240460773766568 ], [ 76.795147804312876, 19.240512600810249 ], [ 76.795197208166229, 19.240559245135575 ], [ 76.795241122702549, 19.240554062433418 ], [ 76.795246612019596, 19.24057479324108 ], [ 76.79527405860479, 19.24058515864392 ], [ 76.795268569287757, 19.240631802948627 ], [ 76.795296015872964, 19.240668081843129 ], [ 76.795285037238884, 19.240699178032031 ], [ 76.795246612019596, 19.240688812636389 ], [ 76.795197208166229, 19.240699178032031 ], [ 76.795180740215116, 19.240714726124278 ], [ 76.795180740215116, 19.24073545691164 ], [ 76.795213676117356, 19.240771735783234 ], [ 76.795224654751451, 19.240766553087781 ], [ 76.795224654751451, 19.24077691847852 ], [ 76.795241122702549, 19.240782101173643 ], [ 76.795241122702549, 19.240740639608074 ], [ 76.79527405860479, 19.24074063960807 ], [ 76.795296015872964, 19.240719908821365 ], [ 76.795323462458171, 19.240730274215043 ], [ 76.79532895177519, 19.240714726124278 ], [ 76.795317973141124, 19.240699178032035 ], [ 76.79532895177519, 19.24068362993831 ], [ 76.795383844945604, 19.240673264541684 ], [ 76.795405802213764, 19.240647351047251 ], [ 76.795433248798957, 19.240652533746466 ], [ 76.795438738116005, 19.240621437548715 ], [ 76.795471674018245, 19.240621437548725 ], [ 76.795499120603438, 19.240642168347872 ], [ 76.795488141969372, 19.240678447240086 ], [ 76.795427759481925, 19.240709543427023 ], [ 76.795411291530797, 19.240704360729612 ], [ 76.795411291530797, 19.240714726124271 ], [ 76.795460695384165, 19.240756187696395 ], [ 76.795460695384165, 19.240771735783238 ], [ 76.795482652652325, 19.240797649258038 ] ] ] } },
{ "type": "Feature", "properties": { "pid": 15, "sam_refined": true, "sam_score": 0.99061894416809082, "tree_frac": 0.0, "built_frac": 0.0, "area_ha": 0.637 }, "geometry": { "type": "Polygon", "coordinates": [ [ [ 76.79212319062367, 19.240797649258042 ], [ 76.79380292163799, 19.240797649258042 ], [ 76.793764496418731, 19.240714726124278 ], [ 76.79372607119943, 19.240673264541687 ], [ 76.793698624614251, 19.24061625484854 ], [ 76.793665688711997, 19.24058515864392 ], [ 76.793638242126789, 19.240522966217018 ], [ 76.793632752809756, 19.240481504585997 ], [ 76.793616284858629, 19.240460773766564 ], [ 76.793621774175676, 19.240408946706516 ], [ 76.79372607119943, 19.240357119630101 ], [ 76.793748028467604, 19.240320840666879 ], [ 76.793731560516477, 19.240279378984802 ], [ 76.793731560516477, 19.240191272875638 ], [ 76.793720581882397, 19.240170542019552 ], [ 76.793687645980171, 19.240154993875759 ], [ 76.793682156663124, 19.240134263015086 ], [ 76.793643731443836, 19.240139445730499 ], [ 76.793616284858629, 19.240123897583775 ], [ 76.793566881005276, 19.240170542019541 ], [ 76.793424158762221, 19.240175724733806 ], [ 76.793374754908854, 19.24021718644207 ], [ 76.793325351055501, 19.240237917292269 ], [ 76.793325351055501, 19.240248282716383 ], [ 76.793264968568039, 19.240269013562653 ], [ 76.79322654334878, 19.240310475247341 ], [ 76.793182628812446, 19.240320840666879 ], [ 76.793160671544285, 19.240341571503986 ], [ 76.793111267690918, 19.240362302338479 ], [ 76.793089310422758, 19.240388215877914 ], [ 76.793017949301245, 19.240408946706516 ], [ 76.793012459984212, 19.24041931211984 ], [ 76.792952077496764, 19.24042449482625 ], [ 76.79289718432635, 19.240476321881385 ], [ 76.792891695009317, 19.24049705269886 ], [ 76.79287522705819, 19.240502235402818 ], [ 76.792858759107077, 19.240533331623144 ], [ 76.792694079595876, 19.240564427837569 ], [ 76.792677611644748, 19.24058515864392 ], [ 76.792655654376574, 19.240590341345101 ], [ 76.792600761206174, 19.24063180294862 ], [ 76.79241961374386, 19.240668081843129 ], [ 76.792403145792733, 19.240683629938317 ], [ 76.792282380817852, 19.240693995334293 ], [ 76.792232976964485, 19.240725091518289 ], [ 76.792172594477037, 19.24073545691164 ], [ 76.79214514789183, 19.240766553087784 ], [ 76.79212319062367, 19.240771735783238 ], [ 76.79212319062367, 19.240797649258042 ] ] ] } },
{ "type": "Feature", "properties": { "pid": 16, "sam_refined": true, "sam_score": 0.94537878036499023, "tree_frac": 0.0, "built_frac": 0.0, "area_ha": 0.186 }, "geometry": { "type": "Polygon", "coordinates": [ [ [ 76.794313428122749, 19.24054887973109 ], [ 76.794445171731709, 19.240543697028606 ], [ 76.794527511487317, 19.240528148920166 ], [ 76.794549468755491, 19.240502235402815 ], [ 76.794549468755491, 19.240481504586004 ], [ 76.794516532853251, 19.24043486023858 ], [ 76.794516532853251, 19.240414129413256 ], [ 76.79453300080435, 19.240336388794958 ], [ 76.794554958072524, 19.240310475247348 ], [ 76.794549468755491, 19.240258648139843 ], [ 76.794412235829469, 19.240004695076582 ], [ 76.794346364024989, 19.240004695076578 ], [ 76.794346364024989, 19.240015060515418 ], [ 76.794318917439796, 19.240020243234593 ], [ 76.794313428122749, 19.240030608672459 ], [ 76.794269513586414, 19.240030608672459 ], [ 76.794247556318254, 19.240056522264258 ], [ 76.794236577684174, 19.240097984002613 ], [ 76.794170705879694, 19.240118714867862 ], [ 76.794137769977439, 19.24014981116084 ], [ 76.794115812709293, 19.240191272875638 ], [ 76.794137769977439, 19.240243100004406 ], [ 76.794165216562661, 19.240263830851326 ], [ 76.794231088367155, 19.240403763999613 ], [ 76.794264024269381, 19.240445225650269 ], [ 76.794291470854589, 19.240533331623141 ], [ 76.794313428122749, 19.24054887973109 ] ] ] } },
{ "type": "Feature", "properties": { "pid": 18, "sam_refined": true, "sam_score": 0.89313644170761108, "tree_frac": 0.0, "built_frac": 0.0, "area_ha": 0.291 }, "geometry": { "type": "Polygon", "coordinates": [ [ [ 76.795729671919133, 19.240538514325948 ], [ 76.795762607821388, 19.240538514325955 ], [ 76.795790054406581, 19.24050741810662 ], [ 76.795817500991788, 19.240502235402825 ], [ 76.795833968942915, 19.240486687290446 ], [ 76.795844947576995, 19.240440042944506 ], [ 76.795894351430348, 19.240455591061291 ], [ 76.795910819381476, 19.240450408355859 ], [ 76.795943755283716, 19.240414129413253 ], [ 76.795943755283716, 19.240367485046697 ], [ 76.795960223234829, 19.240357119630101 ], [ 76.795971201868909, 19.240357119630104 ], [ 76.795976691185956, 19.24038303317035 ], [ 76.795998648454116, 19.240393398585315 ], [ 76.796015116405229, 19.24038303317036 ], [ 76.796064520258597, 19.240388215877914 ], [ 76.79608098820971, 19.240377850462632 ], [ 76.796070009575629, 19.240336388794958 ], [ 76.796037073673403, 19.240336388794955 ], [ 76.796015116405229, 19.240315657957197 ], [ 76.795976691185956, 19.240320840666879 ], [ 76.795954733917796, 19.240310475247345 ], [ 76.795960223234829, 19.240294927116814 ], [ 76.795993159137069, 19.240289744406308 ], [ 76.795987669820036, 19.240269013562656 ], [ 76.79596571255189, 19.240248282716387 ], [ 76.795943755283716, 19.24024828271639 ], [ 76.795932776649636, 19.240212003729106 ], [ 76.795888862113316, 19.240180907447918 ], [ 76.795762607821388, 19.239978781476601 ], [ 76.7956692894317, 19.23999951235691 ], [ 76.795663800114653, 19.240020243234593 ], [ 76.79568026806578, 19.240035791391147 ], [ 76.79568026806578, 19.240087618569003 ], [ 76.795652821480573, 19.24010834943557 ], [ 76.795630864212413, 19.24010834943557 ], [ 76.795532056505678, 19.240030608672459 ], [ 76.795488141969372, 19.240040974109672 ], [ 76.795438738116005, 19.240035791391147 ], [ 76.795422270164877, 19.240015060515422 ], [ 76.795433248798957, 19.239999512356906 ], [ 76.795433248798957, 19.239963233314658 ], [ 76.795411291530797, 19.239968416035477 ], [ 76.795394823579684, 19.239952867872542 ], [ 76.795372866311524, 19.239983964196924 ], [ 76.795383844945604, 19.24000987779608 ], [ 76.795416780847845, 19.240025425953611 ], [ 76.795416780847845, 19.240051339546227 ], [ 76.795405802213764, 19.240035791391147 ], [ 76.795361887677444, 19.240030608672459 ], [ 76.795350909043364, 19.240015060515418 ], [ 76.795323462458171, 19.240015060515422 ], [ 76.795296015872964, 19.240040974109672 ], [ 76.795306994507044, 19.240072070417369 ], [ 76.795334441092251, 19.240072070417366 ], [ 76.795350909043364, 19.240149811160837 ], [ 76.795367376994491, 19.240160176590518 ], [ 76.795378355628571, 19.240232734579958 ], [ 76.795361887677444, 19.240258648139843 ], [ 76.795361887677444, 19.240315657957201 ], [ 76.795389334262651, 19.240383033170353 ], [ 76.795433248798957, 19.240408946706516 ], [ 76.795466184701198, 19.240455591061298 ], [ 76.795471674018245, 19.240486687290449 ], [ 76.795499120603438, 19.24050741810662 ], [ 76.795521077871598, 19.24049705269886 ], [ 76.795543035139758, 19.240502235402818 ], [ 76.795554013773852, 19.240491869994742 ], [ 76.79557048172498, 19.240502235402818 ], [ 76.795608906944238, 19.240502235402815 ], [ 76.79571320396802, 19.240460773766568 ], [ 76.795740650553213, 19.24043486023858 ], [ 76.795768097138435, 19.240434860238583 ], [ 76.795768097138435, 19.24046595647167 ], [ 76.795707714650973, 19.240497052698863 ], [ 76.795707714650973, 19.240507418106617 ], [ 76.795729671919133, 19.240517783513713 ], [ 76.795729671919133, 19.240538514325948 ] ] ] } },
{ "type": "Feature", "properties": { "pid": 22, "sam_refined": true, "sam_score": 0.8537898063659668, "tree_frac": 0.0, "built_frac": 0.0, "area_ha": 0.073 }, "geometry": { "type": "Polygon", "coordinates": [ [ [ 76.79404445158778, 19.239963233314661 ], [ 76.794066408855926, 19.239958050593678 ], [ 76.794071898172959, 19.239926954264387 ], [ 76.79409934475818, 19.239911406097526 ], [ 76.79409934475818, 19.239885492482831 ], [ 76.79401151568554, 19.239740376164924 ], [ 76.793989558417366, 19.239714462523224 ], [ 76.793973090466238, 19.239714462523228 ], [ 76.793962111832158, 19.239688548877435 ], [ 76.793945643881045, 19.239693731606927 ], [ 76.793901729344725, 19.239673000688008 ], [ 76.793890750710645, 19.239673000688008 ], [ 76.793890750710645, 19.239688548877442 ], [ 76.793874282759518, 19.239688548877439 ], [ 76.793874282759518, 19.239673000688004 ], [ 76.793846836174325, 19.239667817957866 ], [ 76.793808410955037, 19.239683366147787 ], [ 76.79379194300391, 19.239709279794397 ], [ 76.79373704983351, 19.239714462523224 ], [ 76.793764496418731, 19.239771472529561 ], [ 76.793764496418731, 19.239797386162259 ], [ 76.793797432320957, 19.239828482516103 ], [ 76.793813900272085, 19.239869944312055 ], [ 76.793835857540245, 19.239885492482834 ], [ 76.793863304125423, 19.239937319708133 ], [ 76.793890750710645, 19.239952867872546 ], [ 76.793901729344725, 19.239921771542267 ], [ 76.794027983636653, 19.239916588819977 ], [ 76.79404445158778, 19.239963233314661 ] ] ] } },
{ "type": "Feature", "properties": { "pid": 23, "sam_refined": true, "sam_score": 0.77803534269332886, "tree_frac": 0.0, "built_frac": 0.0, "area_ha": 0.103 }, "geometry": { "type": "Polygon", "coordinates": [ [ [ 76.794198152464901, 19.239958050593682 ], [ 76.794220109733075, 19.239958050593678 ], [ 76.794296960171636, 19.239895857929202 ], [ 76.794406746512436, 19.239875127035809 ], [ 76.794406746512436, 19.239864761588134 ], [ 76.794428703780596, 19.239854396139791 ], [ 76.794428703780596, 19.239833665241164 ], [ 76.794395767878356, 19.239818117065475 ], [ 76.794395767878356, 19.239802568888308 ], [ 76.794362831976116, 19.239766289802532 ], [ 76.794357342659069, 19.239735193436914 ], [ 76.794368321293149, 19.239730010708733 ], [ 76.794368321293149, 19.239688548877439 ], [ 76.794318917439796, 19.239678183417979 ], [ 76.794313428122749, 19.239652269766466 ], [ 76.794291470854589, 19.239636721573589 ], [ 76.794285981537556, 19.239610807915533 ], [ 76.794247556318254, 19.239569346054122 ], [ 76.794236577684174, 19.239533066916813 ], [ 76.794220109733075, 19.239527884182259 ], [ 76.794198152464901, 19.239491605035784 ], [ 76.794181684513774, 19.239491605035777 ], [ 76.794159727245614, 19.239465691354816 ], [ 76.794143259294501, 19.23946569135482 ], [ 76.794093855441133, 19.239501970507018 ], [ 76.7940883661241, 19.239543432385439 ], [ 76.794038962270733, 19.239553797853407 ], [ 76.7940883661241, 19.239673000688004 ], [ 76.79411032339226, 19.239688548877432 ], [ 76.794115812709293, 19.239714462523231 ], [ 76.794143259294501, 19.239740376164921 ], [ 76.794143259294501, 19.239781837983131 ], [ 76.794159727245614, 19.239792203436046 ], [ 76.794159727245614, 19.239812934339916 ], [ 76.794176195196741, 19.239802568888305 ], [ 76.794187173830821, 19.239818117065472 ], [ 76.794209131098981, 19.239880309759403 ], [ 76.794209131098981, 19.23991140609753 ], [ 76.794187173830821, 19.239932136986351 ], [ 76.794198152464901, 19.239958050593682 ] ] ] } },
{ "type": "Feature", "properties": { "pid": 27, "sam_refined": true, "sam_score": 0.64949595928192139, "tree_frac": 0.0, "built_frac": 0.0, "area_ha": 0.106 }, "geometry": { "type": "Polygon", "coordinates": [ [ [ 76.793890750710645, 19.240393398585308 ], [ 76.793978579783285, 19.240377850462629 ], [ 76.794000537051446, 19.240351936921563 ], [ 76.79402249431962, 19.240351936921563 ], [ 76.794027983636653, 19.240336388794958 ], [ 76.79401151568554, 19.240320840666872 ], [ 76.793995047734398, 19.240248282716383 ], [ 76.79401151568554, 19.240175724733806 ], [ 76.793995047734398, 19.240139445730499 ], [ 76.793984069100318, 19.240139445730502 ], [ 76.793923686612885, 19.240072070417362 ], [ 76.793896240027678, 19.239999512356913 ], [ 76.793868793442485, 19.239978781476601 ], [ 76.793863304125423, 19.239952867872539 ], [ 76.793835857540245, 19.239926954264391 ], [ 76.793819389589132, 19.239885492482831 ], [ 76.793786453686891, 19.239844030690808 ], [ 76.793759007101684, 19.23983884796607 ], [ 76.793759007101684, 19.23986476158813 ], [ 76.793742539150557, 19.239869944312051 ], [ 76.793748028467604, 19.239983964196924 ], [ 76.793759007101684, 19.239999512356906 ], [ 76.79372607119943, 19.240015060515422 ], [ 76.793731560516477, 19.240040974109672 ], [ 76.79371509256535, 19.240051339546227 ], [ 76.793731560516477, 19.240097984002617 ], [ 76.79373704983351, 19.240170542019552 ], [ 76.793775475052811, 19.240212003729109 ], [ 76.793797432320957, 19.240217186442067 ], [ 76.793797432320957, 19.240253465428189 ], [ 76.793819389589132, 19.240284561695642 ], [ 76.793819389589132, 19.240305292537329 ], [ 76.793835857540245, 19.240310475247345 ], [ 76.793857814808405, 19.240357119630101 ], [ 76.793890750710645, 19.240393398585308 ] ] ] } },
{ "type": "Feature", "properties": { "pid": 28, "sam_refined": true, "sam_score": 0.87559908628463745, "tree_frac": 0.0, "built_frac": 0.0, "area_ha": 0.283 }, "geometry": { "type": "Polygon", "coordinates": [ [ [ 76.792452549646086, 19.240647351047247 ], [ 76.792512932133519, 19.240647351047254 ], [ 76.792600761206174, 19.240621437548729 ], [ 76.792661143693621, 19.240548879731094 ], [ 76.792688590278814, 19.240538514325955 ], [ 76.792699568912894, 19.240481504586 ], [ 76.792737994132182, 19.240471139176609 ], [ 76.792770930034436, 19.240476321881385 ], [ 76.792770930034436, 19.240465956471674 ], [ 76.792798376619615, 19.240455591061298 ], [ 76.792803865936662, 19.240424494826247 ], [ 76.792781908668516, 19.240393398585312 ], [ 76.792765440717389, 19.240388215877914 ], [ 76.792754462083309, 19.240331206085767 ], [ 76.792727015498102, 19.240310475247348 ], [ 76.792710547546974, 19.240274196273813 ], [ 76.792672122327701, 19.240232734579962 ], [ 76.792661143693621, 19.240196455589249 ], [ 76.792633697108414, 19.240170542019541 ], [ 76.792617229157301, 19.240129080299514 ], [ 76.792600761206174, 19.240129080299511 ], [ 76.792589782572094, 19.240108349435566 ], [ 76.792556846669854, 19.2400928012859 ], [ 76.792551357352821, 19.240072070417369 ], [ 76.7925074428165, 19.240046156828026 ], [ 76.792479996231293, 19.240015060515418 ], [ 76.792430592377926, 19.240035791391151 ], [ 76.792271402183772, 19.240035791391151 ], [ 76.79218906242815, 19.240082435851953 ], [ 76.792150637208891, 19.240118714867865 ], [ 76.792150637208891, 19.24014981116084 ], [ 76.792172594477037, 19.240217186442067 ], [ 76.792194551745197, 19.240232734579962 ], [ 76.792205530379277, 19.240258648139839 ], [ 76.792227487647452, 19.240253465428189 ], [ 76.792249444915612, 19.240284561695642 ], [ 76.792232976964485, 19.240289744406308 ], [ 76.792227487647452, 19.240326023376401 ], [ 76.792227487647452, 19.240367485046701 ], [ 76.792238466281532, 19.240372667754745 ], [ 76.792249444915612, 19.240414129413253 ], [ 76.792276891500805, 19.240434860238583 ], [ 76.792326295354144, 19.240445225650269 ], [ 76.792342763305285, 19.240476321881385 ], [ 76.792364720573445, 19.240476321881388 ], [ 76.792375699207525, 19.240491869994745 ], [ 76.792452549646086, 19.240517783513713 ], [ 76.792441571012006, 19.240533331623141 ], [ 76.792447060329039, 19.240559245135575 ], [ 76.792436081694959, 19.240569610539399 ], [ 76.792436081694959, 19.240631802948624 ], [ 76.792447060329039, 19.240631802948624 ], [ 76.792452549646086, 19.240647351047247 ] ] ] } },
{ "type": "Feature", "properties": { "pid": 29, "sam_refined": true, "sam_score": 0.78259706497192383, "tree_frac": 0.0, "built_frac": 0.0, "area_ha": 1.014 }, "geometry": { "type": "Polygon", "coordinates": [ [ [ 76.79608098820971, 19.240372667754745 ], [ 76.796185285233477, 19.240346754212858 ], [ 76.796273114306118, 19.240362302338482 ], [ 76.796278603623165, 19.240336388794962 ], [ 76.796289582257245, 19.240331206085763 ], [ 76.796278603623165, 19.240300109827153 ], [ 76.796289582257245, 19.240294927116814 ], [ 76.796295071574292, 19.240258648139839 ], [ 76.796295071574292, 19.239750741620451 ], [ 76.796284092940198, 19.239776655256428 ], [ 76.796229199769797, 19.239781837983127 ], [ 76.796218221135717, 19.239797386162255 ], [ 76.796168817282364, 19.239807751614197 ], [ 76.796168817282364, 19.239797386162255 ], [ 76.796152349331237, 19.23979220343605 ], [ 76.796031584356371, 19.239797386162262 ], [ 76.795987669820036, 19.239771472529561 ], [ 76.795943755283716, 19.239771472529561 ], [ 76.795910819381476, 19.239740376164921 ], [ 76.795855926211075, 19.239724827980393 ], [ 76.795828479625868, 19.239755924347982 ], [ 76.795790054406581, 19.239755924347978 ], [ 76.795784565089534, 19.239766289802528 ], [ 76.79573516123618, 19.239766289802528 ], [ 76.7957241826021, 19.239750741620455 ], [ 76.79571320396802, 19.239792203436046 ], [ 76.795707714650973, 19.239755924347982 ], [ 76.79568026806578, 19.23973001070873 ], [ 76.79568026806578, 19.239709279794393 ], [ 76.79570222533394, 19.239714462523228 ], [ 76.79570222533394, 19.239693731606927 ], [ 76.795685757382813, 19.239688548877442 ], [ 76.795663800114653, 19.239641904304715 ], [ 76.79565831079762, 19.239662635227564 ], [ 76.79564733216354, 19.239657452497092 ], [ 76.795614396261286, 19.23960562518343 ], [ 76.79558146035906, 19.239579711520463 ], [ 76.79558146035906, 19.239558980587145 ], [ 76.795564992407932, 19.239538249651208 ], [ 76.7956692894317, 19.239538249651204 ], [ 76.795674778748733, 19.239527884182259 ], [ 76.795707714650973, 19.239527884182262 ], [ 76.795779075772515, 19.23946569135482 ], [ 76.795795543723614, 19.239408681242292 ], [ 76.795844947576995, 19.239367219329839 ], [ 76.795844947576995, 19.239351671109972 ], [ 76.795877883479221, 19.239310209183127 ], [ 76.795932776649636, 19.239268747245795 ], [ 76.795971201868909, 19.239268747245802 ], [ 76.795987669820036, 19.239279112731108 ], [ 76.795993159137069, 19.23931020918312 ], [ 76.796037073673403, 19.239336122888623 ], [ 76.796048052307469, 19.239362036590048 ], [ 76.796086477526757, 19.239382767548229 ], [ 76.796097456160851, 19.239419046718769 ], [ 76.796119413429011, 19.239429412194589 ], [ 76.796130392063091, 19.239450143144271 ], [ 76.796119413429011, 19.23953306691681 ], [ 76.796135881380124, 19.239548615119499 ], [ 76.796185285233477, 19.239543432385435 ], [ 76.796223710452765, 19.239574528787379 ], [ 76.796229199769797, 19.239657452497099 ], [ 76.796295071574292, 19.239693731606927 ], [ 76.796295071574292, 19.239108082139776 ], [ 76.796278603623165, 19.239108082139772 ], [ 76.796251157037958, 19.239087351146907 ], [ 76.796251157037958, 19.239040706403355 ], [ 76.796234689086845, 19.239040706403355 ], [ 76.796229199769797, 19.239030340902993 ], [ 76.796185285233477, 19.239030340902993 ], [ 76.79614686001419, 19.238999244397966 ], [ 76.796130392063091, 19.238999244397966 ], [ 76.796102945477884, 19.239019975401966 ], [ 76.796037073673403, 19.239019975401966 ], [ 76.796004137771149, 19.239045889153292 ], [ 76.795938265966669, 19.239056254652681 ], [ 76.795905330064429, 19.239051071903067 ], [ 76.795905330064429, 19.239061437402121 ], [ 76.795866904845155, 19.2390873511469 ], [ 76.795861415528094, 19.23915990961051 ], [ 76.795877883479221, 19.239175457848539 ], [ 76.795905330064429, 19.239175457848539 ], [ 76.795910819381476, 19.239191006085093 ], [ 76.795899840747396, 19.239206554320177 ], [ 76.795828479625868, 19.239206554320173 ], [ 76.795790054406581, 19.239253199016598 ], [ 76.795740650553213, 19.239227285298011 ], [ 76.795779075772515, 19.23920655432018 ], [ 76.795779075772515, 19.23919100608509 ], [ 76.795757118504355, 19.239185823339735 ], [ 76.795740650553213, 19.23915990961051 ], [ 76.79569124669986, 19.239165092356682 ], [ 76.795685757382813, 19.239180640594217 ], [ 76.79562537489538, 19.239165092356682 ], [ 76.795597928310158, 19.239185823339735 ], [ 76.795548524456805, 19.239185823339739 ], [ 76.795515588554565, 19.239211737064885 ], [ 76.795504609920499, 19.239242833529659 ], [ 76.795449716750085, 19.239268747245795 ], [ 76.795460695384165, 19.239279112731104 ], [ 76.795455206067118, 19.239294660957849 ], [ 76.795477163335278, 19.239294660957846 ], [ 76.795482652652325, 19.239305026441528 ], [ 76.795427759481925, 19.239403498503801 ], [ 76.795389334262651, 19.239408681242296 ], [ 76.795350909043364, 19.239444960407095 ], [ 76.795252101336629, 19.239444960407099 ], [ 76.795241122702549, 19.23946050861813 ], [ 76.795158782946956, 19.239465691354813 ], [ 76.795131336361749, 19.239481239563879 ], [ 76.795131336361749, 19.239450143144271 ], [ 76.795103889776556, 19.239424229456763 ], [ 76.795048996606155, 19.239434594932252 ], [ 76.795027039337995, 19.239450143144271 ], [ 76.795032528655028, 19.239481239563879 ], [ 76.795048996606155, 19.239501970507018 ], [ 76.795081932508381, 19.239501970507018 ], [ 76.795081932508381, 19.239512335977604 ], [ 76.795027039337995, 19.239558980587141 ], [ 76.795005082069821, 19.239595259718733 ], [ 76.794994103435741, 19.239579711520467 ], [ 76.794994103435741, 19.239548615119499 ], [ 76.794961167533515, 19.239553797853407 ], [ 76.794944699582373, 19.239579711520463 ], [ 76.794950188899421, 19.239610807915533 ], [ 76.794939210265341, 19.239615990647469 ], [ 76.794939210265341, 19.239631538842307 ], [ 76.794966656850534, 19.239647087035671 ], [ 76.794966656850534, 19.239693731606923 ], [ 76.794977635484614, 19.239673000688001 ], [ 76.794977635484614, 19.239714462523228 ], [ 76.795005082069821, 19.239745558892771 ], [ 76.795005082069821, 19.239776655256428 ], [ 76.795027039337995, 19.239792203436046 ], [ 76.795038017972075, 19.239823299790871 ], [ 76.795076443191334, 19.239869944312055 ], [ 76.795087421825428, 19.239864761588127 ], [ 76.795098400459509, 19.239880309759403 ], [ 76.795120357727669, 19.239885492482831 ], [ 76.795131336361749, 19.239875127035805 ], [ 76.795125847044716, 19.239854396139791 ], [ 76.795142314995815, 19.239812934339916 ], [ 76.795169761581036, 19.239812934339916 ], [ 76.795164272263989, 19.239838847966073 ], [ 76.795180740215116, 19.239849213415386 ], [ 76.795180740215116, 19.239869944312055 ], [ 76.795158782946956, 19.239880309759403 ], [ 76.795158782946956, 19.23990622337492 ], [ 76.795175250898069, 19.239937319708137 ], [ 76.795197208166229, 19.239947685151236 ], [ 76.795224654751451, 19.24000987779608 ], [ 76.795257590653677, 19.240004695076575 ], [ 76.795252101336629, 19.239958050593675 ], [ 76.795279547921837, 19.239968416035474 ], [ 76.795290526555931, 19.23994768515124 ], [ 76.795296015872964, 19.239963233314658 ], [ 76.795345419726317, 19.239973598756116 ], [ 76.795356398360411, 19.239937319708137 ], [ 76.795367376994491, 19.23994250242977 ], [ 76.795378355628571, 19.239926954264387 ], [ 76.795422270164877, 19.239932136986344 ], [ 76.795438738116005, 19.239921771542267 ], [ 76.795449716750085, 19.239952867872539 ], [ 76.795427759481925, 19.239968416035474 ], [ 76.795433248798957, 19.239999512356906 ], [ 76.795422270164877, 19.240009877796087 ], [ 76.795438738116005, 19.240035791391147 ], [ 76.795488141969372, 19.240040974109672 ], [ 76.795532056505678, 19.240030608672459 ], [ 76.795608906944238, 19.24009798400262 ], [ 76.795652821480573, 19.24010834943557 ], [ 76.79568026806578, 19.240087618569003 ], [ 76.79568026806578, 19.240035791391147 ], [ 76.795663800114653, 19.240020243234593 ], [ 76.795674778748733, 19.239994329637085 ], [ 76.795779075772515, 19.239978781476598 ], [ 76.795801033040661, 19.239958050593678 ], [ 76.795822990308835, 19.239963233314661 ], [ 76.795883372796268, 19.240035791391147 ], [ 76.795921798015556, 19.240118714867862 ], [ 76.795960223234829, 19.24014981116084 ], [ 76.795987669820036, 19.240196455589246 ], [ 76.795982180502989, 19.240212003729106 ], [ 76.796015116405229, 19.240232734579962 ], [ 76.796004137771149, 19.240274196273813 ], [ 76.796048052307469, 19.240284561695638 ], [ 76.796048052307469, 19.240294927116814 ], [ 76.796059030941549, 19.240289744406311 ], [ 76.796059030941549, 19.240300109827153 ], [ 76.796015116405229, 19.240294927116814 ], [ 76.795993159137069, 19.240315657957193 ], [ 76.796015116405229, 19.240315657957197 ], [ 76.796037073673403, 19.240336388794955 ], [ 76.796064520258597, 19.240331206085763 ], [ 76.79608098820971, 19.240372667754745 ] ] ] } },
{ "type": "Feature", "properties": { "pid": 30, "sam_refined": true, "sam_score": 0.87827974557876587, "tree_frac": 0.0, "built_frac": 0.0, "area_ha": 0.191 }, "geometry": { "type": "Polygon", "coordinates": [ [ [ 76.796004137771149, 19.239781837983131 ], [ 76.796086477526757, 19.23979220343605 ], [ 76.796086477526757, 19.239683366147791 ], [ 76.796108434794931, 19.239673000688004 ], [ 76.796119413429011, 19.239626356110858 ], [ 76.796141370697171, 19.239610807915533 ], [ 76.796218221135717, 19.23961080791554 ], [ 76.796218221135717, 19.239595259718733 ], [ 76.796179795916444, 19.239548615119499 ], [ 76.796135881380124, 19.239548615119499 ], [ 76.796119413429011, 19.23953306691681 ], [ 76.796124902746044, 19.239470874091332 ], [ 76.79608098820971, 19.239382767548232 ], [ 76.796020605722276, 19.239330940147848 ], [ 76.795982180502989, 19.239320574665815 ], [ 76.795949244600749, 19.239279112731104 ], [ 76.795927287332589, 19.239273929988538 ], [ 76.795877883479221, 19.239310209183127 ], [ 76.795844947576995, 19.239351671109972 ], [ 76.795844947576995, 19.239367219329839 ], [ 76.795795543723614, 19.239408681242292 ], [ 76.795790054406581, 19.239450143144278 ], [ 76.795751629187293, 19.239491605035777 ], [ 76.795740650553213, 19.239491605035777 ], [ 76.795707714650973, 19.239527884182262 ], [ 76.79562537489538, 19.239543432385439 ], [ 76.795663800114653, 19.239590076986143 ], [ 76.79569124669986, 19.239647087035674 ], [ 76.795707714650973, 19.239652269766466 ], [ 76.7957241826021, 19.239709279794393 ], [ 76.795746139870261, 19.239724827980389 ], [ 76.795768097138435, 19.239766289802525 ], [ 76.795828479625868, 19.239755924347982 ], [ 76.795839458259948, 19.239735193436914 ], [ 76.795872394162174, 19.239724827980393 ], [ 76.795916308698509, 19.239750741620455 ], [ 76.795932776649636, 19.239745558892768 ], [ 76.795932776649636, 19.239761107075338 ], [ 76.795960223234829, 19.239776655256428 ], [ 76.795971201868909, 19.239771472529565 ], [ 76.795960223234829, 19.239755924347982 ], [ 76.795987669820036, 19.239735193436914 ], [ 76.795998648454116, 19.239750741620451 ], [ 76.796026095039323, 19.239755924347978 ], [ 76.796004137771149, 19.239781837983131 ] ] ] } },
{ "type": "Feature", "properties": { "pid": 41, "sam_refined": true, "sam_score": 0.73931676149368286, "tree_frac": 0.0, "built_frac": 0.0, "area_ha": 0.396 }, "geometry": { "type": "Polygon", "coordinates": [ [ [ 76.792913652277477, 19.240326023376404 ], [ 76.792924630911557, 19.240326023376404 ], [ 76.79293012022859, 19.240310475247345 ], [ 76.792952077496764, 19.240310475247345 ], [ 76.792952077496764, 19.240294927116814 ], [ 76.792979524081957, 19.240300109827157 ], [ 76.793017949301245, 19.240289744406308 ], [ 76.793028927935325, 19.240274196273816 ], [ 76.793050885203485, 19.240274196273816 ], [ 76.793127735642045, 19.240232734579955 ], [ 76.793149692910205, 19.240206821015985 ], [ 76.793232032665799, 19.240180907447915 ], [ 76.793243011299879, 19.240165359305117 ], [ 76.793232032665799, 19.240154993875759 ], [ 76.793259479251006, 19.240139445730495 ], [ 76.793259479251006, 19.240123897583775 ], [ 76.793275947202133, 19.240113532151799 ], [ 76.79331437242142, 19.240113532151799 ], [ 76.793336329689566, 19.240092801285893 ], [ 76.793363776274774, 19.240092801285893 ], [ 76.793495519883749, 19.240040974109672 ], [ 76.793566881005276, 19.239999512356906 ], [ 76.793588838273436, 19.239973598756119 ], [ 76.793627263492709, 19.239958050593678 ], [ 76.793621774175676, 19.23991140609753 ], [ 76.793572370322309, 19.239869944312051 ], [ 76.793561391688229, 19.239802568888308 ], [ 76.793528455785975, 19.239735193436914 ], [ 76.793511987834876, 19.239724827980393 ], [ 76.793511987834876, 19.239704097065403 ], [ 76.793396712177014, 19.239569346054125 ], [ 76.793369265591821, 19.239564163320718 ], [ 76.793358286957741, 19.239579711520463 ], [ 76.793297904470293, 19.23959525971873 ], [ 76.79328143651918, 19.239615990647469 ], [ 76.793264968568039, 19.239615990647469 ], [ 76.79322654334878, 19.239647087035667 ], [ 76.793204586080606, 19.239678183417979 ], [ 76.793160671544285, 19.239678183417976 ], [ 76.793111267690918, 19.239693731606916 ], [ 76.793094799739805, 19.239719645251888 ], [ 76.793171650178365, 19.239693731606927 ], [ 76.793199096763558, 19.239709279794393 ], [ 76.793199096763558, 19.239724827980389 ], [ 76.793188118129478, 19.239735193436914 ], [ 76.793122246324998, 19.239740376164928 ], [ 76.793116757007965, 19.239755924347978 ], [ 76.793138714276125, 19.239761107075335 ], [ 76.793138714276125, 19.239781837983127 ], [ 76.793122246324998, 19.239802568888305 ], [ 76.793072842471645, 19.239818117065465 ], [ 76.793056374520532, 19.239844030690808 ], [ 76.793039906569405, 19.239844030690808 ], [ 76.793012459984212, 19.239869944312055 ], [ 76.79291914159451, 19.23991140609753 ], [ 76.792902673643397, 19.239932136986344 ], [ 76.79287522705819, 19.23993731970814 ], [ 76.792858759107077, 19.239958050593678 ], [ 76.792798376619615, 19.239983964196927 ], [ 76.792781908668516, 19.240004695076578 ], [ 76.792748972766276, 19.240015060515418 ], [ 76.792732504815135, 19.240040974109672 ], [ 76.792699568912894, 19.240056522264254 ], [ 76.792699568912894, 19.240082435851949 ], [ 76.792754462083309, 19.240082435851953 ], [ 76.792759951400356, 19.240092801285893 ], [ 76.792798376619615, 19.240077253134743 ], [ 76.792825823204836, 19.240077253134743 ], [ 76.792836801838916, 19.24008761856901 ], [ 76.792858759107077, 19.240072070417366 ], [ 76.792847780472997, 19.240097984002613 ], [ 76.79286424842411, 19.240103166719177 ], [ 76.792858759107077, 19.240113532151792 ], [ 76.792792887302582, 19.240129080299518 ], [ 76.792776419351469, 19.240154993875759 ], [ 76.792727015498102, 19.240180907447918 ], [ 76.792699568912894, 19.240180907447918 ], [ 76.792699568912894, 19.240248282716383 ], [ 76.792716036864022, 19.240274196273809 ], [ 76.792727015498102, 19.240284561695638 ], [ 76.792748972766276, 19.240279378984805 ], [ 76.792820333887789, 19.240232734579958 ], [ 76.792842291155949, 19.240253465428193 ], [ 76.792853269790029, 19.240243100004403 ], [ 76.792880716375251, 19.240243100004403 ], [ 76.792891695009317, 19.240253465428189 ], [ 76.79290816296043, 19.240253465428182 ], [ 76.79291914159451, 19.240237917292266 ], [ 76.79296305613083, 19.240243100004406 ], [ 76.792968545447891, 19.240279378984805 ], [ 76.79293012022859, 19.240294927116814 ], [ 76.792913652277477, 19.240310475247345 ], [ 76.792913652277477, 19.240326023376404 ] ] ] } },
{ "type": "Feature", "properties": { "pid": 47, "sam_refined": true, "sam_score": 0.91594111919403076, "tree_frac": 0.0, "built_frac": 0.0, "area_ha": 0.339 }, "geometry": { "type": "Polygon", "coordinates": [ [ [ 76.794329896073876, 19.239590076986136 ], [ 76.794351853342036, 19.23959007698614 ], [ 76.794379299927229, 19.239569346054129 ], [ 76.794434193097629, 19.239574528787376 ], [ 76.794434193097629, 19.239538249651204 ], [ 76.794626319194037, 19.239527884182262 ], [ 76.794642787145165, 19.239501970507018 ], [ 76.794642787145165, 19.239439777669762 ], [ 76.794725126900758, 19.239439777669755 ], [ 76.794730616217805, 19.239533066916806 ], [ 76.794747084168932, 19.239564163320718 ], [ 76.794758062803012, 19.239455325881277 ], [ 76.794741594851885, 19.239444960407099 ], [ 76.794736105534838, 19.239413863980612 ], [ 76.794719637583725, 19.239403498503808 ], [ 76.794708658949645, 19.239346488369684 ], [ 76.794642787145165, 19.239315391924549 ], [ 76.794626319194037, 19.239299843699772 ], [ 76.794620829877005, 19.239263564502899 ], [ 76.794593383291812, 19.239242833529659 ], [ 76.794587893974764, 19.239185823339739 ], [ 76.794565936706604, 19.239175457848539 ], [ 76.794560447389571, 19.239092533895359 ], [ 76.794538490121397, 19.239082168398269 ], [ 76.794527511487317, 19.239061437402121 ], [ 76.794505554219171, 19.238957782382109 ], [ 76.794472618316917, 19.238890406584009 ], [ 76.794445171731709, 19.238864492808144 ], [ 76.794434193097629, 19.238786751456015 ], [ 76.794412235829469, 19.238734923867483 ], [ 76.794340874707942, 19.238688279023801 ], [ 76.794302449488669, 19.238693461784869 ], [ 76.794269513586414, 19.238683096262573 ], [ 76.794236577684174, 19.238719375587724 ], [ 76.794236577684174, 19.238740106627063 ], [ 76.794264024269381, 19.23875047214576 ], [ 76.794285981537556, 19.238724558347808 ], [ 76.794302449488669, 19.238724558347808 ], [ 76.794384789244276, 19.23882821351506 ], [ 76.794406746512436, 19.238885223829165 ], [ 76.794384789244276, 19.238957782382116 ], [ 76.794346364024989, 19.23898887889499 ], [ 76.794313428122749, 19.23899924439797 ], [ 76.794242067001221, 19.238994061646554 ], [ 76.794220109733075, 19.238973330639286 ], [ 76.794203641781934, 19.238973330639286 ], [ 76.794176195196741, 19.239004427149222 ], [ 76.793989558417366, 19.239009609900293 ], [ 76.793989558417366, 19.239019975401963 ], [ 76.79401151568554, 19.239040706403348 ], [ 76.79401151568554, 19.239056254652677 ], [ 76.794060919538879, 19.239123630382714 ], [ 76.794082876807053, 19.239175457848539 ], [ 76.794104834075213, 19.239191006085097 ], [ 76.79411032339226, 19.239222102553789 ], [ 76.794148748611534, 19.239268747245799 ], [ 76.794159727245614, 19.23931020918312 ], [ 76.794192663147854, 19.239341305629232 ], [ 76.794198152464901, 19.239372402069471 ], [ 76.794220109733075, 19.239387950287373 ], [ 76.794247556318254, 19.239455325881273 ], [ 76.794275002903461, 19.239486422299912 ], [ 76.794280492220508, 19.239517518712656 ], [ 76.794296960171636, 19.239527884182255 ], [ 76.794329896073876, 19.239590076986136 ] ] ] } },
{ "type": "Feature", "properties": { "pid": 49, "sam_refined": false, "sam_score": 0.80357712507247925, "tree_frac": 0.0, "built_frac": 0.0, "area_ha": 0.277 }, "geometry": { "type": "Polygon", "coordinates": [ [ [ 76.793973090466238, 19.239009609900297 ], [ 76.794176195196741, 19.239004427149222 ], [ 76.794209131098981, 19.238973330639283 ], [ 76.794181684513774, 19.238921503109651 ], [ 76.794181684513774, 19.238874858318983 ], [ 76.794203641781934, 19.238828213515063 ], [ 76.794258534952334, 19.23876083766379 ], [ 76.794253045635301, 19.238745289386493 ], [ 76.794236577684174, 19.238740106627063 ], [ 76.794247556318254, 19.238703827306495 ], [ 76.794269513586414, 19.238683096262573 ], [ 76.794285981537556, 19.238683096262573 ], [ 76.794302449488669, 19.238693461784869 ], [ 76.794340874707942, 19.238688279023801 ], [ 76.794384789244276, 19.238719375587728 ], [ 76.794395767878356, 19.238703827306498 ], [ 76.794379299927229, 19.238683096262573 ], [ 76.794379299927229, 19.238641634166882 ], [ 76.794324406756814, 19.23857425823903 ], [ 76.794329896073876, 19.23854834441326 ], [ 76.794302449488669, 19.238512065050319 ], [ 76.794302449488669, 19.238496516749464 ], [ 76.794291470854589, 19.238501699516576 ], [ 76.794280492220508, 19.238537978881812 ], [ 76.794231088367155, 19.238537978881816 ], [ 76.794170705879694, 19.238455054606643 ], [ 76.794176195196741, 19.238418775223085 ], [ 76.794148748611534, 19.238382495831509 ], [ 76.794115812709293, 19.238377313060628 ], [ 76.79404445158778, 19.238449871838053 ], [ 76.79395662251514, 19.238455054606643 ], [ 76.793879772076565, 19.238522430583409 ], [ 76.793885261393598, 19.238553527178745 ], [ 76.793841346857292, 19.238537978881812 ], [ 76.793841346857292, 19.238527613349703 ], [ 76.793797432320957, 19.238527613349703 ], [ 76.793753517784651, 19.238553527178745 ], [ 76.793687645980171, 19.238558709944066 ], [ 76.793687645980171, 19.23857425823903 ], [ 76.79371509256535, 19.238589806532527 ], [ 76.793748028467604, 19.238683096262573 ], [ 76.793786453686891, 19.238714192827487 ], [ 76.793786453686891, 19.238740106627066 ], [ 76.793808410955037, 19.23876602042256 ], [ 76.79380292163799, 19.238781568697902 ], [ 76.793819389589132, 19.238781568697902 ], [ 76.793824878906165, 19.238802299729386 ], [ 76.793868793442485, 19.238848944540663 ], [ 76.793868793442485, 19.238880041074157 ], [ 76.793890750710645, 19.238885223829161 ], [ 76.793923686612885, 19.238916320355781 ], [ 76.793973090466238, 19.239009609900297 ] ] ] } },
{ "type": "Feature", "properties": { "pid": 50, "sam_refined": true, "sam_score": 0.76185357570648193, "tree_frac": 0.0, "built_frac": 0.0, "area_ha": 0.081 }, "geometry": { "type": "Polygon", "coordinates": [ [ [ 76.794423214463549, 19.239859578864042 ], [ 76.794494575585091, 19.239859578864042 ], [ 76.794527511487317, 19.23981293433992 ], [ 76.794576915340684, 19.23978702070967 ], [ 76.794582404657731, 19.239766289802528 ], [ 76.794615340559972, 19.239745558892764 ], [ 76.794620829877005, 19.239719645251888 ], [ 76.794675723047405, 19.239714462523224 ], [ 76.794686701681499, 19.239688548877439 ], [ 76.794741594851885, 19.239678183417976 ], [ 76.794747084168932, 19.239667817957866 ], [ 76.794769041437078, 19.239683366147787 ], [ 76.794785509388205, 19.239647087035671 ], [ 76.794812955973413, 19.239641904304712 ], [ 76.794823934607493, 19.23959525971873 ], [ 76.79481844529046, 19.239564163320715 ], [ 76.794807466656366, 19.239553797853404 ], [ 76.79476355212006, 19.239548615119499 ], [ 76.79476355212006, 19.239501970507014 ], [ 76.794747084168932, 19.239501970507014 ], [ 76.794747084168932, 19.239564163320718 ], [ 76.794730616217805, 19.239543432385439 ], [ 76.794708658949645, 19.239548615119496 ], [ 76.794708658949645, 19.239564163320715 ], [ 76.794692190998518, 19.239569346054122 ], [ 76.794692190998518, 19.239579711520467 ], [ 76.794560447389571, 19.239574528787379 ], [ 76.79454397943843, 19.239584894253383 ], [ 76.794549468755491, 19.239595259718733 ], [ 76.794604361925892, 19.23959525971873 ], [ 76.79460985124291, 19.239605625183433 ], [ 76.794587893974764, 19.239610807915533 ], [ 76.794587893974764, 19.239626356110858 ], [ 76.794604361925892, 19.239626356110861 ], [ 76.794615340559972, 19.239610807915529 ], [ 76.794620829877005, 19.239636721573593 ], [ 76.79460985124291, 19.239647087035671 ], [ 76.794587893974764, 19.239647087035667 ], [ 76.794582404657731, 19.239631538842307 ], [ 76.794571426023651, 19.23963153884231 ], [ 76.794538490121397, 19.239647087035667 ], [ 76.794423214463549, 19.239647087035667 ], [ 76.794395767878356, 19.239662635227557 ], [ 76.794395767878356, 19.239673000688001 ], [ 76.794362831976116, 19.239678183417979 ], [ 76.794357342659069, 19.239652269766466 ], [ 76.794329896073876, 19.239647087035671 ], [ 76.794324406756814, 19.239683366147791 ], [ 76.794368321293149, 19.239688548877439 ], [ 76.794368321293149, 19.239730010708733 ], [ 76.794357342659069, 19.239735193436914 ], [ 76.794357342659069, 19.239750741620451 ], [ 76.794362831976116, 19.239766289802532 ], [ 76.794379299927229, 19.239761107075335 ], [ 76.794412235829469, 19.239792203436046 ], [ 76.794412235829469, 19.23980775161419 ], [ 76.794395767878356, 19.23980775161419 ], [ 76.794395767878356, 19.239818117065475 ], [ 76.794428703780596, 19.239833665241164 ], [ 76.794423214463549, 19.239859578864042 ] ] ] } },
{ "type": "Feature", "properties": { "pid": 51, "sam_refined": true, "sam_score": 0.92929857969284058, "tree_frac": 0.0, "built_frac": 0.0, "area_ha": 0.448 }, "geometry": { "type": "Polygon", "coordinates": [ [ [ 76.793555902371196, 19.238216647082218 ], [ 76.793621774175676, 19.238211464306097 ], [ 76.793627263492709, 19.238201098753379 ], [ 76.793654710077917, 19.238195915976771 ], [ 76.793660199394949, 19.238175184868716 ], [ 76.793709603248317, 19.238164819313706 ], [ 76.793748028467604, 19.238118174308052 ], [ 76.793797432320957, 19.238102625969891 ], [ 76.793813900272085, 19.238081894850055 ], [ 76.793846836174325, 19.238071529289144 ], [ 76.793846836174325, 19.238014518692495 ], [ 76.793824878906165, 19.23799897034452 ], [ 76.793769985735764, 19.237988604778387 ], [ 76.793769985735764, 19.237936776937882 ], [ 76.793797432320957, 19.237895314653702 ], [ 76.793830368223212, 19.237900497439799 ], [ 76.793874282759518, 19.23785903514645 ], [ 76.793874282759518, 19.237807207265057 ], [ 76.793824878906165, 19.237708734245313 ], [ 76.793819389589132, 19.237630992345917 ], [ 76.79378096436983, 19.237625809551307 ], [ 76.793731560516477, 19.237589529984501 ], [ 76.793731560516477, 19.23753251922048 ], [ 76.793753517784651, 19.237516970826864 ], [ 76.793753517784651, 19.237496239633067 ], [ 76.793769985735764, 19.237485874035197 ], [ 76.793769985735764, 19.23745996003764 ], [ 76.793731560516477, 19.237408132030257 ], [ 76.793720581882397, 19.237397766426827 ], [ 76.793632752809756, 19.23739776642682 ], [ 76.793583348956389, 19.237371852415365 ], [ 76.793566881005276, 19.237345938399809 ], [ 76.793468073298541, 19.237340755596215 ], [ 76.793413180128155, 19.237309658771171 ], [ 76.793358286957741, 19.237330389988518 ], [ 76.793352797640694, 19.237345938399809 ], [ 76.79331437242142, 19.237371852415365 ], [ 76.793199096763558, 19.237397766426824 ], [ 76.793166160861318, 19.237439228836653 ], [ 76.793160671544285, 19.237496239633071 ], [ 76.793188118129478, 19.237548067612636 ], [ 76.793210075397653, 19.237563616003317 ], [ 76.793210075397653, 19.237579164392525 ], [ 76.793232032665799, 19.237620626756545 ], [ 76.793248500616926, 19.23763099234591 ], [ 76.793297904470293, 19.237734648203606 ], [ 76.793325351055501, 19.237755379367293 ], [ 76.793325351055501, 19.237770927738339 ], [ 76.793347308323661, 19.237781293318218 ], [ 76.793358286957741, 19.237833121207807 ], [ 76.793380244225901, 19.237864217933701 ], [ 76.793385733542934, 19.237916045797103 ], [ 76.793418669445174, 19.23792122858254 ], [ 76.793429648079254, 19.237941959722669 ], [ 76.793424158762221, 19.237967873644145 ], [ 76.793435137396301, 19.237973056427951 ], [ 76.793435137396301, 19.238004153127346 ], [ 76.793457094664461, 19.238024884256998 ], [ 76.793440626713334, 19.238076712069685 ], [ 76.793468073298541, 19.238097443190174 ], [ 76.793490030566716, 19.238087077630258 ], [ 76.793511987834876, 19.238102625969891 ], [ 76.793511987834876, 19.238170002091291 ], [ 76.793555902371196, 19.238216647082218 ] ] ] } },
{ "type": "Feature", "properties": { "pid": 52, "sam_refined": true, "sam_score": 0.58545428514480591, "tree_frac": 0.0, "built_frac": 0.0, "area_ha": 0.182 }, "geometry": { "type": "Polygon", "coordinates": [ [ [ 76.793232032665799, 19.239185823339735 ], [ 76.793248500616926, 19.239159909610503 ], [ 76.793248500616926, 19.23909771664367 ], [ 76.793210075397653, 19.239087351146896 ], [ 76.793204586080606, 19.239071802900522 ], [ 76.793232032665799, 19.239066620151398 ], [ 76.793270457885086, 19.239066620151394 ], [ 76.793270457885086, 19.239082168398269 ], [ 76.79329241515326, 19.239097716643666 ], [ 76.79329241515326, 19.239118447635231 ], [ 76.793330840372519, 19.239149544117666 ], [ 76.793336329689566, 19.239180640594224 ], [ 76.793380244225901, 19.239180640594224 ], [ 76.793402201494061, 19.239170275102691 ], [ 76.793407690811094, 19.239154726864172 ], [ 76.793435137396301, 19.239170275102691 ], [ 76.793435137396301, 19.239061437402121 ], [ 76.793479051932636, 19.239014792651218 ], [ 76.793479051932636, 19.238983696143247 ], [ 76.793506498517814, 19.238962965134665 ], [ 76.793484541249668, 19.238890406584005 ], [ 76.793402201494061, 19.238807482486852 ], [ 76.793396712177014, 19.238745289386493 ], [ 76.793380244225901, 19.238729741107729 ], [ 76.793352797640694, 19.238729741107729 ], [ 76.793341819006613, 19.23871419282748 ], [ 76.793308883104373, 19.238714192827487 ], [ 76.793275947202133, 19.238740106627066 ], [ 76.79322654334878, 19.238724558347808 ], [ 76.793204586080606, 19.23879711697176 ], [ 76.793193607446526, 19.238791934213971 ], [ 76.793182628812446, 19.238750472145764 ], [ 76.793166160861318, 19.238740106627063 ], [ 76.793067353154612, 19.238750472145757 ], [ 76.793094799739805, 19.238755654904857 ], [ 76.793072842471645, 19.238776385939619 ], [ 76.793072842471645, 19.238812665244147 ], [ 76.793034417252372, 19.23884894454066 ], [ 76.793006970667165, 19.238848944540663 ], [ 76.793001481350117, 19.238864492808148 ], [ 76.793023438618292, 19.238952599629393 ], [ 76.793056374520532, 19.238988878894986 ], [ 76.793061863837551, 19.239025158152561 ], [ 76.793078331788692, 19.23903552365325 ], [ 76.793083821105725, 19.239056254652677 ], [ 76.793138714276125, 19.239082168398266 ], [ 76.793138714276125, 19.239108082139776 ], [ 76.793155182227238, 19.239133995877186 ], [ 76.793232032665799, 19.239185823339735 ] ] ] } },
{ "type": "Feature", "properties": { "pid": 53, "sam_refined": true, "sam_score": 0.31582123041152954, "tree_frac": 0.0, "built_frac": 0.0, "area_ha": 0.151 }, "geometry": { "type": "Polygon", "coordinates": [ [ [ 76.793577859639356, 19.239465691354813 ], [ 76.793594327590455, 19.239455325881277 ], [ 76.793583348956389, 19.239424229456759 ], [ 76.793610795541596, 19.239336122888627 ], [ 76.793682156663124, 19.23931020918312 ], [ 76.793687645980171, 19.23932575740692 ], [ 76.79370411393127, 19.23931020918312 ], [ 76.793731560516477, 19.23931020918312 ], [ 76.793709603248317, 19.239305026441528 ], [ 76.793720581882397, 19.239284295473521 ], [ 76.793698624614251, 19.239263564502902 ], [ 76.793643731443836, 19.239149544117677 ], [ 76.793627263492709, 19.239139178624171 ], [ 76.793605306224549, 19.239092533895356 ], [ 76.793506498517814, 19.238962965134665 ], [ 76.793479051932636, 19.238983696143247 ], [ 76.793479051932636, 19.239014792651218 ], [ 76.793435137396301, 19.239061437402121 ], [ 76.793435137396301, 19.239170275102691 ], [ 76.793407690811094, 19.239154726864172 ], [ 76.793402201494061, 19.239170275102691 ], [ 76.793380244225901, 19.239180640594224 ], [ 76.793336329689566, 19.239180640594224 ], [ 76.793308883104373, 19.239144361371004 ], [ 76.793308883104373, 19.239123630382714 ], [ 76.79329241515326, 19.239118447635231 ], [ 76.793286925836213, 19.239087351146896 ], [ 76.793270457885086, 19.239082168398269 ], [ 76.793270457885086, 19.239066620151394 ], [ 76.793204586080606, 19.239071802900522 ], [ 76.793210075397653, 19.239087351146896 ], [ 76.793248500616926, 19.23909771664367 ], [ 76.793248500616926, 19.239159909610503 ], [ 76.79323752198286, 19.239185823339739 ], [ 76.793155182227238, 19.239133995877186 ], [ 76.793138714276125, 19.239108082139776 ], [ 76.793138714276125, 19.239082168398266 ], [ 76.793122246324998, 19.239071802900522 ], [ 76.793094799739805, 19.239076985649483 ], [ 76.793089310422758, 19.239108082139772 ], [ 76.793072842471645, 19.239097716643666 ], [ 76.793056374520532, 19.239102899391806 ], [ 76.793056374520532, 19.239144361371004 ], [ 76.793083821105725, 19.239154726864175 ], [ 76.793105778373885, 19.239144361371004 ], [ 76.793155182227238, 19.239149544117666 ], [ 76.793127735642045, 19.239201371575319 ], [ 76.793144203593158, 19.239222102553789 ], [ 76.793221054031733, 19.239211737064881 ], [ 76.793253989933959, 19.239222102553789 ], [ 76.793286925836213, 19.239237650785935 ], [ 76.79328143651918, 19.239263564502899 ], [ 76.793297904470293, 19.239294660957853 ], [ 76.79331437242142, 19.239279112731111 ], [ 76.793325351055501, 19.239289478215767 ], [ 76.793358286957741, 19.239289478215767 ], [ 76.793358286957741, 19.239305026441521 ], [ 76.793336329689566, 19.239299843699772 ], [ 76.793308883104373, 19.239315391924549 ], [ 76.793259479251006, 19.239315391924549 ], [ 76.793264968568039, 19.239341305629235 ], [ 76.79329241515326, 19.23935685385009 ], [ 76.793308883104373, 19.239387950287373 ], [ 76.793330840372519, 19.239398315765158 ], [ 76.793358286957741, 19.239434594932252 ], [ 76.793380244225901, 19.239434594932252 ], [ 76.793374754908854, 19.239382767548236 ], [ 76.793385733542934, 19.239362036590048 ], [ 76.793407690811094, 19.239362036590045 ], [ 76.793418669445174, 19.239398315765154 ], [ 76.793435137396301, 19.239403498503801 ], [ 76.793451605347414, 19.239393133026351 ], [ 76.793457094664461, 19.239372402069471 ], [ 76.793484541249668, 19.239367219329843 ], [ 76.793479051932636, 19.239320574665815 ], [ 76.793490030566716, 19.239315391924549 ], [ 76.793495519883749, 19.239356853850087 ], [ 76.793511987834876, 19.239362036590045 ], [ 76.793511987834876, 19.239377584808938 ], [ 76.793544923737116, 19.239408681242296 ], [ 76.793577859639356, 19.239465691354813 ] ] ] } },
{ "type": "Feature", "properties": { "pid": 54, "sam_refined": true, "sam_score": 0.5714227557182312, "tree_frac": 0.0, "built_frac": 0.0, "area_ha": 0.059 }, "geometry": { "type": "Polygon", "coordinates": [ [ [ 76.79367117802903, 19.23959525971873 ], [ 76.793742539150557, 19.239564163320718 ], [ 76.793764496418731, 19.239538249651197 ], [ 76.79379194300391, 19.239538249651204 ], [ 76.793852325491358, 19.239501970507018 ], [ 76.793835857540245, 19.239450143144268 ], [ 76.793808410955037, 19.239424229456755 ], [ 76.793759007101684, 19.239341305629239 ], [ 76.79373704983351, 19.239315391924549 ], [ 76.79371509256535, 19.23931020918312 ], [ 76.79369313529719, 19.23932575740692 ], [ 76.793682156663124, 19.23931020918312 ], [ 76.793610795541596, 19.239336122888627 ], [ 76.793583348956389, 19.239424229456759 ], [ 76.793594327590455, 19.239455325881277 ], [ 76.793572370322309, 19.239470874091328 ], [ 76.793632752809756, 19.239564163320711 ], [ 76.79367117802903, 19.239584894253383 ], [ 76.79367117802903, 19.23959525971873 ] ] ] } },
{ "type": "Feature", "properties": { "pid": 56, "sam_refined": true, "sam_score": 0.73764121532440186, "tree_frac": 0.0, "built_frac": 0.0, "area_ha": 0.098 }, "geometry": { "type": "Polygon", "coordinates": [ [ [ 76.791684045260439, 19.239491605035781 ], [ 76.791722470479726, 19.239507153242396 ], [ 76.791760895699014, 19.239470874091332 ], [ 76.791815788869414, 19.239465691354816 ], [ 76.791832256820541, 19.239444960407102 ], [ 76.791876171356876, 19.239450143144271 ], [ 76.791958511112469, 19.239424229456759 ], [ 76.791958511112469, 19.239398315765161 ], [ 76.791996936331742, 19.239382767548229 ], [ 76.791964000429516, 19.239367219329832 ], [ 76.791958511112469, 19.239341305629239 ], [ 76.791947532478389, 19.239336122888627 ], [ 76.791974979063582, 19.23931020918312 ], [ 76.791985957697662, 19.239279112731108 ], [ 76.791969489746535, 19.239268747245799 ], [ 76.791964000429516, 19.239248016273208 ], [ 76.791925575210215, 19.239242833529659 ], [ 76.791909107259102, 19.239258381759829 ], [ 76.791848724771654, 19.239258381759832 ], [ 76.791760895699014, 19.239310209183124 ], [ 76.791738938430854, 19.239310209183127 ], [ 76.791695023894519, 19.239258381759832 ], [ 76.791662087992279, 19.239242833529655 ], [ 76.791618173455959, 19.239242833529655 ], [ 76.791596216187799, 19.239258381759829 ], [ 76.791563280285558, 19.239248016273216 ], [ 76.791535833700365, 19.239263564502902 ], [ 76.791535833700365, 19.239496787771483 ], [ 76.791546812334445, 19.239496787771479 ], [ 76.791557790968525, 19.239439777669762 ], [ 76.791574258919638, 19.239439777669759 ], [ 76.791579748236686, 19.239450143144271 ], [ 76.791645620041166, 19.239450143144271 ], [ 76.791662087992279, 19.239439777669762 ], [ 76.791684045260439, 19.239491605035781 ] ] ] } },
{ "type": "Feature", "properties": { "pid": 57, "sam_refined": true, "sam_score": 0.97972488403320312, "tree_frac": 0.0, "built_frac": 0.0, "area_ha": 2.018 }, "geometry": { "type": "Polygon", "coordinates": [ [ [ 76.7949062743631, 19.239476056827691 ], [ 76.794950188899421, 19.239476056827694 ], [ 76.794999592752774, 19.23946050861813 ], [ 76.795065464557254, 19.239413863980619 ], [ 76.795103889776556, 19.239408681242296 ], [ 76.795208186800309, 19.239367219329843 ], [ 76.795252101336629, 19.23932575740691 ], [ 76.795290526555931, 19.239315391924549 ], [ 76.795306994507044, 19.239299843699772 ], [ 76.795323462458171, 19.239299843699769 ], [ 76.79533993040927, 19.239279112731108 ], [ 76.795460695384165, 19.239227285298011 ], [ 76.795499120603438, 19.239191006085093 ], [ 76.7955595030909, 19.239159909610507 ], [ 76.79573516123618, 19.239082168398269 ], [ 76.795833968942915, 19.239014792651211 ], [ 76.795828479625868, 19.238962965134665 ], [ 76.795795543723614, 19.238895589338696 ], [ 76.795768097138435, 19.238864492808144 ], [ 76.795762607821388, 19.238833396271716 ], [ 76.795746139870261, 19.238812665244151 ], [ 76.79570222533394, 19.238812665244144 ], [ 76.79568026806578, 19.23879711697176 ], [ 76.7956692894317, 19.238776385939612 ], [ 76.795663800114653, 19.238677913501185 ], [ 76.795641842846493, 19.238636451404176 ], [ 76.795614396261286, 19.238620903115095 ], [ 76.79557048172498, 19.238506882283531 ], [ 76.795532056505678, 19.238491333982179 ], [ 76.795499120603438, 19.238444689069294 ], [ 76.795471674018245, 19.238387678602219 ], [ 76.795466184701198, 19.238346216431914 ], [ 76.795449716750085, 19.238335850887708 ], [ 76.795411291530797, 19.238252926510444 ], [ 76.795394823579684, 19.238237378185037 ], [ 76.79532895177519, 19.238221829858166 ], [ 76.795312483824091, 19.238201098753379 ], [ 76.795306994507044, 19.23813372264474 ], [ 76.79527405860479, 19.238092260410294 ], [ 76.795279547921837, 19.238030067039006 ], [ 76.795235633385531, 19.238004153127342 ], [ 76.795208186800309, 19.237947142507295 ], [ 76.795164272263989, 19.23791604579711 ], [ 76.795164272263989, 19.237884949081018 ], [ 76.795175250898069, 19.237879766294437 ], [ 76.795169761581036, 19.23785903514646 ], [ 76.794933720948293, 19.237869400720772 ], [ 76.794933720948293, 19.237713917037301 ], [ 76.794966656850534, 19.237682820282938 ], [ 76.794988614118694, 19.237677637489973 ], [ 76.795005082069821, 19.237693185868388 ], [ 76.795048996606155, 19.237698368660858 ], [ 76.795059975240221, 19.237713917037301 ], [ 76.795087421825428, 19.237713917037297 ], [ 76.795070953874301, 19.23767763748998 ], [ 76.795032528655028, 19.237636175140352 ], [ 76.795016060703901, 19.237568798799884 ], [ 76.794966656850534, 19.23751697082686 ], [ 76.79492823163126, 19.237516970826864 ], [ 76.794856870509733, 19.237548067612636 ], [ 76.794769041437078, 19.237615443961616 ], [ 76.794626319194037, 19.237677637489977 ], [ 76.79454397943843, 19.23774501378578 ], [ 76.794500064902124, 19.237802024476014 ], [ 76.794434193097629, 19.237838303995854 ], [ 76.794362831976116, 19.2378331212078 ], [ 76.794291470854589, 19.237890131867445 ], [ 76.794126791343373, 19.237978239211596 ], [ 76.794104834075213, 19.238004153127349 ], [ 76.79411032339226, 19.238045615384038 ], [ 76.794159727245614, 19.238128539866008 ], [ 76.794176195196741, 19.238138905423305 ], [ 76.794253045635301, 19.238309937024308 ], [ 76.794296960171636, 19.238351399203772 ], [ 76.794324406756814, 19.238423957992659 ], [ 76.794368321293149, 19.238470602911423 ], [ 76.794373810610196, 19.238527613349703 ], [ 76.794434193097629, 19.238636451404172 ], [ 76.794489086268044, 19.238709010067076 ], [ 76.794549468755491, 19.238843761784509 ], [ 76.794571426023651, 19.238880041074154 ], [ 76.794626319194037, 19.238931868616881 ], [ 76.794670233730358, 19.239051071903067 ], [ 76.794769041437078, 19.239201371575316 ], [ 76.794790998705238, 19.239284295473521 ], [ 76.79481844529046, 19.239294660957849 ], [ 76.794834913241573, 19.239315391924549 ], [ 76.794856870509733, 19.239429412194593 ], [ 76.7949062743631, 19.239476056827691 ] ] ] } },
{ "type": "Feature", "properties": { "pid": 66, "sam_refined": false, "sam_score": 0.85585445165634155, "tree_frac": 0.0, "built_frac": 0.0, "area_ha": 0.095 }, "geometry": { "type": "Polygon", "coordinates": [ [ [ 76.793506498517814, 19.239615990647472 ], [ 76.793550413054149, 19.239610807915529 ], [ 76.793550413054149, 19.239522701447541 ], [ 76.793572370322309, 19.239470874091328 ], [ 76.793555902371196, 19.239455325881273 ], [ 76.793555902371196, 19.239424229456752 ], [ 76.793495519883749, 19.239356853850087 ], [ 76.793490030566716, 19.239315391924549 ], [ 76.793479051932636, 19.239320574665815 ], [ 76.793484541249668, 19.239367219329843 ], [ 76.793451605347414, 19.239377584808938 ], [ 76.793451605347414, 19.239408681242288 ], [ 76.793418669445174, 19.239403498503805 ], [ 76.793407690811094, 19.239362036590045 ], [ 76.793380244225901, 19.239367219329839 ], [ 76.793380244225901, 19.239439777669759 ], [ 76.793363776274774, 19.239439777669755 ], [ 76.793319861738439, 19.239387950287369 ], [ 76.793297904470293, 19.239382767548236 ], [ 76.79329241515326, 19.239362036590048 ], [ 76.793253989933959, 19.239351671109969 ], [ 76.793253989933959, 19.239336122888623 ], [ 76.793221054031733, 19.239336122888623 ], [ 76.793232032665799, 19.239346488369684 ], [ 76.79322654334878, 19.239372402069467 ], [ 76.793204586080606, 19.239362036590048 ], [ 76.793182628812446, 19.239315391924549 ], [ 76.793171650178365, 19.239320574665815 ], [ 76.793160671544285, 19.23931020918312 ], [ 76.793155182227238, 19.239253199016602 ], [ 76.793138714276125, 19.239237650785935 ], [ 76.793116757007965, 19.239253199016598 ], [ 76.793127735642045, 19.239258381759836 ], [ 76.793133224959078, 19.23931020918312 ], [ 76.793100289056838, 19.239310209183124 ], [ 76.793078331788692, 19.239263564502895 ], [ 76.793028927935325, 19.239263564502899 ], [ 76.793056374520532, 19.239273929988531 ], [ 76.793056374520532, 19.23928947821577 ], [ 76.793034417252372, 19.23931020918312 ], [ 76.793001481350117, 19.239305026441528 ], [ 76.792990502716037, 19.239258381759832 ], [ 76.79287522705819, 19.239263564502895 ], [ 76.792880716375251, 19.239273929988538 ], [ 76.792869737741157, 19.239273929988531 ], [ 76.792869737741157, 19.239289478215767 ], [ 76.792913652277477, 19.239279112731111 ], [ 76.792913652277477, 19.239299843699772 ], [ 76.79293012022859, 19.23931020918312 ], [ 76.792924630911557, 19.239367219329846 ], [ 76.792946588179731, 19.239387950287377 ], [ 76.792941098862684, 19.239419046718766 ], [ 76.792957566813811, 19.239424229456755 ], [ 76.792952077496764, 19.239439777669762 ], [ 76.792979524081957, 19.239439777669759 ], [ 76.79298501339899, 19.239413863980612 ], [ 76.793001481350117, 19.239413863980612 ], [ 76.793001481350117, 19.239429412194589 ], [ 76.793034417252372, 19.239439777669762 ], [ 76.793039906569405, 19.239465691354813 ], [ 76.793056374520532, 19.239465691354816 ], [ 76.793061863837551, 19.239434594932256 ], [ 76.793072842471645, 19.239429412194589 ], [ 76.793111267690918, 19.239434594932256 ], [ 76.793160671544285, 19.239408681242285 ], [ 76.793221054031733, 19.239408681242292 ], [ 76.793270457885086, 19.239387950287377 ], [ 76.793325351055501, 19.239455325881273 ], [ 76.793330840372519, 19.239512335977604 ], [ 76.793319861738439, 19.239522701447537 ], [ 76.793363776274774, 19.239522701447541 ], [ 76.793374754908854, 19.239533066916813 ], [ 76.793391222859981, 19.239501970507021 ], [ 76.793429648079254, 19.239491605035781 ], [ 76.793435137396301, 19.239481239563883 ], [ 76.793457094664461, 19.239486422299915 ], [ 76.793446116030381, 19.239527884182255 ], [ 76.793457094664461, 19.239564163320718 ], [ 76.793473562615574, 19.239584894253383 ], [ 76.793495519883749, 19.239590076986143 ], [ 76.793506498517814, 19.239615990647472 ] ] ] } },
{ "type": "Feature", "properties": { "pid": 67, "sam_refined": true, "sam_score": 0.91707146167755127, "tree_frac": 0.0, "built_frac": 0.0, "area_ha": 0.079 }, "geometry": { "type": "Polygon", "coordinates": [ [ [ 76.79371509256535, 19.238973330639286 ], [ 76.79373704983351, 19.238962965134668 ], [ 76.793731560516477, 19.238931868616881 ], [ 76.79379194300391, 19.238931868616884 ], [ 76.793786453686891, 19.23890077209321 ], [ 76.793824878906165, 19.238874858318979 ], [ 76.793835857540245, 19.238823030758255 ], [ 76.793819389589132, 19.238786751456015 ], [ 76.79380292163799, 19.238781568697902 ], [ 76.793808410955037, 19.238771203181177 ], [ 76.793786453686891, 19.23875047214576 ], [ 76.793775475052811, 19.238714192827487 ], [ 76.793759007101684, 19.238703827306498 ], [ 76.793742539150557, 19.238651999691783 ], [ 76.79371509256535, 19.238626085878288 ], [ 76.793709603248317, 19.238605354824546 ], [ 76.793676667346077, 19.238589806532527 ], [ 76.793632752809756, 19.23860017206071 ], [ 76.793605306224549, 19.238631268641313 ], [ 76.793561391688229, 19.238636451404176 ], [ 76.793517477151894, 19.23866236521603 ], [ 76.793506498517814, 19.238683096262573 ], [ 76.793544923737116, 19.238719375587721 ], [ 76.793583348956389, 19.238802299729386 ], [ 76.793599816907516, 19.238812665244147 ], [ 76.793660199394949, 19.238921503109648 ], [ 76.79369313529719, 19.238962965134672 ], [ 76.79371509256535, 19.238973330639286 ] ] ] } },
{ "type": "Feature", "properties": { "pid": 68, "sam_refined": true, "sam_score": 0.69328415393829346, "tree_frac": 0.0, "built_frac": 0.0, "area_ha": 0.054 }, "geometry": { "type": "Polygon", "coordinates": [ [ [ 76.793885261393598, 19.239248016273208 ], [ 76.793945643881045, 19.239248016273212 ], [ 76.793984069100318, 19.239216919809419 ], [ 76.793984069100318, 19.239159909610503 ], [ 76.793973090466238, 19.239139178624171 ], [ 76.79395662251514, 19.239123630382718 ], [ 76.793907218661758, 19.239123630382714 ], [ 76.793879772076565, 19.239097716643673 ], [ 76.793901729344725, 19.239061437402118 ], [ 76.793929175929918, 19.239071802900526 ], [ 76.793962111832158, 19.239066620151398 ], [ 76.793912707978805, 19.238962965134672 ], [ 76.793885261393598, 19.238952599629396 ], [ 76.793868793442485, 19.238968147887061 ], [ 76.793885261393598, 19.23898887889499 ], [ 76.793857814808405, 19.238999244397966 ], [ 76.793830368223212, 19.238994061646558 ], [ 76.793841346857292, 19.238968147887061 ], [ 76.793830368223212, 19.238962965134668 ], [ 76.793753517784651, 19.238962965134665 ], [ 76.793753517784651, 19.238973330639283 ], [ 76.79369313529719, 19.238978513391345 ], [ 76.79371509256535, 19.239004427149219 ], [ 76.793731560516477, 19.239056254652674 ], [ 76.793764496418731, 19.239082168398266 ], [ 76.793786453686891, 19.239133995877189 ], [ 76.793808410955037, 19.239149544117673 ], [ 76.793808410955037, 19.239170275102691 ], [ 76.793885261393598, 19.239248016273208 ] ] ] } },
{ "type": "Feature", "properties": { "pid": 72, "sam_refined": true, "sam_score": 0.87124747037887573, "tree_frac": 0.0, "built_frac": 0.0, "area_ha": 0.125 }, "geometry": { "type": "Polygon", "coordinates": [ [ [ 76.791733449113821, 19.239294660957849 ], [ 76.791777363650141, 19.239289478215767 ], [ 76.791898128625022, 19.239227285298011 ], [ 76.791931064527262, 19.239222102553789 ], [ 76.791974979063582, 19.239201371575319 ], [ 76.791991447014695, 19.239180640594221 ], [ 76.791985957697662, 19.239118447635231 ], [ 76.791969489746535, 19.239102899391803 ], [ 76.791969489746535, 19.239082168398266 ], [ 76.791925575210215, 19.238988878894986 ], [ 76.791892639307974, 19.238957782382109 ], [ 76.791892639307974, 19.23890077209321 ], [ 76.791859703405734, 19.238869675563645 ], [ 76.791854214088701, 19.238843761784509 ], [ 76.791837746137574, 19.238828213515067 ], [ 76.791804810235334, 19.23870901006708 ], [ 76.791788342284221, 19.238693461784869 ], [ 76.791749917064934, 19.238693461784869 ], [ 76.791706002528599, 19.238729741107726 ], [ 76.79167855594342, 19.238734923867483 ], [ 76.791695023894519, 19.238812665244147 ], [ 76.791727959796759, 19.23881784800129 ], [ 76.791727959796759, 19.239144361371 ], [ 76.791711491845646, 19.239165092356682 ], [ 76.791722470479726, 19.239196188830284 ], [ 76.791711491845646, 19.239196188830288 ], [ 76.791684045260439, 19.239159909610503 ], [ 76.791673066626373, 19.239159909610503 ], [ 76.791673066626373, 19.239185823339735 ], [ 76.7916895345775, 19.23920655432018 ], [ 76.791695023894519, 19.239242833529659 ], [ 76.791733449113821, 19.239294660957849 ] ] ] } },
{ "type": "Feature", "properties": { "pid": 73, "sam_refined": true, "sam_score": 0.95762521028518677, "tree_frac": 0.0, "built_frac": 0.0, "area_ha": 2.427 }, "geometry": { "type": "Polygon", "coordinates": [ [ [ 76.795899840747396, 19.2390096099003 ], [ 76.795960223234829, 19.238978513391348 ], [ 76.796042562990451, 19.238994061646558 ], [ 76.79614686001419, 19.238988878894986 ], [ 76.79614686001419, 19.239004427149219 ], [ 76.796157838648284, 19.239004427149215 ], [ 76.796168817282364, 19.238983696143247 ], [ 76.796201753184604, 19.238983696143247 ], [ 76.796218221135717, 19.238962965134668 ], [ 76.796240178403878, 19.238957782382109 ], [ 76.796240178403878, 19.238916320355781 ], [ 76.796256646355005, 19.238900772093213 ], [ 76.796262135672038, 19.238843761784505 ], [ 76.796278603623165, 19.23881784800129 ], [ 76.796273114306118, 19.238719375587724 ], [ 76.796284092940198, 19.238709010067073 ], [ 76.796278603623165, 19.238688279023801 ], [ 76.796267624989085, 19.238688279023801 ], [ 76.796245667720925, 19.238657182453988 ], [ 76.796273114306118, 19.23860017206071 ], [ 76.796267624989085, 19.238548344413264 ], [ 76.796278603623165, 19.238527613349707 ], [ 76.796267624989085, 19.238496516749457 ], [ 76.796267624989085, 19.238429140762062 ], [ 76.796256646355005, 19.238418775223085 ], [ 76.796256646355005, 19.238392861372777 ], [ 76.796273114306118, 19.238382495831505 ], [ 76.796273114306118, 19.238366947518379 ], [ 76.796256646355005, 19.238346216431921 ], [ 76.796267624989085, 19.238097443190178 ], [ 76.796256646355005, 19.238087077630258 ], [ 76.796256646355005, 19.238040432602521 ], [ 76.796251157037958, 19.238024884256994 ], [ 76.796234689086845, 19.238024884256994 ], [ 76.796207242501637, 19.237993787561535 ], [ 76.796207242501637, 19.237967873644141 ], [ 76.796190774550524, 19.237957508076047 ], [ 76.796174306599397, 19.237900497439799 ], [ 76.79614686001419, 19.237895314653699 ], [ 76.796141370697171, 19.237869400720772 ], [ 76.796130392063091, 19.237864217933701 ], [ 76.796135881380124, 19.237822755631193 ], [ 76.796113924111964, 19.237765744948153 ], [ 76.796113924111964, 19.237734648203606 ], [ 76.796097456160851, 19.237734648203606 ], [ 76.796102945477884, 19.237765744948156 ], [ 76.796091966843804, 19.237765744948153 ], [ 76.796091966843804, 19.237729465412272 ], [ 76.796075498892677, 19.237682820282945 ], [ 76.796059030941549, 19.237667271903547 ], [ 76.796064520258597, 19.237636175140352 ], [ 76.796048052307469, 19.23761026116652 ], [ 76.796031584356371, 19.23760507837126 ], [ 76.796031584356371, 19.237568798799888 ], [ 76.796020605722276, 19.237568798799881 ], [ 76.796015116405229, 19.237548067612632 ], [ 76.795993159137069, 19.237548067612639 ], [ 76.795982180502989, 19.237532519220483 ], [ 76.795987669820036, 19.237496239633074 ], [ 76.795971201868909, 19.237480691236016 ], [ 76.795976691185956, 19.237454777237641 ], [ 76.795949244600749, 19.237439228836656 ], [ 76.795938265966669, 19.237402949228628 ], [ 76.795927287332589, 19.23739776642682 ], [ 76.795960223234829, 19.237356304006521 ], [ 76.795960223234829, 19.237325207184426 ], [ 76.795932776649636, 19.237325207184433 ], [ 76.795905330064429, 19.237309658771171 ], [ 76.795888862113316, 19.237278561940251 ], [ 76.795888862113316, 19.237247465103419 ], [ 76.795927287332589, 19.237226733875602 ], [ 76.795927287332589, 19.237206002645166 ], [ 76.795866904845155, 19.237174905794607 ], [ 76.795790054406581, 19.237034969894193 ], [ 76.795795543723614, 19.236998690196835 ], [ 76.795812011674741, 19.236998690196838 ], [ 76.795822990308835, 19.236977958937604 ], [ 76.795801033040661, 19.236952044859891 ], [ 76.795773586455454, 19.236941679227652 ], [ 76.795784565089534, 19.236895033874511 ], [ 76.795707714650973, 19.236843205688807 ], [ 76.795718693285053, 19.236822474409934 ], [ 76.795740650553213, 19.236827657229902 ], [ 76.795779075772515, 19.236806925949079 ], [ 76.795773586455454, 19.236781011844361 ], [ 76.795751629187293, 19.236765463379573 ], [ 76.795740650553213, 19.236713635152967 ], [ 76.795718693285053, 19.236677355384611 ], [ 76.795685757382813, 19.236661806909996 ], [ 76.795663800114653, 19.236666989735028 ], [ 76.795663800114653, 19.236620344303848 ], [ 76.79563635352946, 19.236620344303848 ], [ 76.795630864212413, 19.236594430169699 ], [ 76.795614396261286, 19.236599612996855 ], [ 76.795575971042012, 19.236573698859424 ], [ 76.79559243899314, 19.236547784717896 ], [ 76.795597928310158, 19.236506322082953 ], [ 76.7955595030909, 19.236449310942806 ], [ 76.795564992407932, 19.236418213948937 ], [ 76.795548524456805, 19.236402665449781 ], [ 76.795515588554565, 19.236397482616415 ], [ 76.795477163335278, 19.236340471438471 ], [ 76.795477163335278, 19.236309374423985 ], [ 76.795504609920499, 19.236299008751182 ], [ 76.795504609920499, 19.236252363215463 ], [ 76.795488141969372, 19.236236814700607 ], [ 76.795488141969372, 19.23621090050592 ], [ 76.795471674018245, 19.236190169147221 ], [ 76.795411291530797, 19.236190169147225 ], [ 76.795411291530797, 19.236200534826896 ], [ 76.795389334262651, 19.236200534826896 ], [ 76.795389334262651, 19.236190169147218 ], [ 76.795356398360411, 19.236190169147221 ], [ 76.795356398360411, 19.236200534826899 ], [ 76.79532895177519, 19.23621608334518 ], [ 76.795279547921837, 19.236210900505924 ], [ 76.795263079970709, 19.236221266184284 ], [ 76.795197208166229, 19.236226449023228 ], [ 76.795186229532149, 19.236236814700614 ], [ 76.795186229532149, 19.236278277403606 ], [ 76.795125847044716, 19.236299008751178 ], [ 76.795114868410636, 19.236314557260147 ], [ 76.795087421825428, 19.236319740096135 ], [ 76.795076443191334, 19.23633528860314 ], [ 76.795048996606155, 19.236340471438474 ], [ 76.795021550020948, 19.236361202778198 ], [ 76.794939210265341, 19.236387116949167 ], [ 76.79492823163126, 19.236407848283001 ], [ 76.794900785046053, 19.236413031116044 ], [ 76.79488431709494, 19.236433762446609 ], [ 76.7948513811927, 19.236449310942813 ], [ 76.794823934607493, 19.236490773592152 ], [ 76.794823934607493, 19.236527053401741 ], [ 76.794790998705238, 19.236584064514886 ], [ 76.794747084168932, 19.236594430169696 ], [ 76.794730616217805, 19.236625527130187 ], [ 76.794675723047405, 19.236630709956376 ], [ 76.794565936706604, 19.236666989735031 ], [ 76.79454397943843, 19.236703269505682 ], [ 76.79454397943843, 19.23672400079959 ], [ 76.794554958072524, 19.236760280557643 ], [ 76.79460985124291, 19.236801743128463 ], [ 76.794637297828118, 19.236812108769531 ], [ 76.794692190998518, 19.236806925949075 ], [ 76.794697680315565, 19.236827657229902 ], [ 76.794747084168932, 19.236879485420509 ], [ 76.794752573485979, 19.236905399509688 ], [ 76.794785509388205, 19.236905399509681 ], [ 76.794823934607493, 19.236931313594766 ], [ 76.794845891875653, 19.236915765144207 ], [ 76.794966656850534, 19.236910582327027 ], [ 76.794961167533515, 19.237024604267194 ], [ 76.794933720948293, 19.237050518333451 ], [ 76.794878827777893, 19.237055701146218 ], [ 76.79486235982678, 19.237076432395636 ], [ 76.79481844529046, 19.237076432395632 ], [ 76.794790998705238, 19.237071249583526 ], [ 76.794790998705238, 19.237034969894193 ], [ 76.794780020071158, 19.237029787080765 ], [ 76.794785509388205, 19.237081615207575 ], [ 76.794769041437078, 19.237112712075813 ], [ 76.794780020071158, 19.237159357367112 ], [ 76.79481844529046, 19.237195637028965 ], [ 76.79486235982678, 19.237200819837145 ], [ 76.794889806411973, 19.237231916682806 ], [ 76.79489529572902, 19.237263013522576 ], [ 76.794873338460846, 19.237309658771171 ], [ 76.794878827777893, 19.23733557279246 ], [ 76.794911763680133, 19.237382218020432 ], [ 76.794933720948293, 19.237449594437475 ], [ 76.794961167533515, 19.237480691236012 ], [ 76.795005082069821, 19.237501422431762 ], [ 76.795016060703901, 19.237537702018042 ], [ 76.795103889776556, 19.237548067612632 ], [ 76.795125847044716, 19.237563616003314 ], [ 76.795131336361749, 19.237599895575848 ], [ 76.795136825678796, 19.237579164392521 ], [ 76.795164272263989, 19.237573981596285 ], [ 76.79527405860479, 19.237584347188594 ], [ 76.795279547921837, 19.237682820282942 ], [ 76.795252101336629, 19.237703551453176 ], [ 76.795191718849196, 19.237713917037304 ], [ 76.795186229532149, 19.237703551453173 ], [ 76.795164272263989, 19.237703551453169 ], [ 76.795125847044716, 19.237662089110096 ], [ 76.795087421825428, 19.237662089110096 ], [ 76.795087421825428, 19.237682820282942 ], [ 76.795109379093589, 19.237729465412279 ], [ 76.795131336361749, 19.237750196576613 ], [ 76.795153293629909, 19.237807207265057 ], [ 76.795186229532149, 19.237848669571484 ], [ 76.795191718849196, 19.237874583507686 ], [ 76.795213676117356, 19.237890131867445 ], [ 76.795230144068469, 19.23793677693789 ], [ 76.795263079970709, 19.237967873644145 ], [ 76.795285037238884, 19.238024884256994 ], [ 76.795301505190011, 19.238035249820847 ], [ 76.795317973141124, 19.23801970147483 ], [ 76.795361887677444, 19.238014518692498 ], [ 76.795383844945604, 19.23803524982085 ], [ 76.795394823579684, 19.238066346508447 ], [ 76.795383844945604, 19.238092260410294 ], [ 76.795400312896703, 19.238112991528826 ], [ 76.795427759481925, 19.238123357087115 ], [ 76.795438738116005, 19.238154453758035 ], [ 76.795438738116005, 19.23818036764597 ], [ 76.795411291530797, 19.238211464306097 ], [ 76.795405802213764, 19.238237378185044 ], [ 76.795438738116005, 19.238263292059887 ], [ 76.795438738116005, 19.238278840382833 ], [ 76.795455206067118, 19.238289205930656 ], [ 76.795460695384165, 19.238315119797317 ], [ 76.795515588554565, 19.238387678602226 ], [ 76.795537545822725, 19.238444689069301 ], [ 76.79557048172498, 19.238475785679363 ], [ 76.79558146035906, 19.238506882283527 ], [ 76.795597928310158, 19.238506882283531 ], [ 76.795603417627206, 19.238517247816944 ], [ 76.795652821480573, 19.238465420143321 ], [ 76.795685757382813, 19.238460237375062 ], [ 76.79571320396802, 19.238439506300381 ], [ 76.79573516123618, 19.238439506300377 ], [ 76.795779075772515, 19.238486151214737 ], [ 76.795795543723614, 19.238543161647623 ], [ 76.795762607821388, 19.238584623768187 ], [ 76.795762607821388, 19.238620903115098 ], [ 76.79571320396802, 19.238657182453991 ], [ 76.795696736016893, 19.238698644545767 ], [ 76.795746139870261, 19.23869864454576 ], [ 76.795795543723614, 19.238729741107726 ], [ 76.795795543723614, 19.23875565490486 ], [ 76.795762607821388, 19.238802299729386 ], [ 76.795768097138435, 19.23883857902819 ], [ 76.795812011674741, 19.238890406584002 ], [ 76.795844947576995, 19.238968147887064 ], [ 76.795899840747396, 19.2390096099003 ] ], [ [ 76.796015116405229, 19.238455054606643 ], [ 76.795932776649636, 19.238382495831509 ], [ 76.795888862113316, 19.238377313060624 ], [ 76.795828479625868, 19.23832548534283 ], [ 76.795855926211075, 19.238304754251136 ], [ 76.795855926211075, 19.238159636535951 ], [ 76.795883372796268, 19.238138905423302 ], [ 76.795872394162174, 19.238107808749437 ], [ 76.795894351430348, 19.238087077630261 ], [ 76.795954733917796, 19.238081894850044 ], [ 76.795982180502989, 19.238061163727597 ], [ 76.795982180502989, 19.238045615384046 ], [ 76.796070009575629, 19.238040432602524 ], [ 76.796075498892677, 19.238050798165389 ], [ 76.796091966843804, 19.238050798165393 ], [ 76.796102945477884, 19.238035249820843 ], [ 76.796119413429011, 19.238035249820847 ], [ 76.796124902746044, 19.2380611637276 ], [ 76.796108434794931, 19.238076712069681 ], [ 76.796091966843804, 19.238071529289154 ], [ 76.796086477526757, 19.238128539866004 ], [ 76.796113924111964, 19.238154453758028 ], [ 76.796174306599397, 19.238144088201715 ], [ 76.796201753184604, 19.238190733200007 ], [ 76.796201753184604, 19.238278840382829 ], [ 76.796218221135717, 19.238289205930649 ], [ 76.796229199769797, 19.238330668115353 ], [ 76.796157838648284, 19.238335850887704 ], [ 76.796053541624531, 19.238434323531298 ], [ 76.796015116405229, 19.238455054606643 ] ], [ [ 76.795422270164877, 19.237195637028972 ], [ 76.795416780847845, 19.237185271412113 ], [ 76.795378355628571, 19.237180088603445 ], [ 76.795400312896703, 19.237029787080772 ], [ 76.795515588554565, 19.236926130778073 ], [ 76.795526567188645, 19.236884668238677 ], [ 76.795597928310158, 19.236879485420513 ], [ 76.795597928310158, 19.236915765144207 ], [ 76.795619885578333, 19.236931313594766 ], [ 76.795619885578333, 19.236952044859883 ], [ 76.795603417627206, 19.236962410491465 ], [ 76.795597928310158, 19.236988324567545 ], [ 76.795619885578333, 19.237014238639542 ], [ 76.795614396261286, 19.237045335520534 ], [ 76.795630864212413, 19.237060883958822 ], [ 76.795630864212413, 19.237081615207579 ], [ 76.795597928310158, 19.237081615207583 ], [ 76.795597928310158, 19.237091980830975 ], [ 76.795543035139758, 19.237133443318022 ], [ 76.795537545822725, 19.237159357367112 ], [ 76.795521077871598, 19.2371749057946 ], [ 76.795422270164877, 19.237195637028972 ] ] ] } },
{ "type": "Feature", "properties": { "pid": 78, "sam_refined": true, "sam_score": 0.30331715941429138, "tree_frac": 0.0, "built_frac": 0.0, "area_ha": 0.063 }, "geometry": { "type": "Polygon", "coordinates": [ [ [ 76.795883372796268, 19.238346216431918 ], [ 76.795916308698509, 19.238330668115356 ], [ 76.795921798015556, 19.238346216431918 ], [ 76.795949244600749, 19.238346216431918 ], [ 76.795932776649636, 19.238320302570159 ], [ 76.795954733917796, 19.238309937024304 ], [ 76.795954733917796, 19.238294388704304 ], [ 76.795976691185956, 19.238278840382836 ], [ 76.795982180502989, 19.238258109285248 ], [ 76.795993159137069, 19.238258109285248 ], [ 76.795993159137069, 19.238278840382833 ], [ 76.796009627088196, 19.238294388704304 ], [ 76.796015116405229, 19.238263292059891 ], [ 76.795982180502989, 19.238247743735471 ], [ 76.795971201868909, 19.238227012633953 ], [ 76.795993159137069, 19.238221829858169 ], [ 76.795998648454116, 19.238242560960337 ], [ 76.796009627088196, 19.238242560960341 ], [ 76.796037073673403, 19.238232195409587 ], [ 76.796015116405229, 19.238221829858169 ], [ 76.796020605722276, 19.238211464306097 ], [ 76.796086477526757, 19.238211464306097 ], [ 76.796086477526757, 19.238237378185044 ], [ 76.796124902746044, 19.238247743735467 ], [ 76.796124902746044, 19.23827365760868 ], [ 76.79614686001419, 19.238284023156826 ], [ 76.79614686001419, 19.238304754251143 ], [ 76.796174306599397, 19.238315119797313 ], [ 76.796179795916444, 19.238330668115356 ], [ 76.796229199769797, 19.238330668115353 ], [ 76.796218221135717, 19.238289205930649 ], [ 76.796201753184604, 19.238278840382829 ], [ 76.796201753184604, 19.238190733200007 ], [ 76.796174306599397, 19.238144088201715 ], [ 76.796113924111964, 19.238154453758028 ], [ 76.796091966843804, 19.238138905423305 ], [ 76.796091966843804, 19.238076712069685 ], [ 76.796070009575629, 19.238061163727597 ], [ 76.796048052307469, 19.238076712069688 ], [ 76.796048052307469, 19.238087077630258 ], [ 76.796075498892677, 19.238102625969887 ], [ 76.796059030941549, 19.238123357087115 ], [ 76.796070009575629, 19.238144088201707 ], [ 76.796048052307469, 19.238154453758035 ], [ 76.796037073673403, 19.238154453758035 ], [ 76.796009627088196, 19.238092260410294 ], [ 76.795960223234829, 19.238107808749437 ], [ 76.795943755283716, 19.238087077630261 ], [ 76.795905330064429, 19.238118174308052 ], [ 76.795905330064429, 19.238097443190171 ], [ 76.795888862113316, 19.238092260410298 ], [ 76.795872394162174, 19.238107808749437 ], [ 76.795883372796268, 19.238138905423302 ], [ 76.795866904845155, 19.23814927097996 ], [ 76.795877883479221, 19.238159636535947 ], [ 76.795877883479221, 19.238190733200003 ], [ 76.795855926211075, 19.238190733200007 ], [ 76.795855926211075, 19.238289205930652 ], [ 76.795861415528094, 19.238278840382836 ], [ 76.795877883479221, 19.238278840382833 ], [ 76.795883372796268, 19.238346216431918 ] ] ] } },
{ "type": "Feature", "properties": { "pid": 91, "sam_refined": true, "sam_score": 0.78122472763061523, "tree_frac": 0.0, "built_frac": 0.0, "area_ha": 0.222 }, "geometry": { "type": "Polygon", "coordinates": [ [ [ 76.792298848768965, 19.239408681242292 ], [ 76.792425103060879, 19.239419046718769 ], [ 76.792436081694959, 19.239408681242288 ], [ 76.792469017597213, 19.239419046718766 ], [ 76.792501953499439, 19.239403498503805 ], [ 76.792545868035774, 19.239413863980612 ], [ 76.792595271889141, 19.239382767548236 ], [ 76.792650165059541, 19.239367219329839 ], [ 76.792655654376574, 19.23932575740692 ], [ 76.792644675742494, 19.239315391924549 ], [ 76.792644675742494, 19.239289478215767 ], [ 76.792655654376574, 19.239279112731104 ], [ 76.792655654376574, 19.239253199016598 ], [ 76.792617229157301, 19.239206554320177 ], [ 76.792617229157301, 19.239191006085093 ], [ 76.792578803938014, 19.23915990961051 ], [ 76.792578803938014, 19.239144361371004 ], [ 76.792595271889141, 19.23912881313003 ], [ 76.792584293255061, 19.239128813130023 ], [ 76.792573314620981, 19.239102899391806 ], [ 76.792529400084646, 19.239097716643666 ], [ 76.792540378718741, 19.239076985649483 ], [ 76.792512932133519, 19.239076985649479 ], [ 76.792501953499439, 19.239066620151402 ], [ 76.792430592377926, 19.239092533895356 ], [ 76.792370209890478, 19.2390873511469 ], [ 76.792348252622318, 19.23906143740211 ], [ 76.792326295354144, 19.239056254652674 ], [ 76.792287870134885, 19.239071802900526 ], [ 76.792249444915612, 19.239066620151394 ], [ 76.792139658574797, 19.239113264887582 ], [ 76.792084765404397, 19.239175457848539 ], [ 76.792062808136237, 19.239170275102691 ], [ 76.79206829745327, 19.239144361371004 ], [ 76.792057318819175, 19.239128813130026 ], [ 76.792029872233996, 19.23912881313003 ], [ 76.792051829502157, 19.239144361371007 ], [ 76.792051829502157, 19.239159909610507 ], [ 76.791991447014695, 19.239222102553793 ], [ 76.791991447014695, 19.239263564502899 ], [ 76.791974979063582, 19.23931020918312 ], [ 76.791947532478389, 19.239330940147855 ], [ 76.791964000429516, 19.239367219329832 ], [ 76.792040850868077, 19.239393133026347 ], [ 76.792183573111117, 19.239387950287369 ], [ 76.792249444915612, 19.239403498503805 ], [ 76.792293359451932, 19.239398315765161 ], [ 76.792298848768965, 19.239408681242292 ] ] ] } },
{ "type": "Feature", "properties": { "pid": 99, "sam_refined": true, "sam_score": 0.55138546228408813, "tree_frac": 0.0, "built_frac": 0.0, "area_ha": 0.112 }, "geometry": { "type": "Polygon", "coordinates": [ [ [ 76.792737994132182, 19.238885223829158 ], [ 76.792787397985535, 19.238885223829161 ], [ 76.792798376619615, 19.238864492808144 ], [ 76.792842291155949, 19.238843761784512 ], [ 76.792842291155949, 19.238828213515067 ], [ 76.79288620569227, 19.238797116971767 ], [ 76.79288620569227, 19.238786751456018 ], [ 76.792924630911557, 19.238786751456015 ], [ 76.792946588179731, 19.23876083766379 ], [ 76.79296305613083, 19.238771203181177 ], [ 76.79297403476491, 19.238823030758255 ], [ 76.79299599203307, 19.238823030758258 ], [ 76.79298501339899, 19.23883857902819 ], [ 76.792990502716037, 19.238854127296651 ], [ 76.793034417252372, 19.23884894454066 ], [ 76.793072842471645, 19.238812665244147 ], [ 76.793072842471645, 19.238776385939619 ], [ 76.793056374520532, 19.23875565490486 ], [ 76.793056374520532, 19.238734923867479 ], [ 76.792990502716037, 19.23866236521603 ], [ 76.792952077496764, 19.238548344413264 ], [ 76.79288620569227, 19.238496516749461 ], [ 76.792825823204836, 19.238475785679359 ], [ 76.792809355253709, 19.238480968447131 ], [ 76.792809355253709, 19.238506882283531 ], [ 76.792787397985535, 19.238517247816947 ], [ 76.792759951400356, 19.23851724781694 ], [ 76.792743483449229, 19.238486151214737 ], [ 76.792743483449229, 19.238501699516579 ], [ 76.792727015498102, 19.238506882283531 ], [ 76.792710547546974, 19.238548344413257 ], [ 76.792705058229942, 19.23863126864131 ], [ 76.792716036864022, 19.238641634166875 ], [ 76.792716036864022, 19.238714192827487 ], [ 76.792727015498102, 19.238734923867476 ], [ 76.792710547546974, 19.23876602042256 ], [ 76.792710547546974, 19.23881784800129 ], [ 76.792737994132182, 19.238885223829158 ] ] ] } },
{ "type": "Feature", "properties": { "pid": 100, "sam_refined": true, "sam_score": 0.89035624265670776, "tree_frac": 0.0, "built_frac": 0.0, "area_ha": 0.111 }, "geometry": { "type": "Polygon", "coordinates": [ [ [ 76.792946588179731, 19.237916045797103 ], [ 76.793056374520532, 19.237869400720776 ], [ 76.793061863837551, 19.237853852359052 ], [ 76.793100289056838, 19.23784348678376 ], [ 76.793160671544285, 19.237796841686812 ], [ 76.793193607446526, 19.237812390053932 ], [ 76.793193607446526, 19.2378331212078 ], [ 76.7932155647147, 19.237848669571488 ], [ 76.793232032665799, 19.237879766294441 ], [ 76.793259479251006, 19.237879766294441 ], [ 76.793297904470293, 19.237848669571488 ], [ 76.793330840372519, 19.237838303995861 ], [ 76.793319861738439, 19.237765744948149 ], [ 76.793264968568039, 19.237724282620775 ], [ 76.793204586080606, 19.23763099234591 ], [ 76.793199096763558, 19.23759989557584 ], [ 76.793210075397653, 19.237579164392525 ], [ 76.793138714276125, 19.237548067612632 ], [ 76.793127735642045, 19.23751697082686 ], [ 76.793094799739805, 19.23753251922048 ], [ 76.793089310422758, 19.237548067612636 ], [ 76.793039906569405, 19.237563616003317 ], [ 76.79291914159451, 19.237641357934631 ], [ 76.79291914159451, 19.237688003075746 ], [ 76.792946588179731, 19.237708734245313 ], [ 76.792935609545637, 19.237724282620775 ], [ 76.792946588179731, 19.237916045797103 ] ] ] } },
{ "type": "Feature", "properties": { "pid": 101, "sam_refined": true, "sam_score": 0.79948246479034424, "tree_frac": 0.0, "built_frac": 0.0, "area_ha": 0.071 }, "geometry": { "type": "Polygon", "coordinates": [ [ [ 76.793204586080606, 19.238195915976778 ], [ 76.793325351055501, 19.238164819313706 ], [ 76.793391222859981, 19.238128539866015 ], [ 76.793418669445174, 19.238102625969894 ], [ 76.793435137396301, 19.238040432602524 ], [ 76.793451605347414, 19.238030067039002 ], [ 76.793435137396301, 19.237993787561528 ], [ 76.793396712177014, 19.237962690860179 ], [ 76.793369265591821, 19.237853852359059 ], [ 76.793336329689566, 19.237827938419581 ], [ 76.793270457885086, 19.23787458350769 ], [ 76.793221054031733, 19.237884949081021 ], [ 76.793232032665799, 19.23791604579711 ], [ 76.793270457885086, 19.237936776937886 ], [ 76.793270457885086, 19.23795750807604 ], [ 76.793155182227238, 19.238035249820847 ], [ 76.793177139495398, 19.23805598094658 ], [ 76.793177139495398, 19.238081894850058 ], [ 76.793199096763558, 19.238097443190171 ], [ 76.793204586080606, 19.238195915976778 ] ] ] } },
{ "type": "Feature", "properties": { "pid": 102, "sam_refined": true, "sam_score": 0.70469188690185547, "tree_frac": 0.0, "built_frac": 0.0, "area_ha": 0.08 }, "geometry": { "type": "Polygon", "coordinates": [ [ [ 76.792683100961796, 19.237900497439806 ], [ 76.792699568912894, 19.23787458350769 ], [ 76.792759951400356, 19.237838303995861 ], [ 76.792809355253709, 19.237833121207807 ], [ 76.792869737741157, 19.237781293318218 ], [ 76.792924630911557, 19.2377553793673 ], [ 76.79291914159451, 19.237636175140359 ], [ 76.793001481350117, 19.237589529984501 ], [ 76.792979524081957, 19.237558433206591 ], [ 76.79286424842411, 19.237558433206594 ], [ 76.792836801838916, 19.237584347188598 ], [ 76.792781908668516, 19.23759989557584 ], [ 76.792743483449229, 19.237662089110096 ], [ 76.792688590278814, 19.237667271903547 ], [ 76.792672122327701, 19.237688003075743 ], [ 76.792628207791381, 19.237677637489977 ], [ 76.792639186425461, 19.237713917037301 ], [ 76.792600761206174, 19.237739830994773 ], [ 76.792611739840254, 19.23774501378578 ], [ 76.792611739840254, 19.237776110528358 ], [ 76.792589782572094, 19.237817572842644 ], [ 76.792617229157301, 19.237833121207803 ], [ 76.792644675742494, 19.237884949081018 ], [ 76.792677611644748, 19.237884949081028 ], [ 76.792683100961796, 19.237900497439806 ] ] ] } },
{ "type": "Feature", "properties": { "pid": 106, "sam_refined": false, "sam_score": 0.57562333345413208, "tree_frac": 0.0, "built_frac": 0.0, "area_ha": 0.124 }, "geometry": { "type": "Polygon", "coordinates": [ [ [ 76.792803865936662, 19.238211464306097 ], [ 76.792765440717389, 19.238216647082215 ], [ 76.792754462083309, 19.23818036764597 ], [ 76.792743483449229, 19.238180367645974 ], [ 76.792721526181055, 19.238128539866008 ], [ 76.792710547546974, 19.238128539866008 ], [ 76.792672122327701, 19.2380611637276 ], [ 76.792661143693621, 19.238087077630254 ], [ 76.792672122327701, 19.238144088201715 ], [ 76.792666633010654, 19.238180367645967 ], [ 76.792705058229942, 19.238211464306101 ], [ 76.792732504815135, 19.238320302570159 ], [ 76.792716036864022, 19.238325485342838 ], [ 76.792716036864022, 19.238299571477807 ], [ 76.792694079595876, 19.238289205930652 ], [ 76.792633697108414, 19.238346216431918 ], [ 76.792600761206174, 19.238356581975474 ], [ 76.792551357352821, 19.238341033659889 ], [ 76.792556846669854, 19.238372130289591 ], [ 76.792540378718741, 19.238372130289587 ], [ 76.792523910767599, 19.238387678602226 ], [ 76.792501953499439, 19.238382495831509 ], [ 76.79249646418242, 19.23839286137278 ], [ 76.79247450691426, 19.238392861372777 ], [ 76.792469017597213, 19.238382495831509 ], [ 76.792458038963119, 19.238387678602226 ], [ 76.792458038963119, 19.238403226913391 ], [ 76.792479996231293, 19.238423957992659 ], [ 76.7925074428165, 19.238423957992659 ], [ 76.792534889401693, 19.238403226913391 ], [ 76.792562335986901, 19.238413592453359 ], [ 76.792551357352821, 19.238408409683451 ], [ 76.792551357352821, 19.238387678602223 ], [ 76.792578803938014, 19.238366947518383 ], [ 76.792584293255061, 19.238377313060624 ], [ 76.792611739840254, 19.238372130289591 ], [ 76.792650165059541, 19.238387678602223 ], [ 76.792650165059541, 19.238398044143164 ], [ 76.792672122327701, 19.238408409683455 ], [ 76.792677611644748, 19.23839286137278 ], [ 76.792727015498102, 19.238398044143164 ], [ 76.792727015498102, 19.238387678602226 ], [ 76.792743483449229, 19.238387678602226 ], [ 76.792759951400356, 19.238366947518379 ], [ 76.792787397985535, 19.238387678602223 ], [ 76.792798376619615, 19.238434323531301 ], [ 76.792814844570756, 19.238444689069297 ], [ 76.792814844570756, 19.23847060291142 ], [ 76.792831312521869, 19.238470602911423 ], [ 76.792836801838916, 19.238480968447131 ], [ 76.79286424842411, 19.238486151214737 ], [ 76.792880716375251, 19.23847060291142 ], [ 76.79286424842411, 19.238444689069301 ], [ 76.79287522705819, 19.238377313060628 ], [ 76.792891695009317, 19.238382495831505 ], [ 76.792902673643397, 19.238403226913391 ], [ 76.792952077496764, 19.238403226913395 ], [ 76.79296305613083, 19.238423957992659 ], [ 76.79297403476491, 19.238423957992651 ], [ 76.79297403476491, 19.238439506300381 ], [ 76.793001481350117, 19.238439506300381 ], [ 76.793006970667165, 19.238408409683451 ], [ 76.79296305613083, 19.238356581975474 ], [ 76.793006970667165, 19.238304754251139 ], [ 76.793034417252372, 19.238294388704301 ], [ 76.793034417252372, 19.23823737818504 ], [ 76.793012459984212, 19.238195915976771 ], [ 76.79298501339899, 19.238175184868716 ], [ 76.79298501339899, 19.238133722644744 ], [ 76.79296305613083, 19.238128539866008 ], [ 76.792941098862684, 19.2380611637276 ], [ 76.792825823204836, 19.238066346508454 ], [ 76.792776419351469, 19.238118174308052 ], [ 76.792748972766276, 19.238118174308052 ], [ 76.792803865936662, 19.238211464306097 ] ] ] } },
{ "type": "Feature", "properties": { "pid": 108, "sam_refined": true, "sam_score": 0.7490394115447998, "tree_frac": 0.0, "built_frac": 0.0, "area_ha": 0.065 }, "geometry": { "type": "Polygon", "coordinates": [ [ [ 76.793221054031733, 19.238719375587724 ], [ 76.793270457885086, 19.238734923867479 ], [ 76.793275947202133, 19.238724558347805 ], [ 76.793253989933959, 19.238698644545767 ], [ 76.793341819006613, 19.238703827306495 ], [ 76.793330840372519, 19.23866236521603 ], [ 76.793308883104373, 19.23864681692941 ], [ 76.79331437242142, 19.23863126864131 ], [ 76.793341819006613, 19.23863126864131 ], [ 76.793358286957741, 19.23864681692941 ], [ 76.793363776274774, 19.23869864454576 ], [ 76.793385733542934, 19.238703827306498 ], [ 76.793418669445174, 19.238677913501185 ], [ 76.793457094664461, 19.23868309626258 ], [ 76.793479051932636, 19.238657182453984 ], [ 76.793506498517814, 19.238657182453984 ], [ 76.793539434420069, 19.238631268641317 ], [ 76.793588838273436, 19.238631268641313 ], [ 76.793649220760869, 19.238589806532527 ], [ 76.793676667346077, 19.23858462376819 ], [ 76.793676667346077, 19.238543161647616 ], [ 76.793599816907516, 19.238553527178745 ], [ 76.793577859639356, 19.238589806532524 ], [ 76.793490030566716, 19.238626085878288 ], [ 76.793429648079254, 19.238548344413264 ], [ 76.793391222859981, 19.238543161647613 ], [ 76.793385733542934, 19.238522430583412 ], [ 76.793352797640694, 19.238512065050326 ], [ 76.793308883104373, 19.238418775223092 ], [ 76.79328143651918, 19.238408409683451 ], [ 76.793253989933959, 19.238423957992655 ], [ 76.793264968568039, 19.238470602911423 ], [ 76.793232032665799, 19.238496516749457 ], [ 76.793232032665799, 19.238522430583412 ], [ 76.793259479251006, 19.238553527178745 ], [ 76.793243011299879, 19.238600172060703 ], [ 76.793221054031733, 19.23857425823903 ], [ 76.7932155647147, 19.238693461784869 ], [ 76.79322654334878, 19.23869864454576 ], [ 76.793221054031733, 19.238719375587724 ] ] ] } },
{ "type": "Feature", "properties": { "pid": 111, "sam_refined": true, "sam_score": 0.87991911172866821, "tree_frac": 0.0, "built_frac": 0.0, "area_ha": 0.074 }, "geometry": { "type": "Polygon", "coordinates": [ [ [ 76.792381188524558, 19.238408409683448 ], [ 76.792425103060879, 19.23839804414316 ], [ 76.792458038963119, 19.238403226913391 ], [ 76.792458038963119, 19.238387678602226 ], [ 76.792469017597213, 19.238382495831509 ], [ 76.79247450691426, 19.238392861372777 ], [ 76.79249646418242, 19.23839286137278 ], [ 76.792501953499439, 19.238382495831509 ], [ 76.792523910767599, 19.238387678602226 ], [ 76.792540378718741, 19.238372130289587 ], [ 76.792556846669854, 19.238372130289591 ], [ 76.792551357352821, 19.238341033659889 ], [ 76.792617229157301, 19.238341033659893 ], [ 76.792639186425461, 19.238284023156826 ], [ 76.792622718474334, 19.238278840382836 ], [ 76.792617229157301, 19.238304754251132 ], [ 76.792606250523221, 19.238304754251143 ], [ 76.792567825303934, 19.238268474834364 ], [ 76.792573314620981, 19.238247743735471 ], [ 76.792589782572094, 19.238247743735464 ], [ 76.792611739840254, 19.238216647082211 ], [ 76.792611739840254, 19.238180367645967 ], [ 76.792600761206174, 19.238170002091294 ], [ 76.792578803938014, 19.238164819313702 ], [ 76.792567825303934, 19.238149270979964 ], [ 76.792518421450566, 19.238149270979957 ], [ 76.792469017597213, 19.238128539866011 ], [ 76.792430592377926, 19.238128539866008 ], [ 76.792337273988238, 19.238175184868712 ], [ 76.792320806037125, 19.238211464306097 ], [ 76.792337273988238, 19.238289205930652 ], [ 76.792331784671191, 19.238361764747012 ], [ 76.792337273988238, 19.238382495831509 ], [ 76.792370209890478, 19.238392861372777 ], [ 76.792381188524558, 19.238408409683448 ] ] ] } },
{ "type": "Feature", "properties": { "pid": 112, "sam_refined": false, "sam_score": 0.91204017400741577, "tree_frac": 0.0, "built_frac": 0.0, "area_ha": 0.082 }, "geometry": { "type": "Polygon", "coordinates": [ [ [ 76.792035361551029, 19.23860017206071 ], [ 76.792095744038477, 19.23857944100369 ], [ 76.79213416925775, 19.238522430583409 ], [ 76.792172594477037, 19.238522430583409 ], [ 76.792172594477037, 19.238475785679359 ], [ 76.79215612652591, 19.238470602911423 ], [ 76.79216710515999, 19.238449871838053 ], [ 76.792194551745197, 19.238460237375062 ], [ 76.792232976964485, 19.238496516749461 ], [ 76.792265912866711, 19.238496516749453 ], [ 76.792298848768965, 19.238418775223085 ], [ 76.792293359451932, 19.23839286137278 ], [ 76.792320806037125, 19.23839286137278 ], [ 76.792331784671191, 19.238377313060628 ], [ 76.792320806037125, 19.238341033659893 ], [ 76.792309827403045, 19.238341033659893 ], [ 76.792309827403045, 19.238320302570159 ], [ 76.792282380817852, 19.238304754251136 ], [ 76.792282380817852, 19.238294388704304 ], [ 76.792254934232631, 19.238284023156819 ], [ 76.792271402183772, 19.238335850887701 ], [ 76.792243955598551, 19.238325485342838 ], [ 76.792211019696325, 19.238242560960341 ], [ 76.792216509013372, 19.238216647082218 ], [ 76.792205530379277, 19.238216647082215 ], [ 76.792205530379277, 19.238164819313702 ], [ 76.792227487647452, 19.238175184868716 ], [ 76.792211019696325, 19.238144088201715 ], [ 76.792139658574797, 19.238128539866011 ], [ 76.792117701306637, 19.238076712069685 ], [ 76.79209025472143, 19.238081894850051 ], [ 76.792084765404397, 19.238071529289151 ], [ 76.792046340185109, 19.238071529289154 ], [ 76.792029872233996, 19.238112991528826 ], [ 76.791958511112469, 19.23810780874944 ], [ 76.791953021795436, 19.238128539866011 ], [ 76.791925575210215, 19.238154453758032 ], [ 76.791925575210215, 19.238175184868712 ], [ 76.791914596576134, 19.238175184868719 ], [ 76.791909107259102, 19.238206281529823 ], [ 76.791870682039814, 19.238211464306101 ], [ 76.791848724771654, 19.238185550423072 ], [ 76.791810299552381, 19.238180367645967 ], [ 76.791788342284221, 19.238190733200007 ], [ 76.791760895699014, 19.238227012633949 ], [ 76.791771874333094, 19.238294388704308 ], [ 76.791815788869414, 19.238294388704304 ], [ 76.791843235454621, 19.238320302570159 ], [ 76.791848724771654, 19.238346216431918 ], [ 76.791865192722781, 19.238351399203783 ], [ 76.791865192722781, 19.238330668115356 ], [ 76.791881660673894, 19.238330668115353 ], [ 76.791887149990941, 19.238356581975474 ], [ 76.791903617942054, 19.238294388704301 ], [ 76.791931064527262, 19.238268474834367 ], [ 76.791925575210215, 19.238227012633949 ], [ 76.791942043161356, 19.238195915976775 ], [ 76.791980468380615, 19.238195915976778 ], [ 76.791985957697662, 19.238206281529816 ], [ 76.792007914965836, 19.23818036764597 ], [ 76.792035361551029, 19.238195915976775 ], [ 76.792051829502157, 19.238170002091287 ], [ 76.79206829745327, 19.238164819313699 ], [ 76.79206829745327, 19.238144088201715 ], [ 76.792084765404397, 19.238138905423309 ], [ 76.792117701306637, 19.238149270979964 ], [ 76.79211221198959, 19.23818036764597 ], [ 76.792095744038477, 19.238195915976778 ], [ 76.792095744038477, 19.238227012633953 ], [ 76.792117701306637, 19.238247743735464 ], [ 76.792117701306637, 19.238284023156826 ], [ 76.79216710515999, 19.238284023156822 ], [ 76.792205530379277, 19.238366947518379 ], [ 76.792260423549678, 19.238449871838053 ], [ 76.792265912866711, 19.238480968447135 ], [ 76.792249444915612, 19.238491333982179 ], [ 76.792227487647452, 19.238470602911423 ], [ 76.792211019696325, 19.23847060291142 ], [ 76.792205530379277, 19.238455054606639 ], [ 76.792161615842957, 19.238444689069297 ], [ 76.792117701306637, 19.238512065050323 ], [ 76.792106722672557, 19.238553527178745 ], [ 76.792062808136237, 19.238553527178741 ], [ 76.792035361551029, 19.23860017206071 ] ] ] } },
{ "type": "Feature", "properties": { "pid": 116, "sam_refined": true, "sam_score": 0.93286401033401489, "tree_frac": 0.0, "built_frac": 0.0, "area_ha": 0.07 }, "geometry": { "type": "Polygon", "coordinates": [ [ [ 76.792990502716037, 19.238102625969891 ], [ 76.793028927935325, 19.238092260410298 ], [ 76.793105778373885, 19.238045615384042 ], [ 76.793160671544285, 19.238035249820843 ], [ 76.793221054031733, 19.237983421995072 ], [ 76.793259479251006, 19.237967873644145 ], [ 76.793253989933959, 19.237936776937886 ], [ 76.793166160861318, 19.237807207265053 ], [ 76.793122246324998, 19.237822755631189 ], [ 76.793078331788692, 19.23785903514646 ], [ 76.792979524081957, 19.237900497439799 ], [ 76.792941098862684, 19.237931594152929 ], [ 76.792913652277477, 19.237926411367816 ], [ 76.792891695009317, 19.237947142507302 ], [ 76.79288620569227, 19.237967873644141 ], [ 76.792902673643397, 19.237998970344513 ], [ 76.792990502716037, 19.238102625969891 ] ] ] } },
{ "type": "Feature", "properties": { "pid": 117, "sam_refined": true, "sam_score": 0.80804944038391113, "tree_frac": 0.0, "built_frac": 0.0, "area_ha": 0.146 }, "geometry": { "type": "Polygon", "coordinates": [ [ [ 76.792589782572094, 19.238170002091294 ], [ 76.792622718474334, 19.238164819313702 ], [ 76.792622718474334, 19.23814927097996 ], [ 76.792639186425461, 19.238138905423305 ], [ 76.792644675742494, 19.2380611637276 ], [ 76.792628207791381, 19.238030067039006 ], [ 76.792567825303934, 19.237983421995072 ], [ 76.792556846669854, 19.237957508076043 ], [ 76.792512932133519, 19.237941959722669 ], [ 76.792501953499439, 19.237900497439803 ], [ 76.792479996231293, 19.237879766294437 ], [ 76.792452549646086, 19.237874583507693 ], [ 76.792430592377926, 19.237817572842637 ], [ 76.792414124426799, 19.237802024476018 ], [ 76.792397656475686, 19.237802024476018 ], [ 76.792397656475686, 19.237791658897446 ], [ 76.792337273988238, 19.237807207265057 ], [ 76.792260423549678, 19.237802024476014 ], [ 76.792194551745197, 19.237817572842641 ], [ 76.792172594477037, 19.237843486783756 ], [ 76.79214514789183, 19.237848669571488 ], [ 76.792095744038477, 19.237890131867445 ], [ 76.792084765404397, 19.237921228582543 ], [ 76.79209025472143, 19.237947142507299 ], [ 76.792057318819175, 19.237962690860176 ], [ 76.79207927608735, 19.238019701474837 ], [ 76.79210123335551, 19.238030067039002 ], [ 76.79210123335551, 19.23805598094658 ], [ 76.79213416925775, 19.238076712069688 ], [ 76.792172594477037, 19.238066346508447 ], [ 76.792211019696325, 19.238076712069681 ], [ 76.792227487647452, 19.238061163727597 ], [ 76.792276891500805, 19.238071529289151 ], [ 76.792309827403045, 19.23805598094658 ], [ 76.792298848768965, 19.23799897034452 ], [ 76.792337273988238, 19.237993787561535 ], [ 76.792348252622318, 19.238014518692495 ], [ 76.792392167158638, 19.238014518692495 ], [ 76.792375699207525, 19.238024884256994 ], [ 76.792370209890478, 19.238045615384042 ], [ 76.792386677841606, 19.238071529289151 ], [ 76.792370209890478, 19.238097443190171 ], [ 76.792375699207525, 19.238138905423309 ], [ 76.792430592377926, 19.238128539866008 ], [ 76.792436081694959, 19.238118174308052 ], [ 76.79241961374386, 19.238102625969891 ], [ 76.792441571012006, 19.238102625969894 ], [ 76.792463528280166, 19.238066346508447 ], [ 76.792469017597213, 19.23810780874944 ], [ 76.792490974865373, 19.238138905423309 ], [ 76.792567825303934, 19.238149270979964 ], [ 76.792589782572094, 19.238170002091294 ] ] ] } },
{ "type": "Feature", "properties": { "pid": 118, "sam_refined": true, "sam_score": 0.92010962963104248, "tree_frac": 0.0, "built_frac": 0.0, "area_ha": 0.138 }, "geometry": { "type": "Polygon", "coordinates": [ [ [ 76.795850436894028, 19.236962410491465 ], [ 76.795888862113316, 19.236957227675759 ], [ 76.795888862113316, 19.236915765144207 ], [ 76.795899840747396, 19.236895033874511 ], [ 76.795927287332589, 19.236879485420506 ], [ 76.795960223234829, 19.236832840049697 ], [ 76.795987669820036, 19.236827657229902 ], [ 76.796026095039323, 19.236786194665633 ], [ 76.796064520258597, 19.236781011844357 ], [ 76.796102945477884, 19.236749914913307 ], [ 76.796097456160851, 19.236516687742672 ], [ 76.79608098820971, 19.236490773592145 ], [ 76.796097456160851, 19.236428579614216 ], [ 76.79608098820971, 19.236413031116047 ], [ 76.796031584356371, 19.236413031116044 ], [ 76.796031584356371, 19.236475225099877 ], [ 76.795987669820036, 19.236527053401737 ], [ 76.79596571255189, 19.236537419060141 ], [ 76.795905330064429, 19.236532236231021 ], [ 76.795899840747396, 19.2365633332033 ], [ 76.795828479625868, 19.236589247342376 ], [ 76.795751629187293, 19.236589247342376 ], [ 76.795729671919133, 19.236578881687237 ], [ 76.795751629187293, 19.236547784717899 ], [ 76.795801033040661, 19.236542601889102 ], [ 76.795795543723614, 19.236521870572282 ], [ 76.795784565089534, 19.236521870572282 ], [ 76.795773586455454, 19.236537419060145 ], [ 76.795718693285053, 19.236537419060149 ], [ 76.795718693285053, 19.2365633332033 ], [ 76.79569124669986, 19.236584064514883 ], [ 76.79569124669986, 19.236646258433929 ], [ 76.7957241826021, 19.236682538209148 ], [ 76.795740650553213, 19.236734366445575 ], [ 76.795784565089534, 19.236796560307674 ], [ 76.795801033040661, 19.236869119783695 ], [ 76.795812011674741, 19.236874302602189 ], [ 76.795817500991788, 19.236905399509688 ], [ 76.795839458259948, 19.236931313594766 ], [ 76.795839458259948, 19.236957227675756 ], [ 76.795850436894028, 19.236946862043848 ], [ 76.795850436894028, 19.236962410491465 ] ] ] } },
{ "type": "Feature", "properties": { "pid": 119, "sam_refined": true, "sam_score": 0.93652057647705078, "tree_frac": 0.0, "built_frac": 0.0, "area_ha": 0.199 }, "geometry": { "type": "Polygon", "coordinates": [ [ [ 76.796026095039323, 19.23745996003764 ], [ 76.796031584356371, 19.237418497633048 ], [ 76.796064520258597, 19.23739258362486 ], [ 76.796102945477884, 19.237387400822733 ], [ 76.796102945477884, 19.237345938399812 ], [ 76.796113924111964, 19.237345938399812 ], [ 76.796157838648284, 19.237294110356444 ], [ 76.796201753184604, 19.237273379134521 ], [ 76.796245667720925, 19.237278561940254 ], [ 76.796262135672038, 19.237263013522565 ], [ 76.796289582257245, 19.237257830716356 ], [ 76.796295071574292, 19.237040152707436 ], [ 76.796273114306118, 19.237034969894193 ], [ 76.796201753184604, 19.236962410491465 ], [ 76.796179795916444, 19.236905399509684 ], [ 76.796179795916444, 19.236817291589816 ], [ 76.796201753184604, 19.236770646201329 ], [ 76.796196263867557, 19.236734366445571 ], [ 76.796179795916444, 19.236734366445571 ], [ 76.796157838648284, 19.236755097735557 ], [ 76.796102945477884, 19.236744732090891 ], [ 76.796064520258597, 19.236781011844357 ], [ 76.796026095039323, 19.236786194665633 ], [ 76.795982180502989, 19.236827657229899 ], [ 76.795998648454116, 19.236869119783695 ], [ 76.795982180502989, 19.236926130778077 ], [ 76.795982180502989, 19.237050518333451 ], [ 76.796004137771149, 19.237076432395632 ], [ 76.795998648454116, 19.237117894886605 ], [ 76.79596571255189, 19.23711271207581 ], [ 76.795932776649636, 19.237071249583529 ], [ 76.795888862113316, 19.237060883958815 ], [ 76.795888862113316, 19.236962410491461 ], [ 76.795850436894028, 19.236962410491465 ], [ 76.795850436894028, 19.236946862043848 ], [ 76.795833968942915, 19.236957227675756 ], [ 76.795839458259948, 19.237029787080765 ], [ 76.795855926211075, 19.237045335520531 ], [ 76.795855926211075, 19.237060883958815 ], [ 76.795877883479221, 19.237071249583526 ], [ 76.795927287332589, 19.237216368260718 ], [ 76.795954733917796, 19.23724228229672 ], [ 76.795954733917796, 19.23731484157576 ], [ 76.795982180502989, 19.237428863235181 ], [ 76.796004137771149, 19.237454777237641 ], [ 76.796026095039323, 19.23745996003764 ] ] ] } },
{ "type": "Feature", "properties": { "pid": 123, "sam_refined": true, "sam_score": 0.96574169397354126, "tree_frac": 0.0, "built_frac": 0.0, "area_ha": 0.906 }, "geometry": { "type": "Polygon", "coordinates": [ [ [ 76.794038962270733, 19.23790568022573 ], [ 76.79409934475818, 19.237916045797103 ], [ 76.794170705879694, 19.237879766294441 ], [ 76.794258534952334, 19.237812390053932 ], [ 76.794335385390895, 19.237781293318218 ], [ 76.794362831976116, 19.237745013785776 ], [ 76.794428703780596, 19.237724282620778 ], [ 76.794467128999869, 19.237667271903558 ], [ 76.79454397943843, 19.237636175140352 ], [ 76.794571426023651, 19.23760507837126 ], [ 76.794741594851885, 19.237558433206591 ], [ 76.79477453075414, 19.237542884815422 ], [ 76.794796488022286, 19.237511788028662 ], [ 76.794878827777893, 19.237470325637155 ], [ 76.794878827777893, 19.237408132030261 ], [ 76.794856870509733, 19.237382218020432 ], [ 76.79486235982678, 19.237335572792457 ], [ 76.794834913241573, 19.237314841575756 ], [ 76.79476355212006, 19.237299293161517 ], [ 76.794758062803012, 19.237247465103422 ], [ 76.794785509388205, 19.237211185453027 ], [ 76.79477453075414, 19.23716454017644 ], [ 76.794730616217805, 19.237107529264854 ], [ 76.794703169632598, 19.237102346453725 ], [ 76.794692190998518, 19.237081615207579 ], [ 76.794692190998518, 19.237024604267187 ], [ 76.794675723047405, 19.237003873011233 ], [ 76.794653765779245, 19.236988324567548 ], [ 76.79460985124291, 19.23699350738227 ], [ 76.794593383291812, 19.236977958937601 ], [ 76.794582404657731, 19.236941679227648 ], [ 76.794587893974764, 19.236869119783705 ], [ 76.794549468755491, 19.236853571327259 ], [ 76.79454397943843, 19.236791377486735 ], [ 76.79453300080435, 19.236806925949075 ], [ 76.79453300080435, 19.236838022869328 ], [ 76.794456150365789, 19.236838022869332 ], [ 76.794423214463549, 19.236869119783698 ], [ 76.794401257195389, 19.236858754146223 ], [ 76.794390278561309, 19.236817291589816 ], [ 76.794357342659069, 19.236838022869328 ], [ 76.794318917439796, 19.236832840049694 ], [ 76.794275002903461, 19.236848388508111 ], [ 76.794242067001221, 19.236879485420509 ], [ 76.794214620416028, 19.236889851056674 ], [ 76.794214620416028, 19.236900216692177 ], [ 76.794082876807053, 19.236941679227659 ], [ 76.7940334729537, 19.236972776122389 ], [ 76.794000537051446, 19.237009055825464 ], [ 76.793879772076565, 19.237050518333458 ], [ 76.793819389589132, 19.237102346453721 ], [ 76.793753517784651, 19.237117894886605 ], [ 76.793676667346077, 19.237180088603445 ], [ 76.793676667346077, 19.23721118545302 ], [ 76.79372607119943, 19.237273379134518 ], [ 76.793753517784651, 19.237371852415365 ], [ 76.793769985735764, 19.237382218020439 ], [ 76.793808410955037, 19.237459960037636 ], [ 76.793885261393598, 19.237527336422783 ], [ 76.793896240027678, 19.237594712780258 ], [ 76.793984069100318, 19.23775019657662 ], [ 76.793989558417366, 19.237802024476014 ], [ 76.79401151568554, 19.237833121207803 ], [ 76.79402249431962, 19.237879766294441 ], [ 76.794038962270733, 19.23790568022573 ] ] ] } },
{ "type": "Feature", "properties": { "pid": 125, "sam_refined": false, "sam_score": 0.76195567846298218, "tree_frac": 0.0, "built_frac": 0.0, "area_ha": 0.184 }, "geometry": { "type": "Polygon", "coordinates": [ [ [ 76.791640130724119, 19.238206281529823 ], [ 76.791662087992279, 19.238201098753379 ], [ 76.791673066626373, 19.238185550423072 ], [ 76.791706002528599, 19.23818036764597 ], [ 76.791722470479726, 19.238190733200007 ], [ 76.791760895699014, 19.238190733200007 ], [ 76.791777363650141, 19.238164819313706 ], [ 76.791744427747901, 19.238154453758035 ], [ 76.791744427747901, 19.238123357087119 ], [ 76.79179383160124, 19.238097443190171 ], [ 76.79179383160124, 19.238045615384046 ], [ 76.791843235454621, 19.238030067039006 ], [ 76.791865192722781, 19.238004153127342 ], [ 76.791892639307974, 19.237998970344513 ], [ 76.791914596576134, 19.237962690860183 ], [ 76.791931064527262, 19.23795750807604 ], [ 76.791898128625022, 19.237952325291744 ], [ 76.791914596576134, 19.237916045797103 ], [ 76.791947532478389, 19.2379108630115 ], [ 76.791958511112469, 19.237895314653699 ], [ 76.791985957697662, 19.237890131867445 ], [ 76.79214514789183, 19.237791658897439 ], [ 76.792194551745197, 19.237781293318218 ], [ 76.79220004106223, 19.237765744948153 ], [ 76.792249444915612, 19.237760562157806 ], [ 76.792265912866711, 19.237734648203606 ], [ 76.792309827403045, 19.237719099829118 ], [ 76.792337273988238, 19.237688003075746 ], [ 76.792342763305285, 19.237662089110096 ], [ 76.792386677841606, 19.237656906316474 ], [ 76.792425103060879, 19.237677637489977 ], [ 76.79248548554834, 19.237677637489977 ], [ 76.792479996231293, 19.237708734245313 ], [ 76.792501953499439, 19.237724282620782 ], [ 76.792501953499439, 19.23774501378578 ], [ 76.792458038963119, 19.237776110528355 ], [ 76.792452549646086, 19.237796841686812 ], [ 76.792425103060879, 19.237739830994773 ], [ 76.792397656475686, 19.237745013785776 ], [ 76.792397656475686, 19.237802024476018 ], [ 76.792414124426799, 19.237802024476018 ], [ 76.792441571012006, 19.237827938419581 ], [ 76.7925074428165, 19.237838303995858 ], [ 76.792490974865373, 19.237853852359052 ], [ 76.792529400084646, 19.237890131867445 ], [ 76.792567825303934, 19.237890131867445 ], [ 76.792534889401693, 19.2378331212078 ], [ 76.792551357352821, 19.237807207265053 ], [ 76.792578803938014, 19.237822755631193 ], [ 76.792606250523221, 19.237796841686812 ], [ 76.792611739840254, 19.23774501378578 ], [ 76.792584293255061, 19.237734648203606 ], [ 76.792578803938014, 19.237713917037297 ], [ 76.792611739840254, 19.237651723522692 ], [ 76.792628207791381, 19.237641357934628 ], [ 76.792622718474334, 19.237584347188594 ], [ 76.792633697108414, 19.237584347188598 ], [ 76.792633697108414, 19.237568798799884 ], [ 76.792655654376574, 19.237553250409697 ], [ 76.792705058229942, 19.2375532504097 ], [ 76.792705058229942, 19.237527336422779 ], [ 76.792688590278814, 19.23751697082686 ], [ 76.792639186425461, 19.237537702018038 ], [ 76.792551357352821, 19.237532519220487 ], [ 76.792518421450566, 19.237553250409693 ], [ 76.79248548554834, 19.237532519220483 ], [ 76.792436081694959, 19.237532519220483 ], [ 76.792441571012006, 19.237522153624905 ], [ 76.792353741939365, 19.237527336422779 ], [ 76.792342763305285, 19.237542884815422 ], [ 76.792331784671191, 19.237527336422776 ], [ 76.792315316720064, 19.237542884815426 ], [ 76.792298848768965, 19.237527336422776 ], [ 76.792249444915612, 19.237527336422783 ], [ 76.792260423549678, 19.237579164392525 ], [ 76.792282380817852, 19.237594712780265 ], [ 76.792282380817852, 19.23761026116652 ], [ 76.792276891500805, 19.23760507837126 ], [ 76.792265912866711, 19.237610261166523 ], [ 76.792293359451932, 19.237636175140352 ], [ 76.792293359451932, 19.237667271903554 ], [ 76.792265912866711, 19.23766727190355 ], [ 76.792249444915612, 19.237688003075743 ], [ 76.79217808379407, 19.237708734245313 ], [ 76.79214514789183, 19.23774501378578 ], [ 76.79212319062367, 19.23774501378578 ], [ 76.792018893599916, 19.237573981596281 ], [ 76.791996936331742, 19.237579164392525 ], [ 76.791985957697662, 19.237568798799888 ], [ 76.791996936331742, 19.237532519220483 ], [ 76.791947532478389, 19.237449594437471 ], [ 76.791936553844309, 19.237434046036 ], [ 76.791925575210215, 19.237449594437475 ], [ 76.791903617942054, 19.237423680434201 ], [ 76.791903617942054, 19.237522153624898 ], [ 76.791920085893182, 19.237553250409693 ], [ 76.791909107259102, 19.23760507837126 ], [ 76.791936553844309, 19.237636175140352 ], [ 76.792013404282869, 19.237651723522688 ], [ 76.792007914965836, 19.237708734245313 ], [ 76.792040850868077, 19.237729465412272 ], [ 76.792040850868077, 19.237770927738339 ], [ 76.792024382916949, 19.237791658897446 ], [ 76.791985957697662, 19.237807207265057 ], [ 76.791980468380615, 19.237853852359052 ], [ 76.791969489746535, 19.237864217933701 ], [ 76.791936553844309, 19.237890131867449 ], [ 76.791909107259102, 19.237890131867445 ], [ 76.791887149990941, 19.237905680225737 ], [ 76.791892639307974, 19.237936776937886 ], [ 76.791881660673894, 19.237952325291747 ], [ 76.791854214088701, 19.237936776937886 ], [ 76.791854214088701, 19.237905680225737 ], [ 76.791832256820541, 19.23790568022573 ], [ 76.791832256820541, 19.237941959722676 ], [ 76.79179383160124, 19.237952325291751 ], [ 76.79179383160124, 19.237978239211593 ], [ 76.791810299552381, 19.237978239211593 ], [ 76.791815788869414, 19.237998970344517 ], [ 76.791749917064934, 19.238004153127346 ], [ 76.791727959796759, 19.238050798165389 ], [ 76.7916895345775, 19.238081894850051 ], [ 76.791662087992279, 19.238087077630261 ], [ 76.791640130724119, 19.238112991528833 ], [ 76.791552301651478, 19.238107808749444 ], [ 76.791552301651478, 19.238138905423313 ], [ 76.791623662773006, 19.238144088201718 ], [ 76.791623662773006, 19.238190733200007 ], [ 76.791640130724119, 19.238195915976775 ], [ 76.791640130724119, 19.238206281529823 ] ] ] } },
{ "type": "Feature", "properties": { "pid": 128, "sam_refined": true, "sam_score": 0.68129843473434448, "tree_frac": 0.0, "built_frac": 0.0, "area_ha": 0.167 }, "geometry": { "type": "Polygon", "coordinates": [ [ [ 76.792298848768965, 19.237382218020436 ], [ 76.792298848768965, 19.237361486809636 ], [ 76.792315316720064, 19.237356304006529 ], [ 76.792315316720064, 19.237345938399809 ], [ 76.792282380817852, 19.237345938399812 ], [ 76.792271402183772, 19.237335572792457 ], [ 76.792287870134885, 19.237294110356448 ], [ 76.792276891500805, 19.237288927551209 ], [ 76.792276891500805, 19.237273379134521 ], [ 76.792260423549678, 19.237273379134514 ], [ 76.792260423549678, 19.237335572792453 ], [ 76.792249444915612, 19.237340755596222 ], [ 76.792243955598551, 19.237309658771171 ], [ 76.792227487647452, 19.237304475966429 ], [ 76.792227487647452, 19.237335572792457 ], [ 76.792211019696325, 19.237356304006525 ], [ 76.792216509013372, 19.237397766426824 ], [ 76.792205530379277, 19.237459960037643 ], [ 76.792232976964485, 19.237485874035194 ], [ 76.792254934232631, 19.237485874035197 ], [ 76.792254934232631, 19.237496239633067 ], [ 76.792293359451932, 19.237501422431759 ], [ 76.792304338086012, 19.23751697082686 ], [ 76.792331784671191, 19.237522153624901 ], [ 76.792375699207525, 19.237511788028659 ], [ 76.792403145792733, 19.237516970826867 ], [ 76.792403145792733, 19.23750142243177 ], [ 76.792381188524558, 19.237506605230294 ], [ 76.792397656475686, 19.237470325637151 ], [ 76.792414124426799, 19.237470325637151 ], [ 76.792441571012006, 19.237449594437475 ], [ 76.792490974865373, 19.237454777237641 ], [ 76.79249646418242, 19.237465142837479 ], [ 76.792479996231293, 19.23747550843666 ], [ 76.792490974865373, 19.237496239633067 ], [ 76.792479996231293, 19.237506605230298 ], [ 76.792458038963119, 19.237501422431762 ], [ 76.792458038963119, 19.23751697082686 ], [ 76.792512932133519, 19.237553250409697 ], [ 76.792567825303934, 19.237527336422776 ], [ 76.792584293255061, 19.237459960037636 ], [ 76.792644675742494, 19.237408132030261 ], [ 76.792639186425461, 19.237273379134518 ], [ 76.792611739840254, 19.237242282296712 ], [ 76.792578803938014, 19.237231916682813 ], [ 76.792562335986901, 19.237123077697245 ], [ 76.792529400084646, 19.237097163642439 ], [ 76.792479996231293, 19.237024604267184 ], [ 76.792458038963119, 19.237024604267187 ], [ 76.792469017597213, 19.237034969894189 ], [ 76.792447060329039, 19.237055701146222 ], [ 76.792436081694959, 19.237029787080765 ], [ 76.79241961374386, 19.237029787080768 ], [ 76.79241961374386, 19.237040152707443 ], [ 76.792397656475686, 19.237040152707447 ], [ 76.792392167158638, 19.237050518333458 ], [ 76.792326295354144, 19.237055701146222 ], [ 76.792337273988238, 19.237107529264854 ], [ 76.792304338086012, 19.237164540176444 ], [ 76.792309827403045, 19.237231916682806 ], [ 76.792298848768965, 19.237237099489839 ], [ 76.792298848768965, 19.237268196328625 ], [ 76.792337273988238, 19.237273379134514 ], [ 76.792348252622318, 19.237294110356444 ], [ 76.792298848768965, 19.23731484157576 ], [ 76.792304338086012, 19.237325207184426 ], [ 76.792331784671191, 19.237320024380175 ], [ 76.792342763305285, 19.237330389988522 ], [ 76.792326295354144, 19.237377035217982 ], [ 76.792298848768965, 19.237382218020436 ] ] ] } },
{ "type": "Feature", "properties": { "pid": 131, "sam_refined": true, "sam_score": 0.88930726051330566, "tree_frac": 0.0, "built_frac": 0.0, "area_ha": 0.087 }, "geometry": { "type": "Polygon", "coordinates": [ [ [ 76.791826767503494, 19.237351121203258 ], [ 76.791848724771654, 19.237340755596218 ], [ 76.791931064527262, 19.237340755596215 ], [ 76.791958511112469, 19.237314841575753 ], [ 76.792040850868077, 19.237273379134518 ], [ 76.792007914965836, 19.237180088603445 ], [ 76.791947532478389, 19.237076432395632 ], [ 76.791903617942054, 19.237050518333458 ], [ 76.791909107259102, 19.237009055825467 ], [ 76.791881660673894, 19.236983141752653 ], [ 76.791788342284221, 19.237024604267191 ], [ 76.791777363650141, 19.23704015270744 ], [ 76.791733449113821, 19.237060883958819 ], [ 76.791727959796759, 19.237076432395636 ], [ 76.791733449113821, 19.23720600264517 ], [ 76.791744427747901, 19.23721118545302 ], [ 76.791760895699014, 19.237263013522568 ], [ 76.791804810235334, 19.237309658771181 ], [ 76.791810299552381, 19.237335572792457 ], [ 76.791826767503494, 19.237351121203258 ] ] ] } },
{ "type": "Feature", "properties": { "pid": 132, "sam_refined": true, "sam_score": 0.71346133947372437, "tree_frac": 0.0, "built_frac": 0.0, "area_ha": 0.162 }, "geometry": { "type": "Polygon", "coordinates": [ [ [ 76.793380244225901, 19.236884668238673 ], [ 76.793396712177014, 19.236895033874511 ], [ 76.793435137396301, 19.236853571327259 ], [ 76.793479051932636, 19.236848388508108 ], [ 76.793511987834876, 19.236812108769524 ], [ 76.793479051932636, 19.236749914913311 ], [ 76.793435137396301, 19.236729183622664 ], [ 76.793446116030381, 19.23669290385774 ], [ 76.793424158762221, 19.236661806909996 ], [ 76.793446116030381, 19.236656624084802 ], [ 76.793451605347414, 19.236630709956373 ], [ 76.793468073298541, 19.236656624084805 ], [ 76.793462583981494, 19.236713635152967 ], [ 76.793473562615574, 19.236724000799594 ], [ 76.793511987834876, 19.236703269505682 ], [ 76.793501009200796, 19.236661806909996 ], [ 76.793511987834876, 19.236656624084802 ], [ 76.793517477151894, 19.236620344303848 ], [ 76.793577859639356, 19.236620344303844 ], [ 76.793610795541596, 19.236672172559906 ], [ 76.793594327590455, 19.236594430169696 ], [ 76.793572370322309, 19.23657369885942 ], [ 76.793577859639356, 19.236470042268788 ], [ 76.793528455785975, 19.236444128110914 ], [ 76.793506498517814, 19.236444128110907 ], [ 76.793495519883749, 19.236423396781657 ], [ 76.793473562615574, 19.236418213948934 ], [ 76.793484541249668, 19.236397482616411 ], [ 76.793473562615574, 19.236387116949174 ], [ 76.793418669445174, 19.23637675128127 ], [ 76.793407690811094, 19.236387116949167 ], [ 76.793363776274774, 19.236392299782871 ], [ 76.793363776274774, 19.236418213948934 ], [ 76.793330840372519, 19.236407848282997 ], [ 76.793270457885086, 19.236464859437543 ], [ 76.793270457885086, 19.236485590761554 ], [ 76.793248500616926, 19.236511504912894 ], [ 76.793248500616926, 19.236527053401733 ], [ 76.793232032665799, 19.236537419060138 ], [ 76.79323752198286, 19.2365633332033 ], [ 76.793199096763558, 19.236604795823848 ], [ 76.793199096763558, 19.236620344303848 ], [ 76.793253989933959, 19.236625527130187 ], [ 76.793243011299879, 19.236692903857737 ], [ 76.793182628812446, 19.236744732090894 ], [ 76.793138714276125, 19.236749914913307 ], [ 76.793166160861318, 19.236755097735557 ], [ 76.793177139495398, 19.236770646201329 ], [ 76.793177139495398, 19.236781011844361 ], [ 76.793155182227238, 19.23678619466563 ], [ 76.793155182227238, 19.236801743128463 ], [ 76.793188118129478, 19.236843205688803 ], [ 76.793232032665799, 19.236853571327252 ], [ 76.793259479251006, 19.236879485420506 ], [ 76.793380244225901, 19.236884668238673 ] ] ] } },
{ "type": "Feature", "properties": { "pid": 133, "sam_refined": false, "sam_score": 0.90623408555984497, "tree_frac": 0.0, "built_frac": 0.0, "area_ha": 0.162 }, "geometry": { "type": "Polygon", "coordinates": [ [ [ 76.792556846669854, 19.236666989735035 ], [ 76.792584293255061, 19.236661806909996 ], [ 76.792589782572094, 19.236646258433922 ], [ 76.792666633010654, 19.236646258433922 ], [ 76.792688590278814, 19.23662552713019 ], [ 76.792716036864022, 19.236625527130187 ], [ 76.792727015498102, 19.236594430169699 ], [ 76.79287522705819, 19.236594430169699 ], [ 76.792869737741157, 19.23657888168724 ], [ 76.792891695009317, 19.2365633332033 ], [ 76.79289718432635, 19.236418213948937 ], [ 76.792913652277477, 19.236407848282997 ], [ 76.792880716375251, 19.236267911728842 ], [ 76.79290816296043, 19.2362730945663 ], [ 76.792891695009317, 19.236247180377347 ], [ 76.792935609545637, 19.23621608334518 ], [ 76.79293012022859, 19.236190169147225 ], [ 76.79287522705819, 19.236190169147225 ], [ 76.792836801838916, 19.2362057176665 ], [ 76.792831312521869, 19.23622126618428 ], [ 76.79286424842411, 19.236262728891212 ], [ 76.792858759107077, 19.236283460240745 ], [ 76.792842291155949, 19.236278277403606 ], [ 76.792847780472997, 19.236288643077724 ], [ 76.792809355253709, 19.236283460240745 ], [ 76.792814844570756, 19.236267911728834 ], [ 76.792831312521869, 19.236262728891212 ], [ 76.792814844570756, 19.23624718037734 ], [ 76.792809355253709, 19.236205717666497 ], [ 76.792825823204836, 19.236205717666493 ], [ 76.792842291155949, 19.236190169147221 ], [ 76.792573314620981, 19.236190169147225 ], [ 76.792518421450566, 19.236257546053416 ], [ 76.79249646418242, 19.236262728891212 ], [ 76.7925074428165, 19.236304191587671 ], [ 76.792551357352821, 19.236304191587664 ], [ 76.792556846669854, 19.236319740096135 ], [ 76.792567825303934, 19.236319740096132 ], [ 76.792617229157301, 19.236299008751178 ], [ 76.792600761206174, 19.23629382591454 ], [ 76.792600761206174, 19.236273094566304 ], [ 76.792617229157301, 19.23624718037734 ], [ 76.792650165059541, 19.23624718037734 ], [ 76.792650165059541, 19.236267911728838 ], [ 76.792628207791381, 19.236288643077721 ], [ 76.792732504815135, 19.236236814700607 ], [ 76.792743483449229, 19.236247180377347 ], [ 76.792787397985535, 19.236247180377337 ], [ 76.792787397985535, 19.236278277403606 ], [ 76.792765440717389, 19.236293825914533 ], [ 76.792650165059541, 19.236299008751175 ], [ 76.792573314620981, 19.236356019943518 ], [ 76.792529400084646, 19.236356019943514 ], [ 76.792518421450566, 19.236413031116047 ], [ 76.792529400084646, 19.23642339678165 ], [ 76.792545868035774, 19.236413031116051 ], [ 76.792584293255061, 19.236413031116047 ], [ 76.792556846669854, 19.236470042268781 ], [ 76.792545868035774, 19.236470042268785 ], [ 76.792545868035774, 19.236454493774552 ], [ 76.792534889401693, 19.236449310942813 ], [ 76.792540378718741, 19.236490773592152 ], [ 76.792523910767599, 19.236501139252852 ], [ 76.792551357352821, 19.236501139252848 ], [ 76.792562335986901, 19.236532236231017 ], [ 76.792540378718741, 19.236547784717899 ], [ 76.792523910767599, 19.236547784717896 ], [ 76.792518421450566, 19.236537419060145 ], [ 76.792518421450566, 19.23655296754653 ], [ 76.792540378718741, 19.236568516031443 ], [ 76.792551357352821, 19.236568516031443 ], [ 76.792551357352821, 19.236547784717899 ], [ 76.792573314620981, 19.236563333203303 ], [ 76.792567825303934, 19.236599612996852 ], [ 76.792551357352821, 19.236625527130187 ], [ 76.792534889401693, 19.236630709956366 ], [ 76.792534889401693, 19.236646258433918 ], [ 76.792556846669854, 19.236666989735035 ] ] ] } },
{ "type": "Feature", "properties": { "pid": 134, "sam_refined": true, "sam_score": 0.70920026302337646, "tree_frac": 0.0, "built_frac": 0.0, "area_ha": 0.12 }, "geometry": { "type": "Polygon", "coordinates": [ [ [ 76.793089310422758, 19.236646258433922 ], [ 76.793199096763558, 19.236615161477346 ], [ 76.793199096763558, 19.236594430169699 ], [ 76.793221054031733, 19.2365633332033 ], [ 76.793221054031733, 19.236532236231021 ], [ 76.79323752198286, 19.236537419060141 ], [ 76.793248500616926, 19.236527053401733 ], [ 76.793270457885086, 19.236464859437543 ], [ 76.793286925836213, 19.236454493774549 ], [ 76.79328143651918, 19.236418213948937 ], [ 76.793248500616926, 19.236387116949167 ], [ 76.793243011299879, 19.236356019943514 ], [ 76.793221054031733, 19.236345654273645 ], [ 76.793204586080606, 19.236304191587667 ], [ 76.793160671544285, 19.236304191587671 ], [ 76.793116757007965, 19.236324922931967 ], [ 76.793050885203485, 19.236330105767639 ], [ 76.793039906569405, 19.236345654273649 ], [ 76.79298501339899, 19.236345654273652 ], [ 76.792935609545637, 19.236304191587667 ], [ 76.792902673643397, 19.236293825914537 ], [ 76.792902673643397, 19.236283460240745 ], [ 76.792880716375251, 19.236283460240742 ], [ 76.792913652277477, 19.236407848282997 ], [ 76.79289718432635, 19.236418213948937 ], [ 76.792891695009317, 19.2365633332033 ], [ 76.792869737741157, 19.236589247342376 ], [ 76.79288620569227, 19.236604795823851 ], [ 76.79296305613083, 19.236604795823851 ], [ 76.792968545447891, 19.236615161477346 ], [ 76.793072842471645, 19.236604795823851 ], [ 76.793094799739805, 19.236625527130183 ], [ 76.793089310422758, 19.236646258433922 ] ] ] } },
{ "type": "Feature", "properties": { "pid": 135, "sam_refined": false, "sam_score": 0.79876315593719482, "tree_frac": 0.0, "built_frac": 0.0, "area_ha": 0.168 }, "geometry": { "type": "Polygon", "coordinates": [ [ [ 76.792683100961796, 19.23715417455762 ], [ 76.792705058229942, 19.23715417455762 ], [ 76.792710547546974, 19.237138626128171 ], [ 76.792737994132182, 19.237143808938157 ], [ 76.792737994132182, 19.23711271207581 ], [ 76.792759951400356, 19.23711271207581 ], [ 76.792759951400356, 19.237091980830975 ], [ 76.792694079595876, 19.236993507382273 ], [ 76.792694079595876, 19.236967593307007 ], [ 76.792705058229942, 19.236957227675759 ], [ 76.792677611644748, 19.236967593307011 ], [ 76.792672122327701, 19.236957227675763 ], [ 76.792644675742494, 19.236962410491465 ], [ 76.792633697108414, 19.236946862043848 ], [ 76.792650165059541, 19.236946862043851 ], [ 76.792655654376574, 19.236936496411296 ], [ 76.792655654376574, 19.236946862043851 ], [ 76.792672122327701, 19.236941679227652 ], [ 76.792688590278814, 19.236952044859887 ], [ 76.792699568912894, 19.236941679227655 ], [ 76.792727015498102, 19.236946862043844 ], [ 76.792721526181055, 19.236931313594766 ], [ 76.792737994132182, 19.236915765144207 ], [ 76.792732504815135, 19.236900216692177 ], [ 76.792748972766276, 19.236895033874511 ], [ 76.792748972766276, 19.236869119783702 ], [ 76.792765440717389, 19.236853571327252 ], [ 76.792809355253709, 19.236843205688807 ], [ 76.792809355253709, 19.236827657229899 ], [ 76.792836801838916, 19.236832840049697 ], [ 76.792836801838916, 19.23682247440993 ], [ 76.79287522705819, 19.236822474409934 ], [ 76.792880716375251, 19.236812108769524 ], [ 76.792924630911557, 19.236817291589816 ], [ 76.792935609545637, 19.2368432056888 ], [ 76.79293012022859, 19.236869119783698 ], [ 76.792990502716037, 19.236874302602189 ], [ 76.793039906569405, 19.236827657229899 ], [ 76.793039906569405, 19.236796560307678 ], [ 76.793094799739805, 19.236765463379573 ], [ 76.793078331788692, 19.236744732090887 ], [ 76.793078331788692, 19.236666989735028 ], [ 76.793089310422758, 19.236713635152967 ], [ 76.793083821105725, 19.236656624084809 ], [ 76.793094799739805, 19.236625527130183 ], [ 76.793072842471645, 19.236604795823851 ], [ 76.792968545447891, 19.236615161477346 ], [ 76.79296305613083, 19.236604795823851 ], [ 76.79288620569227, 19.236604795823851 ], [ 76.792880716375251, 19.236594430169699 ], [ 76.792727015498102, 19.236594430169699 ], [ 76.792716036864022, 19.236625527130187 ], [ 76.792688590278814, 19.23662552713019 ], [ 76.792666633010654, 19.236646258433922 ], [ 76.792589782572094, 19.236646258433922 ], [ 76.792578803938014, 19.23666180691 ], [ 76.792584293255061, 19.236687721033526 ], [ 76.792567825303934, 19.236687721033526 ], [ 76.792567825303934, 19.23670845232941 ], [ 76.792622718474334, 19.236806925949079 ], [ 76.792650165059541, 19.236822474409937 ], [ 76.792639186425461, 19.236827657229902 ], [ 76.792644675742494, 19.236858754146223 ], [ 76.792683100961796, 19.236910582327027 ], [ 76.792683100961796, 19.236936496411293 ], [ 76.792655654376574, 19.236889851056677 ], [ 76.792606250523221, 19.236869119783702 ], [ 76.792595271889141, 19.236817291589812 ], [ 76.792573314620981, 19.236817291589816 ], [ 76.792567825303934, 19.236806925949075 ], [ 76.792545868035774, 19.236812108769531 ], [ 76.792534889401693, 19.236822474409937 ], [ 76.792534889401693, 19.236863936965047 ], [ 76.792562335986901, 19.236915765144207 ], [ 76.792562335986901, 19.236946862043848 ], [ 76.792584293255061, 19.236957227675756 ], [ 76.792606250523221, 19.236988324567548 ], [ 76.792622718474334, 19.236998690196838 ], [ 76.792633697108414, 19.236993507382273 ], [ 76.792650165059541, 19.23700905582546 ], [ 76.792650165059541, 19.23704015270744 ], [ 76.792661143693621, 19.237045335520531 ], [ 76.792655654376574, 19.237066066771249 ], [ 76.792672122327701, 19.237081615207583 ], [ 76.792683100961796, 19.23715417455762 ] ] ] } },
{ "type": "Feature", "properties": { "pid": 136, "sam_refined": true, "sam_score": 0.71408325433731079, "tree_frac": 0.0, "built_frac": 0.0, "area_ha": 0.188 }, "geometry": { "type": "Polygon", "coordinates": [ [ [ 76.793264968568039, 19.23721118545302 ], [ 76.79330339378734, 19.237211185453024 ], [ 76.793325351055501, 19.237200819837152 ], [ 76.793341819006613, 19.237174905794607 ], [ 76.793374754908854, 19.237169722985609 ], [ 76.793402201494061, 19.237123077697241 ], [ 76.793418669445174, 19.237117894886602 ], [ 76.793418669445174, 19.237097163642435 ], [ 76.793440626713334, 19.237117894886605 ], [ 76.793468073298541, 19.237117894886609 ], [ 76.793490030566716, 19.237091980830975 ], [ 76.793522966468942, 19.237086798019362 ], [ 76.793517477151894, 19.237060883958819 ], [ 76.793539434420069, 19.237045335520531 ], [ 76.793539434420069, 19.237029787080768 ], [ 76.793561391688229, 19.237019421453443 ], [ 76.793566881005276, 19.236988324567537 ], [ 76.793577859639356, 19.236983141752653 ], [ 76.793594327590455, 19.23699350738227 ], [ 76.793588838273436, 19.237040152707443 ], [ 76.793605306224549, 19.237060883958819 ], [ 76.793610795541596, 19.237019421453439 ], [ 76.793621774175676, 19.237014238639539 ], [ 76.793605306224549, 19.236957227675756 ], [ 76.793610795541596, 19.236915765144207 ], [ 76.793638242126789, 19.236900216692174 ], [ 76.793649220760869, 19.236874302602189 ], [ 76.793649220760869, 19.2367499149133 ], [ 76.793577859639356, 19.236620344303844 ], [ 76.793517477151894, 19.236620344303848 ], [ 76.793511987834876, 19.236656624084802 ], [ 76.793501009200796, 19.236661806909996 ], [ 76.793511987834876, 19.236703269505682 ], [ 76.793490030566716, 19.23670845232941 ], [ 76.793479051932636, 19.236724000799594 ], [ 76.793462583981494, 19.236713635152967 ], [ 76.793468073298541, 19.236656624084805 ], [ 76.793457094664461, 19.236630709956373 ], [ 76.793446116030381, 19.236656624084802 ], [ 76.793424158762221, 19.236661806909996 ], [ 76.793446116030381, 19.23669290385774 ], [ 76.793435137396301, 19.236729183622664 ], [ 76.793479051932636, 19.236749914913311 ], [ 76.793511987834876, 19.236812108769524 ], [ 76.793479051932636, 19.236848388508108 ], [ 76.793435137396301, 19.236853571327259 ], [ 76.793396712177014, 19.236895033874511 ], [ 76.793380244225901, 19.236884668238673 ], [ 76.793259479251006, 19.236879485420506 ], [ 76.793232032665799, 19.236853571327252 ], [ 76.793188118129478, 19.236843205688803 ], [ 76.793160671544285, 19.236817291589816 ], [ 76.793155182227238, 19.23678619466563 ], [ 76.793177139495398, 19.236781011844361 ], [ 76.793177139495398, 19.236770646201329 ], [ 76.793166160861318, 19.236755097735557 ], [ 76.793138714276125, 19.236749914913307 ], [ 76.793182628812446, 19.236744732090894 ], [ 76.793199096763558, 19.23672400079959 ], [ 76.793232032665799, 19.236708452329406 ], [ 76.793253989933959, 19.236661806909996 ], [ 76.793248500616926, 19.236620344303851 ], [ 76.793116757007965, 19.236635892782385 ], [ 76.793083821105725, 19.236656624084809 ], [ 76.793089310422758, 19.236713635152967 ], [ 76.793078331788692, 19.236666989735028 ], [ 76.793078331788692, 19.236744732090887 ], [ 76.793094799739805, 19.236760280557647 ], [ 76.793083821105725, 19.236775829022932 ], [ 76.793149692910205, 19.236843205688807 ], [ 76.793171650178365, 19.236910582327031 ], [ 76.793188118129478, 19.236920947961224 ], [ 76.793199096763558, 19.237045335520527 ], [ 76.793210075397653, 19.237060883958822 ], [ 76.793243011299879, 19.237071249583529 ], [ 76.793253989933959, 19.237112712075813 ], [ 76.79328143651918, 19.237154174557624 ], [ 76.79328143651918, 19.237195637028968 ], [ 76.793264968568039, 19.23721118545302 ] ] ] } },
{ "type": "Feature", "properties": { "pid": 137, "sam_refined": false, "sam_score": 0.7833636999130249, "tree_frac": 0.0, "built_frac": 0.0, "area_ha": 0.097 }, "geometry": { "type": "Polygon", "coordinates": [ [ [ 76.79291914159451, 19.236910582327031 ], [ 76.79288620569227, 19.236952044859883 ], [ 76.79287522705819, 19.236946862043851 ], [ 76.79286424842411, 19.236977958937604 ], [ 76.792831312521869, 19.237003873011229 ], [ 76.792825823204836, 19.237024604267187 ], [ 76.792787397985535, 19.236988324567548 ], [ 76.792776419351469, 19.237009055825464 ], [ 76.792743483449229, 19.237019421453446 ], [ 76.792765440717389, 19.237071249583522 ], [ 76.792792887302582, 19.237091980830975 ], [ 76.792820333887789, 19.237164540176448 ], [ 76.79286424842411, 19.237159357367108 ], [ 76.79289718432635, 19.237200819837149 ], [ 76.79289718432635, 19.237226733875602 ], [ 76.79286424842411, 19.237257830716356 ], [ 76.792803865936662, 19.237247465103422 ], [ 76.792792887302582, 19.237268196328628 ], [ 76.792770930034436, 19.237273379134521 ], [ 76.792770930034436, 19.237294110356444 ], [ 76.792803865936662, 19.237340755596215 ], [ 76.792853269790029, 19.237340755596211 ], [ 76.792858759107077, 19.237330389988522 ], [ 76.792858759107077, 19.237345938399812 ], [ 76.792809355253709, 19.237356304006525 ], [ 76.792814844570756, 19.237371852415365 ], [ 76.792836801838916, 19.237377035217985 ], [ 76.792847780472997, 19.237361486809633 ], [ 76.792891695009317, 19.237371852415365 ], [ 76.79289718432635, 19.237382218020436 ], [ 76.792935609545637, 19.23739258362486 ], [ 76.792968545447891, 19.237439228836649 ], [ 76.79298501339899, 19.237439228836656 ], [ 76.792990502716037, 19.237387400822733 ], [ 76.793001481350117, 19.237361486809636 ], [ 76.793017949301245, 19.237356304006525 ], [ 76.793017949301245, 19.237340755596218 ], [ 76.79299599203307, 19.237320024380182 ], [ 76.792935609545637, 19.237325207184423 ], [ 76.792924630911557, 19.237299293161524 ], [ 76.79290816296043, 19.237294110356444 ], [ 76.79290816296043, 19.237273379134511 ], [ 76.792924630911557, 19.23725264790998 ], [ 76.793006970667165, 19.23723709948985 ], [ 76.793012459984212, 19.237190454220631 ], [ 76.79297403476491, 19.237190454220627 ], [ 76.792957566813811, 19.237154174557624 ], [ 76.79293012022859, 19.237138626128171 ], [ 76.792924630911557, 19.237107529264854 ], [ 76.792891695009317, 19.237102346453725 ], [ 76.792891695009317, 19.237076432395639 ], [ 76.792941098862684, 19.237050518333458 ], [ 76.792946588179731, 19.237003873011236 ], [ 76.792979524081957, 19.236998690196835 ], [ 76.79298501339899, 19.236977958937604 ], [ 76.793001481350117, 19.236967593307007 ], [ 76.793028927935325, 19.236967593307011 ], [ 76.793039906569405, 19.236988324567545 ], [ 76.793067353154612, 19.237003873011229 ], [ 76.793089310422758, 19.237055701146222 ], [ 76.793105778373885, 19.237040152707447 ], [ 76.793105778373885, 19.236957227675756 ], [ 76.793116757007965, 19.236941679227648 ], [ 76.793083821105725, 19.236915765144207 ], [ 76.793078331788692, 19.236853571327252 ], [ 76.793067353154612, 19.236853571327252 ], [ 76.793067353154612, 19.236838022869335 ], [ 76.793056374520532, 19.236832840049697 ], [ 76.793056374520532, 19.236812108769527 ], [ 76.793039906569405, 19.236806925949079 ], [ 76.793039906569405, 19.236827657229899 ], [ 76.792990502716037, 19.236874302602189 ], [ 76.79291914159451, 19.236874302602192 ], [ 76.79291914159451, 19.236910582327031 ] ] ] } },
{ "type": "Feature", "properties": { "pid": 139, "sam_refined": true, "sam_score": 0.81681603193283081, "tree_frac": 0.0, "built_frac": 0.0, "area_ha": 0.063 }, "geometry": { "type": "Polygon", "coordinates": [ [ [ 76.791535833700365, 19.237123077697245 ], [ 76.791563280285558, 19.237123077697245 ], [ 76.791590726870766, 19.237091980830979 ], [ 76.791629152090039, 19.237091980830971 ], [ 76.791667577309326, 19.237107529264851 ], [ 76.791738938430854, 19.237050518333461 ], [ 76.791766385016061, 19.237045335520527 ], [ 76.791848724771654, 19.236988324567545 ], [ 76.791876171356876, 19.236983141752653 ], [ 76.791887149990941, 19.236967593307007 ], [ 76.791865192722781, 19.236946862043851 ], [ 76.791848724771654, 19.23688466823868 ], [ 76.791815788869414, 19.236874302602189 ], [ 76.791766385016061, 19.236879485420509 ], [ 76.791744427747901, 19.236863936965044 ], [ 76.791744427747901, 19.236874302602196 ], [ 76.791727959796759, 19.236874302602196 ], [ 76.791716981162679, 19.236889851056677 ], [ 76.791667577309326, 19.236889851056677 ], [ 76.791645620041166, 19.236920947961227 ], [ 76.791629152090039, 19.236915765144211 ], [ 76.791535833700365, 19.236962410491468 ], [ 76.791535833700365, 19.237123077697245 ] ] ] } },
{ "type": "Feature", "properties": { "pid": 140, "sam_refined": true, "sam_score": 0.63699591159820557, "tree_frac": 0.0, "built_frac": 0.0, "area_ha": 0.125 }, "geometry": { "type": "Polygon", "coordinates": [ [ [ 76.796273114306118, 19.236977958937601 ], [ 76.796295071574292, 19.236983141752649 ], [ 76.796295071574292, 19.236190169147225 ], [ 76.795960223234829, 19.236190169147225 ], [ 76.795998648454116, 19.236241997539057 ], [ 76.796009627088196, 19.236241997539061 ], [ 76.796015116405229, 19.236226449023224 ], [ 76.796042562990451, 19.236226449023228 ], [ 76.796059030941549, 19.236247180377344 ], [ 76.796048052307469, 19.236273094566307 ], [ 76.796108434794931, 19.236319740096128 ], [ 76.796097456160851, 19.23633528860314 ], [ 76.796053541624531, 19.236345654273649 ], [ 76.79608098820971, 19.236366385612719 ], [ 76.796124902746044, 19.236361202778198 ], [ 76.796124902746044, 19.236387116949167 ], [ 76.796135881380124, 19.236397482616407 ], [ 76.796091966843804, 19.236402665449788 ], [ 76.796086477526757, 19.236418213948937 ], [ 76.796097456160851, 19.236433762446605 ], [ 76.796124902746044, 19.236433762446609 ], [ 76.796141370697171, 19.236454493774549 ], [ 76.796124902746044, 19.236490773592145 ], [ 76.796152349331237, 19.236521870572282 ], [ 76.796152349331237, 19.2365633332033 ], [ 76.796190774550524, 19.236594430169699 ], [ 76.796190774550524, 19.236641075608233 ], [ 76.796218221135717, 19.236682538209148 ], [ 76.796212731818684, 19.236713635152963 ], [ 76.796267624989085, 19.236755097735561 ], [ 76.796267624989085, 19.236775829022932 ], [ 76.796251157037958, 19.236775829022928 ], [ 76.796251157037958, 19.236817291589816 ], [ 76.796234689086845, 19.236822474409937 ], [ 76.796229199769797, 19.236806925949079 ], [ 76.796185285233477, 19.236812108769527 ], [ 76.796179795916444, 19.236853571327249 ], [ 76.796212731818684, 19.236858754146226 ], [ 76.796212731818684, 19.236869119783702 ], [ 76.796179795916444, 19.236874302602192 ], [ 76.796179795916444, 19.236905399509684 ], [ 76.796245667720925, 19.236931313594763 ], [ 76.796262135672038, 19.236910582327031 ], [ 76.796278603623165, 19.236910582327031 ], [ 76.796284092940198, 19.236936496411289 ], [ 76.796273114306118, 19.236977958937601 ] ] ] } },
{ "type": "Feature", "properties": { "pid": 142, "sam_refined": true, "sam_score": 0.81754624843597412, "tree_frac": 0.0, "built_frac": 0.0, "area_ha": 0.126 }, "geometry": { "type": "Polygon", "coordinates": [ [ [ 76.792342763305285, 19.237055701146222 ], [ 76.792392167158638, 19.237050518333458 ], [ 76.792436081694959, 19.237019421453439 ], [ 76.792436081694959, 19.237009055825464 ], [ 76.792463528280166, 19.237014238639539 ], [ 76.792463528280166, 19.236988324567548 ], [ 76.792414124426799, 19.236900216692177 ], [ 76.792392167158638, 19.23688466823868 ], [ 76.792353741939365, 19.236786194665633 ], [ 76.792309827403045, 19.236734366445571 ], [ 76.792276891500805, 19.236713635152963 ], [ 76.792243955598551, 19.236708452329406 ], [ 76.792205530379277, 19.236677355384607 ], [ 76.79218906242815, 19.236703269505682 ], [ 76.792227487647452, 19.236713635152967 ], [ 76.792232976964485, 19.23672400079959 ], [ 76.79218906242815, 19.236739549268307 ], [ 76.792161615842957, 19.236806925949079 ], [ 76.792139658574797, 19.236812108769524 ], [ 76.792040850868077, 19.236791377486735 ], [ 76.792051829502157, 19.236781011844364 ], [ 76.792084765404397, 19.236781011844357 ], [ 76.792084765404397, 19.236734366445571 ], [ 76.791974979063582, 19.236724000799594 ], [ 76.791980468380615, 19.23671363515297 ], [ 76.792007914965836, 19.236713635152967 ], [ 76.792018893599916, 19.236703269505679 ], [ 76.792051829502157, 19.236703269505682 ], [ 76.792007914965836, 19.23668772103353 ], [ 76.792007914965836, 19.23666180691 ], [ 76.791996936331742, 19.23666180691 ], [ 76.791996936331742, 19.23669290385774 ], [ 76.791914596576134, 19.236698086681795 ], [ 76.791931064527262, 19.236770646201325 ], [ 76.791969489746535, 19.236791377486735 ], [ 76.791969489746535, 19.236812108769527 ], [ 76.791991447014695, 19.236832840049701 ], [ 76.791991447014695, 19.236848388508111 ], [ 76.792024382916949, 19.236874302602189 ], [ 76.792035361551029, 19.236905399509688 ], [ 76.79209025472143, 19.236941679227648 ], [ 76.79212319062367, 19.236983141752649 ], [ 76.79214514789183, 19.236988324567545 ], [ 76.79214514789183, 19.237029787080772 ], [ 76.79215612652591, 19.237050518333458 ], [ 76.79220004106223, 19.237045335520527 ], [ 76.792211019696325, 19.237019421453446 ], [ 76.792194551745197, 19.237014238639539 ], [ 76.792172594477037, 19.237024604267187 ], [ 76.79216710515999, 19.237009055825464 ], [ 76.79220004106223, 19.23699350738227 ], [ 76.792211019696325, 19.237009055825467 ], [ 76.792293359451932, 19.237019421453446 ], [ 76.792342763305285, 19.237055701146222 ] ] ] } },
{ "type": "Feature", "properties": { "pid": 144, "sam_refined": true, "sam_score": 0.62870490550994873, "tree_frac": 0.0, "built_frac": 0.0, "area_ha": 0.064 }, "geometry": { "type": "Polygon", "coordinates": [ [ [ 76.791903617942054, 19.236641075608233 ], [ 76.791969489746535, 19.236641075608233 ], [ 76.791991447014695, 19.23662552713019 ], [ 76.791980468380615, 19.236558150374997 ], [ 76.791991447014695, 19.236547784717899 ], [ 76.79209025472143, 19.236542601889106 ], [ 76.792117701306637, 19.236501139252855 ], [ 76.79212319062367, 19.236516687742675 ], [ 76.79213416925775, 19.236516687742672 ], [ 76.79211221198959, 19.236449310942803 ], [ 76.79206829745327, 19.236413031116051 ], [ 76.792073786770317, 19.236345654273652 ], [ 76.792018893599916, 19.236345654273652 ], [ 76.792002425648789, 19.236366385612719 ], [ 76.791920085893182, 19.236407848283001 ], [ 76.791903617942054, 19.236433762446605 ], [ 76.791810299552381, 19.236454493774549 ], [ 76.791804810235334, 19.236511504912894 ], [ 76.791815788869414, 19.23655296754653 ], [ 76.791854214088701, 19.236594430169699 ], [ 76.791881660673894, 19.236604795823844 ], [ 76.791903617942054, 19.236641075608233 ] ] ] } },
{ "type": "Feature", "properties": { "pid": 146, "sam_refined": true, "sam_score": 0.87061393260955811, "tree_frac": 0.0, "built_frac": 0.0, "area_ha": 0.173 }, "geometry": { "type": "Polygon", "coordinates": [ [ [ 76.794247556318254, 19.236672172559906 ], [ 76.794302449488669, 19.236666989735035 ], [ 76.794384789244276, 19.236635892782388 ], [ 76.794489086268044, 19.236527053401737 ], [ 76.794483596950997, 19.236423396781653 ], [ 76.794412235829469, 19.236340471438474 ], [ 76.794412235829469, 19.236319740096132 ], [ 76.794428703780596, 19.236293825914533 ], [ 76.794445171731709, 19.236288643077717 ], [ 76.794445171731709, 19.236267911728838 ], [ 76.794434193097629, 19.236262728891212 ], [ 76.794434193097629, 19.236241997539057 ], [ 76.794406746512436, 19.236231631862001 ], [ 76.794412235829469, 19.236210900505924 ], [ 76.794390278561309, 19.2362057176665 ], [ 76.794384789244276, 19.236190169147225 ], [ 76.79405543022186, 19.236190169147221 ], [ 76.79405543022186, 19.236231631862001 ], [ 76.794082876807053, 19.236221266184284 ], [ 76.79409934475818, 19.236247180377344 ], [ 76.79412130202634, 19.23624718037734 ], [ 76.794132280660421, 19.236262728891212 ], [ 76.794126791343373, 19.236288643077721 ], [ 76.794093855441133, 19.236299008751178 ], [ 76.79409934475818, 19.236361202778198 ], [ 76.794071898172959, 19.236413031116047 ], [ 76.794082876807053, 19.236470042268785 ], [ 76.79412130202634, 19.236506322082956 ], [ 76.794132280660421, 19.236537419060145 ], [ 76.794159727245614, 19.236547784717899 ], [ 76.794176195196741, 19.23657369885942 ], [ 76.794247556318254, 19.236594430169699 ], [ 76.794236577684174, 19.236635892782381 ], [ 76.794236577684174, 19.23666180691 ], [ 76.794247556318254, 19.236672172559906 ] ] ] } },
{ "type": "Feature", "properties": { "pid": 149, "sam_refined": true, "sam_score": 0.84340488910675049, "tree_frac": 0.0, "built_frac": 0.0, "area_ha": 0.106 }, "geometry": { "type": "Polygon", "coordinates": [ [ [ 76.795619885578333, 19.236558150375 ], [ 76.79565831079762, 19.236521870572286 ], [ 76.79568026806578, 19.236527053401733 ], [ 76.795674778748733, 19.236506322082953 ], [ 76.795768097138435, 19.236428579614213 ], [ 76.795779075772515, 19.236428579614216 ], [ 76.795801033040661, 19.236495956422583 ], [ 76.795822990308835, 19.236490773592145 ], [ 76.795828479625868, 19.236190169147218 ], [ 76.795477163335278, 19.236190169147225 ], [ 76.795488141969372, 19.236236814700607 ], [ 76.795504609920499, 19.236252363215463 ], [ 76.795504609920499, 19.236299008751182 ], [ 76.795488141969372, 19.236304191587671 ], [ 76.795482652652325, 19.236319740096132 ], [ 76.795488141969372, 19.236361202778198 ], [ 76.795499120603438, 19.236340471438474 ], [ 76.795515588554565, 19.236340471438474 ], [ 76.795532056505678, 19.236361202778198 ], [ 76.795548524456805, 19.236407848282997 ], [ 76.795564992407932, 19.236418213948937 ], [ 76.795575971042012, 19.236475225099873 ], [ 76.795603417627206, 19.236501139252855 ], [ 76.795619885578333, 19.236558150375 ] ] ] } },
{ "type": "Feature", "properties": { "pid": 150, "sam_refined": true, "sam_score": 0.8509063720703125, "tree_frac": 0.0, "built_frac": 0.0, "area_ha": 0.094 }, "geometry": { "type": "Polygon", "coordinates": [ [ [ 76.79451104353619, 19.236413031116047 ], [ 76.794587893974764, 19.236413031116047 ], [ 76.794664744413325, 19.23637675128127 ], [ 76.794692190998518, 19.23637675128127 ], [ 76.794714148266678, 19.236361202778198 ], [ 76.794714148266678, 19.236340471438474 ], [ 76.794769041437078, 19.23631455726014 ], [ 76.794780020071158, 19.236299008751182 ], [ 76.79492823163126, 19.236278277403606 ], [ 76.794955678216454, 19.23624718037734 ], [ 76.794955678216454, 19.23621608334518 ], [ 76.794977635484614, 19.236190169147225 ], [ 76.794423214463549, 19.236190169147218 ], [ 76.794456150365789, 19.236247180377344 ], [ 76.794445171731709, 19.23627827740361 ], [ 76.794456150365789, 19.236366385612719 ], [ 76.79447810763395, 19.236402665449788 ], [ 76.79451104353619, 19.236413031116047 ] ] ] } }
]
}
