{
  "type": "FeatureCollection",
  "features": [
    {
      "type": "Feature",
      "geometry": {
        "bbox": [
          74.89320692764825,
          18.170277201327032,
          74.93452955723993,
          18.223576783305425
        ],
        "type": "MultiPolygon",
        "coordinates": [
          [
            [
              [
                74.89978529693373,
                18.18582318962324
              ],
              [
                74.89977972566803,
                18.185821994829677
              ],
              [
                74.89977408077756,
                18.185821174411803
              ],
              [
                74.89976838976361,
                18.1858207323666
              ],
              [
                74.89976268035217,
                18.185820670847665
              ],
              [
                74.8997569803589,
                18.185820990154706
              ],
              [
                74.89975131755355,
                18.18582168873211
              ],
              [
                74.89974571952472,
                18.18582276317646
              ],
              [
                74.8997402135454,
                18.18582420825319
              ],
              [
                74.8997348264401,
                18.18582601692204
              ],
              [
                74.89972958445428,
                18.185828180371363
              ],
              [
                74.89972451312632,
                18.185830688061074
              ],
              [
                74.8997196371632,
                18.185833527773966
              ],
              [
                74.8997149803201,
                18.185836685675255
              ],
              [
                74.89971056528469,
                18.18584014637999
              ],
              [
                74.89970641356655,
                18.185843893027975
              ],
              [
                74.89970254539246,
                18.185847907365936
              ],
              [
                74.89969897960775,
                18.185852169836448
              ],
              [
                74.8996957335846,
                18.18585665967319
              ],
              [
                74.8996928231373,
                18.185861355002146
              ],
              [
                74.89969026244528,
                18.185866232948165
              ],
              [
                74.899688063984,
                18.185871269746393
              ],
              [
                74.89968623846417,
                18.185876440858074
              ],
              [
                74.89968479477957,
                18.185881721090087
              ],
              [
                74.8996837399637,
                18.18588708471766
              ],
              [
                74.8996830791556,
                18.185892505609765
              ],
              [
                74.89968281557462,
                18.18589795735636
              ],
              [
                74.899682950505,
                18.18590341339708
              ],
              [
                74.89968348328937,
                18.18590884715065
              ],
              [
                74.89968441133213,
                18.185914232144363
              ],
              [
                74.89968573011195,
                18.18591954214306
              ],
              [
                74.89968743320397,
                18.185924751276954
              ],
              [
                74.89968951231081,
                18.185929834167677
              ],
              [
                74.89969195730339,
                18.18593476605186
              ],
              [
                74.89969475626995,
                18.18593952290186
              ],
              [
                74.89969789557422,
                18.185944081542754
              ],
              [
                74.89970135992185,
                18.185948419765303
              ],
              [
                74.89970513243489,
                18.1859525164341
              ],
              [
                74.89970919473403,
                18.185956351590562
              ],
              [
                74.89971352702818,
                18.185959906550185
              ],
              [
                74.89971810821082,
                18.185963163993534
              ],
              [
                74.89972291596288,
                18.185966108050664
              ],
              [
                74.89972549127874,
                18.185967452693816
              ],
              [
                74.89947202948227,
                18.186411981340612
              ],
              [
                74.89905899803169,
                18.187167977650837
              ],
              [
                74.89905783540526,
                18.187167370610588
              ],
              [
                74.89905264574632,
                18.187165094740635
              ],
              [
                74.89904730263474,
                18.187163170433422
              ],
              [
                74.8990418321015,
                18.187161607063956
              ],
              [
                74.89903626079855,
                18.18716041224882
              ],
              [
                74.89903061586864,
                18.187159591809017
              ],
              [
                74.89902492481329,
                18.18715914974165
              ],
              [
                74.89901921535868,
                18.187159088200406
              ],
              [
                74.89901351532069,
                18.18715940748512
              ],
              [
                74.89900785246928,
                18.187160106040274
              ],
              [
                74.89900225439325,
                18.187161180462578
              ],
              [
                74.89899674836586,
                18.187162625517555
              ],
              [
                74.89899136121186,
                18.187164434165066
              ],
              [
                74.89898611917691,
                18.18716659759356
              ],
              [
                74.89898104779964,
                18.187169105263035
              ],
              [
                74.89897617178727,
                18.18717194495642
              ],
              [
                74.89897151489524,
                18.18717510283901
              ],
              [
                74.89896709981144,
                18.18717856352593
              ],
              [
                74.89896294804569,
                18.187182310157095
              ],
              [
                74.898959079825,
                18.1871863244793
              ],
              [
                74.89895551399493,
                18.18719058693519
              ],
              [
                74.89895226792788,
                18.187195076758524
              ],
              [
                74.89894935743835,
                18.187199772075356
              ],
              [
                74.898946796706,
                18.187204650010585
              ],
              [
                74.89894459820646,
                18.187209686799424
              ],
              [
                74.89894277265061,
                18.18721485790314
              ],
              [
                74.89894132893244,
                18.187220138128655
              ],
              [
                74.8989402740856,
                18.187225501751254
              ],
              [
                74.89893961324927,
                18.187230922639912
              ],
              [
                74.89893934964297,
                18.187236374384607
              ],
              [
                74.89893948455105,
                18.18724183042498
              ],
              [
                74.89894001731622,
                18.187247264179767
              ],
              [
                74.89894094534299,
                18.187252649176237
              ],
              [
                74.89894226411015,
                18.18725795917924
              ],
              [
                74.8989439671928,
                18.187263168318967
              ],
              [
                74.89894604629374,
                18.187268251217
              ],
              [
                74.89894849128382,
                18.18727318310995
              ],
              [
                74.8989512902513,
                18.18727793997012
              ],
              [
                74.89895442955998,
                18.18728249862256
              ],
              [
                74.89895789391538,
                18.18728683685796
              ],
              [
                74.8989616664396,
                18.187290933540844
              ],
              [
                74.89896572875324,
                18.187294768712565
              ],
              [
                74.89897006106514,
                18.187298323688548
              ],
              [
                74.8989746422687,
                18.187301581149285
              ],
              [
                74.89897945004473,
                18.18730452522474
              ],
              [
                74.89898446097023,
                18.187307141571647
              ],
              [
                74.89898965063247,
                18.187309417443423
              ],
              [
                74.89899303419956,
                18.187310636026137
              ],
              [
                74.89876005623172,
                18.187918725715512
              ],
              [
                74.89845695899221,
                18.188674178937497
              ],
              [
                74.89845384033354,
                18.188673055759658
              ],
              [
                74.89844836975868,
                18.18867149237333
              ],
              [
                74.89844279841198,
                18.188670297540952
              ],
              [
                74.89843715343639,
                18.188669477083607
              ],
              [
                74.89843146233368,
                18.18866903499848
              ],
              [
                74.89842575283024,
                18.18866897343937
              ],
              [
                74.8984200527422,
                18.188669292706177
              ],
              [
                74.89841438983974,
                18.188669991243472
              ],
              [
                74.89840879171197,
                18.188671065648048
              ],
              [
                74.89840328563231,
                18.188672510685528
              ],
              [
                74.89839789842584,
                18.18867431931584
              ],
              [
                74.89839265633844,
                18.18867648272754
              ],
              [
                74.89838758490903,
                18.188678990380705
              ],
              [
                74.89838270884506,
                18.188681830058314
              ],
              [
                74.89837805190218,
                18.188684987925765
              ],
              [
                74.89837363676858,
                18.188688448598256
              ],
              [
                74.89836948495433,
                18.188692195215765
              ],
              [
                74.89836561668666,
                18.18869620952515
              ],
              [
                74.89836205081136,
                18.188700471969135
              ],
              [
                74.89835880470102,
                18.188704961781525
              ],
              [
                74.8983558941704,
                18.188709657088424
              ],
              [
                74.89835333339931,
                18.188714535014785
              ],
              [
                74.89835113486362,
                18.188719571795858
              ],
              [
                74.89834930927437,
                18.18872474289296
              ],
              [
                74.89834786552568,
                18.18873002311304
              ],
              [
                74.8983468106514,
                18.1887353867314
              ],
              [
                74.89834614979078,
                18.188740807617037
              ],
              [
                74.89834588616354,
                18.188746259359966
              ],
              [
                74.89834602105407,
                18.188751715399817
              ],
              [
                74.89834655380518,
                18.188757149155318
              ],
              [
                74.89834748182146,
                18.18876253415377
              ],
              [
                74.89834880058173,
                18.18876784415999
              ],
              [
                74.89835050366116,
                18.188773053304136
              ],
              [
                74.89835258276253,
                18.18877813620779
              ],
              [
                74.8983550277567,
                18.18878306810755
              ],
              [
                74.89835782673192,
                18.18878782497567
              ],
              [
                74.89836096605191,
                18.188792383637153
              ],
              [
                74.89836443042222,
                18.188796721882643
              ],
              [
                74.89836820296478,
                18.188800818576635
              ],
              [
                74.89837226530017,
                18.18880465376042
              ],
              [
                74.8983765976371,
                18.188808208749357
              ],
              [
                74.89838117886882,
                18.18881146622388
              ],
              [
                74.89838598667606,
                18.18881441031388
              ],
              [
                74.89839099763563,
                18.188817026676038
              ],
              [
                74.89839618733463,
                18.18881930256367
              ],
              [
                74.8983984118284,
                18.18882010371015
              ],
              [
                74.8983732450437,
                18.188882830105996
              ],
              [
                74.89790441859655,
                18.189906404755384
              ],
              [
                74.89779161243953,
                18.190182111023553
              ],
              [
                74.89778798935887,
                18.190180806176183
              ],
              [
                74.89778251874313,
                18.190179242770927
              ],
              [
                74.89777694735324,
                18.1901780479192
              ],
              [
                74.8977713023324,
                18.190177227442188
              ],
              [
                74.89776561118256,
                18.190176785337165
              ],
              [
                74.8977599016304,
                18.190176723758018
              ],
              [
                74.89775420149225,
                18.19017704300477
              ],
              [
                74.89774853853855,
                18.19017774152206
              ],
              [
                74.89774294035864,
                18.1901788159068
              ],
              [
                74.89773743422623,
                18.190180260924706
              ],
              [
                74.8977320469666,
                18.190182069535794
              ],
              [
                74.89772680482594,
                18.19018423292871
              ],
              [
                74.89772173334339,
                18.190186740563636
              ],
              [
                74.89771685722668,
                18.190189580223638
              ],
              [
                74.89771220023175,
                18.19019273807419
              ],
              [
                74.897707785047,
                18.190196198730575
              ],
              [
                74.89770363318276,
                18.19019994533285
              ],
              [
                74.89769976486647,
                18.190203959627954
              ],
              [
                74.89769619894422,
                18.19020822205867
              ],
              [
                74.8976929527888,
                18.190212711858877
              ],
              [
                74.89769004221517,
                18.190217407154734
              ],
              [
                74.89768748140338,
                18.19022228507125
              ],
              [
                74.89768528282949,
                18.19022732184372
              ],
              [
                74.8976834572047,
                18.19023249293351
              ],
              [
                74.89768201342336,
                18.190237773147594
              ],
              [
                74.89768095851942,
                18.190243136761314
              ],
              [
                74.89768029763232,
                18.190248557643685
              ],
              [
                74.89768003398187,
                18.190254009384724
              ],
              [
                74.89768016885257,
                18.19025946542409
              ],
              [
                74.89768070158739,
                18.19026489918052
              ],
              [
                74.89768162959095,
                18.190270284181274
              ],
              [
                74.89768294834212,
                18.19027559419118
              ],
              [
                74.89768465141613,
                18.1902808033404
              ],
              [
                74.89768673051582,
                18.190285886250464
              ],
              [
                74.897689175512,
                18.190290818157933
              ],
              [
                74.89769197449294,
                18.19029557503504
              ],
              [
                74.89769511382235,
                18.19030013370674
              ],
              [
                74.8976985782057,
                18.190304471963632
              ],
              [
                74.89770235076487,
                18.190308568670144
              ],
              [
                74.89770641312036,
                18.190312403867512
              ],
              [
                74.89771074548078,
                18.19031595887103
              ],
              [
                74.89771532673929,
                18.19031921636107
              ],
              [
                74.89772013457643,
                18.19032216046742
              ],
              [
                74.89772514556893,
                18.1903247768467
              ],
              [
                74.89773033530368,
                18.190327052752153
              ],
              [
                74.89773259625399,
                18.19032786703031
              ],
              [
                74.89734362067868,
                18.191411429938572
              ],
              [
                74.89734323154548,
                18.19141128979275
              ],
              [
                74.89733776089545,
                18.191409726374854
              ],
              [
                74.89733218946962,
                18.191408531510195
              ],
              [
                74.89732654441137,
                18.19140771102002
              ],
              [
                74.89732085322282,
                18.191407268901678
              ],
              [
                74.89731514363085,
                18.191407207309126
              ],
              [
                74.89730944345196,
                18.191407526542417
              ],
              [
                74.89730378045682,
                18.191408225046303
              ],
              [
                74.89729818223493,
                18.191409299417728
              ],
              [
                74.89729267606025,
                18.191410744422484
              ],
              [
                74.89728728875825,
                18.19141255302066
              ],
              [
                74.89728204657531,
                18.191414716400942
              ],
              [
                74.8972769750508,
                18.191417224023585
              ],
              [
                74.89727209889264,
                18.191420063671725
              ],
              [
                74.89726744185698,
                18.19142322151088
              ],
              [
                74.8972630266324,
                18.1914266821564
              ],
              [
                74.89725887472945,
                18.191430428748387
              ],
              [
                74.89725500637574,
                18.191434443033838
              ],
              [
                74.89725144041756,
                18.191438705455568
              ],
              [
                74.89724819422786,
                18.191443195247512
              ],
              [
                74.89724528362176,
                18.191447890535873
              ],
              [
                74.8972427227795,
                18.191452768445675
              ],
              [
                74.89724052417723,
                18.19145780521227
              ],
              [
                74.89723869852638,
                18.19146297629704
              ],
              [
                74.89723725472132,
                18.191468256506987
              ],
              [
                74.8972361997962,
                18.191473620117474
              ],
              [
                74.89723553889051,
                18.191479040997528
              ],
              [
                74.89723527522418,
                18.191484492737185
              ],
              [
                74.89723541008178,
                18.1914899487761
              ],
              [
                74.89723594280636,
                18.191495382533013
              ],
              [
                74.89723687080254,
                18.191500767535192
              ],
              [
                74.8972381895493,
                18.19150607754745
              ],
              [
                74.89723989262183,
                18.191511286699942
              ],
              [
                74.89724197172296,
                18.191516369614185
              ],
              [
                74.8972444167236,
                18.191521301526706
              ],
              [
                74.8972472157119,
                18.191526058409732
              ],
              [
                74.89725035505154,
                18.19153061708817
              ],
              [
                74.89725381944798,
                18.191534955352594
              ],
              [
                74.89725759202304,
                18.191539052067395
              ],
              [
                74.8972616543971,
                18.191542887273776
              ],
              [
                74.89726598677869,
                18.19154644228698
              ],
              [
                74.89727056806089,
                18.191549699787327
              ],
              [
                74.89727537592414,
                18.191552643904576
              ],
              [
                74.89728038694497,
                18.191555260295274
              ],
              [
                74.89728557671022,
                18.19155753621261
              ],
              [
                74.89729053080232,
                18.191559320422602
              ],
              [
                74.89723547484488,
                18.19171268746169
              ],
              [
                74.89706712964089,
                18.19222839829499
              ],
              [
                74.89691332282078,
                18.19261953782451
              ],
              [
                74.89675479273568,
                18.193010200219625
              ],
              [
                74.89675138350938,
                18.19300897239043
              ],
              [
                74.89674591281498,
                18.193007408955697
              ],
              [
                74.89674034134255,
                18.193006214073836
              ],
              [
                74.8967346962358,
                18.19300539356616
              ],
              [
                74.89672900499703,
                18.193004951430094
              ],
              [
                74.89672329535335,
                18.193004889819687
              ],
              [
                74.89671759512154,
                18.1930052090351
              ],
              [
                74.89671193207252,
                18.193005907521137
              ],
              [
                74.89670633379606,
                18.193006981874856
              ],
              [
                74.89670082756636,
                18.193008426862125
              ],
              [
                74.89669544020921,
                18.19301023544312
              ],
              [
                74.8966901979712,
                18.193012398806612
              ],
              [
                74.89668512639199,
                18.193014906412934
              ],
              [
                74.89668025017977,
                18.1930177460453
              ],
              [
                74.89667559309096,
                18.193020903869307
              ],
              [
                74.8966711778144,
                18.193024364500385
              ],
              [
                74.89666702586086,
                18.193028111078696
              ],
              [
                74.89666315745825,
                18.193032125351312
              ],
              [
                74.89665959145304,
                18.19303638776111
              ],
              [
                74.89665634521845,
                18.193040877542074
              ],
              [
                74.89665343456981,
                18.19304557282047
              ],
              [
                74.89665087368756,
                18.193050450721376
              ],
              [
                74.89664867504807,
                18.19305548748017
              ],
              [
                74.8966468493629,
                18.193060658558277
              ],
              [
                74.89664540552666,
                18.193065938762743
              ],
              [
                74.89664435057357,
                18.193071302368946
              ],
              [
                74.89664368964331,
                18.193076723245944
              ],
              [
                74.89664342595592,
                18.193082174983775
              ],
              [
                74.89664356079606,
                18.193087631022113
              ],
              [
                74.89664409350688,
                18.1930930647797
              ],
              [
                74.89664502149307,
                18.193098449783797
              ],
              [
                74.89664634023362,
                18.19310375979921
              ],
              [
                74.8966480433038,
                18.19310896895607
              ],
              [
                74.89665012240644,
                18.193114051875884
              ],
              [
                74.8966525674124,
                18.193118983795156
              ],
              [
                74.89665536640987,
                18.193123740686058
              ],
              [
                74.89665850576245,
                18.193128299373488
              ],
              [
                74.89666197017553,
                18.193132637647953
              ],
              [
                74.89666574277085,
                18.193136734373805
              ],
              [
                74.89666980516874,
                18.1931405695922
              ],
              [
                74.89667413757753,
                18.1931441246183
              ],
              [
                74.89667871889023,
                18.193147382132377
              ],
              [
                74.8966835267871,
                18.19315032626413
              ],
              [
                74.89668853784455,
                18.193152942670018
              ],
              [
                74.89669372764918,
                18.193155218603174
              ],
              [
                74.896695661688,
                18.193155915145272
              ],
              [
                74.89666092998935,
                18.193241503339536
              ],
              [
                74.89650776351971,
                18.19362114373775
              ],
              [
                74.89651539199666,
                18.193745588648692
              ],
              [
                74.89650954379239,
                18.19375016746535
              ],
              [
                74.89650951777594,
                18.19375013488658
              ],
              [
                74.89650574517117,
                18.19374603815787
              ],
              [
                74.89650168276296,
                18.193742202936207
              ],
              [
                74.89649735034294,
                18.19373864790637
              ],
              [
                74.89649276901827,
                18.1937353903881
              ],
              [
                74.89648796110863,
                18.19373244625169
              ],
              [
                74.8964829500377,
                18.193729829840656
              ],
              [
                74.89647776021887,
                18.193727553901873
              ],
              [
                74.8964724169364,
                18.19372562952347
              ],
              [
                74.8964669462222,
                18.19372406608081
              ],
              [
                74.89646137472901,
                18.193722871190836
              ],
              [
                74.89645572960058,
                18.193722050674904
              ],
              [
                74.8964500383393,
                18.193721608530495
              ],
              [
                74.89644432867243,
                18.19372154691168
              ],
              [
                74.89643862841686,
                18.19372186611867
              ],
              [
                74.89643296534362,
                18.19372256459631
              ],
              [
                74.8964273670426,
                18.193723638941687
              ],
              [
                74.89642186078812,
                18.19372508392072
              ],
              [
                74.89641647340608,
                18.193726892493626
              ],
              [
                74.8964112311432,
                18.193729055849214
              ],
              [
                74.89640615953927,
                18.19373156344786
              ],
              [
                74.89640128330258,
                18.193734403072803
              ],
              [
                74.89639662618968,
                18.19373756088969
              ],
              [
                74.89639221088953,
                18.193741021513972
              ],
              [
                74.89638805891302,
                18.19374476808586
              ],
              [
                74.89638419048816,
                18.193748782352444
              ],
              [
                74.89638062446153,
                18.193753044756637
              ],
              [
                74.89637737820645,
                18.19375753453245
              ],
              [
                74.8963744675384,
                18.19376222980616
              ],
              [
                74.89637190663784,
                18.193767107702897
              ],
              [
                74.89636970798124,
                18.193772144458034
              ],
              [
                74.89636788228029,
                18.19377731553303
              ],
              [
                74.89636643842964,
                18.193782595734934
              ],
              [
                74.89636538346359,
                18.193787959339133
              ],
              [
                74.8963647225219,
                18.19379338021471
              ],
              [
                74.89636445882464,
                18.1937988319517
              ],
              [
                74.89636459365653,
                18.193804287989796
              ],
              [
                74.89636512636075,
                18.193809721747705
              ],
              [
                74.89636605434204,
                18.193815106752734
              ],
              [
                74.89636737307941,
                18.193820416769654
              ],
              [
                74.89636907614813,
                18.193825625928596
              ],
              [
                74.89637115525106,
                18.19383070885105
              ],
              [
                74.89637360025903,
                18.193835640773518
              ],
              [
                74.89637639926023,
                18.19384039766815
              ],
              [
                74.89637953861826,
                18.19384495635983
              ],
              [
                74.89638300303847,
                18.193849294639044
              ],
              [
                74.8963867756426,
                18.193853391370123
              ],
              [
                74.89639083805082,
                18.19385722659418
              ],
              [
                74.89639517047156,
                18.193860781626377
              ],
              [
                74.89639975179769,
                18.193864039146934
              ],
              [
                74.89640455970942,
                18.193866983285524
              ],
              [
                74.89640957078309,
                18.193869599698587
              ],
              [
                74.89641476060521,
                18.1938718756392
              ],
              [
                74.89642010389149,
                18.19387380001919
              ],
              [
                74.89642557460992,
                18.193875363463178
              ],
              [
                74.89642580044689,
                18.1938754118973
              ],
              [
                74.89631021753767,
                18.194303040278374
              ],
              [
                74.89602393647206,
                18.195390532252755
              ],
              [
                74.89589845146044,
                18.19580737822548
              ],
              [
                74.89586950204405,
                18.195903544373483
              ],
              [
                74.89571602525422,
                18.19652587069939
              ],
              [
                74.89562034391554,
                18.196890682870237
              ],
              [
                74.89545016082955,
                18.197539550083174
              ],
              [
                74.89541771557553,
                18.197670118711166
              ],
              [
                74.8952809863613,
                18.19822035244265
              ],
              [
                74.89527720782505,
                18.198219542075226
              ],
              [
                74.89527156255768,
                18.198218721524164
              ],
              [
                74.89526587115373,
                18.198218279344125
              ],
              [
                74.89526016134107,
                18.19821821768938
              ],
              [
                74.89525446093734,
                18.19821853686031
              ],
              [
                74.89524879771427,
                18.19821923530193
              ],
              [
                74.89524319926248,
                18.198220309611514
              ],
              [
                74.89523769285702,
                18.198221754555146
              ],
              [
                74.89523230532454,
                18.198223563093205
              ],
              [
                74.89522706291253,
                18.198225726414694
              ],
              [
                74.89522199116142,
                18.198228233980142
              ],
              [
                74.89521711478031,
                18.19823107357295
              ],
              [
                74.89521245752637,
                18.19823423135892
              ],
              [
                74.8952080420893,
                18.198237691953658
              ],
              [
                74.89520388998064,
                18.19824143849752
              ],
              [
                74.89520002142903,
                18.198245452737716
              ],
              [
                74.89519645528169,
                18.198249715117313
              ],
              [
                74.89519320891254,
                18.198254204870427
              ],
              [
                74.89519029813758,
                18.19825890012345
              ],
              [
                74.89518773713779,
                18.198263778001607
              ],
              [
                74.89518553839018,
                18.19826881474037
              ],
              [
                74.89518371260682,
                18.19827398580127
              ],
              [
                74.89518226868279,
                18.198279265991427
              ],
              [
                74.89518121365278,
                18.198284629586297
              ],
              [
                74.89518055265677,
                18.198290050454986
              ],
              [
                74.89518028891516,
                18.198295502187577
              ],
              [
                74.89518042371289,
                18.198300958223776
              ],
              [
                74.89518095639329,
                18.198306391982328
              ],
              [
                74.89518188436122,
                18.198311776990494
              ],
              [
                74.89518320309574,
                18.198317087013056
              ],
              [
                74.89518490617215,
                18.19832229618011
              ],
              [
                74.89518698529328,
                18.198327379113103
              ],
              [
                74.89518943032985,
                18.198332311048492
              ],
              [
                74.89519222936995,
                18.198337067958374
              ],
              [
                74.89519536877694,
                18.19834162666753
              ],
              [
                74.89519883325596,
                18.19834596496639
              ],
              [
                74.89520260592842,
                18.198350061719168
              ],
              [
                74.89520666841425,
                18.198353896966886
              ],
              [
                74.89521100092144,
                18.198357452024585
              ],
              [
                74.89521558234242,
                18.198360709572363
              ],
              [
                74.89522039035697,
                18.198363653739754
              ],
              [
                74.89522540154091,
                18.198366270183058
              ],
              [
                74.89523059148026,
                18.19836854615522
              ],
              [
                74.89523593489008,
                18.1983704705679
              ],
              [
                74.89523828392154,
                18.19837114188219
              ],
              [
                74.89503793829765,
                18.199000200001397
              ],
              [
                74.894999401512,
                18.199098957684456
              ],
              [
                74.89499698930727,
                18.199098088936566
              ],
              [
                74.89499151843914,
                18.199096525451953
              ],
              [
                74.89498594678575,
                18.199095330519008
              ],
              [
                74.89498030149161,
                18.19909450995931
              ],
              [
                74.89497461006003,
                18.199094067770538
              ],
              [
                74.89496890021901,
                18.199094006106993
              ],
              [
                74.89496319978632,
                18.199094325269094
              ],
              [
                74.89495753653384,
                18.19909502370191
              ],
              [
                74.8949519380523,
                18.199096098002745
              ],
              [
                74.89494643161696,
                18.199097542937743
              ],
              [
                74.89494104405456,
                18.199099351467314
              ],
              [
                74.89493580161273,
                18.1991015147805
              ],
              [
                74.89493072983211,
                18.199104022337867
              ],
              [
                74.89492585342188,
                18.19910686192287
              ],
              [
                74.89492119613939,
                18.19911001970134
              ],
              [
                74.89491678067446,
                18.199113480288922
              ],
              [
                74.89491262853875,
                18.199117226825997
              ],
              [
                74.89490875996108,
                18.19912124105983
              ],
              [
                74.89490519378877,
                18.1991255034335
              ],
              [
                74.89490194739584,
                18.199129993181156
              ],
              [
                74.89489903659843,
                18.199134688429226
              ],
              [
                74.89489647557765,
                18.199139566302946
              ],
              [
                74.89489427681056,
                18.199144603037816
              ],
              [
                74.89489245100935,
                18.199149774095382
              ],
              [
                74.89489100706922,
                18.199155054282787
              ],
              [
                74.89488995202485,
                18.199160417875493
              ],
              [
                74.89488929101643,
                18.199165838742626
              ],
              [
                74.8948890272643,
                18.19917129047427
              ],
              [
                74.89488916205347,
                18.199176746510137
              ],
              [
                74.89488969472735,
                18.19918218026896
              ],
              [
                74.89489062269081,
                18.199187565278024
              ],
              [
                74.89489194142296,
                18.19919287530209
              ],
              [
                74.89489364449908,
                18.199198084471252
              ],
              [
                74.89489572362196,
                18.19920316740695
              ],
              [
                74.8948981686624,
                18.199208099345622
              ],
              [
                74.89490096770841,
                18.19921285625934
              ],
              [
                74.89490410712335,
                18.19921741497289
              ],
              [
                74.89490757161232,
                18.199221753276664
              ],
              [
                74.89491134429667,
                18.199225850034857
              ],
              [
                74.8949154067963,
                18.199229685288458
              ],
              [
                74.89491973931908,
                18.199233240352488
              ],
              [
                74.8949243207574,
                18.199236497907005
              ],
              [
                74.89492912879096,
                18.199239442081527
              ],
              [
                74.89493413999547,
                18.1992420585323
              ],
              [
                74.89493932995684,
                18.199244334512237
              ],
              [
                74.89494226118362,
                18.199245390184405
              ],
              [
                74.89482260496374,
                18.199552030182844
              ],
              [
                74.89463162777528,
                18.200041440226524
              ],
              [
                74.89461921557658,
                18.20007812719052
              ],
              [
                74.89461474157855,
                18.200076848592637
              ],
              [
                74.89460916989667,
                18.200075653648728
              ],
              [
                74.89460352457283,
                18.20007483307788
              ],
              [
                74.89459783311044,
                18.20007439087783
              ],
              [
                74.8945921232377,
                18.20007432920292
              ],
              [
                74.89458642277249,
                18.20007464835363
              ],
              [
                74.89458075948687,
                18.200075346775083
              ],
              [
                74.89457516097177,
                18.200076421064654
              ],
              [
                74.89456965450255,
                18.200077865988515
              ],
              [
                74.89456426690613,
                18.200079674507155
              ],
              [
                74.89455902443035,
                18.200081837809655
              ],
              [
                74.89455395261596,
                18.20008434535664
              ],
              [
                74.89454907617232,
                18.20008718493161
              ],
              [
                74.89454441885695,
                18.200090342700452
              ],
              [
                74.89454000335984,
                18.200093803278847
              ],
              [
                74.8945358511928,
                18.200097549807236
              ],
              [
                74.8945319825848,
                18.200101564032913
              ],
              [
                74.89452841638328,
                18.200105826398996
              ],
              [
                74.89452516996248,
                18.200110316139682
              ],
              [
                74.89452225913855,
                18.200115011381417
              ],
              [
                74.89451969809285,
                18.200119889249486
              ],
              [
                74.89451749930251,
                18.200124925979402
              ],
              [
                74.89451567347984,
                18.20013009703275
              ],
              [
                74.89451422952013,
                18.200135377216682
              ],
              [
                74.89451317445818,
                18.200140740806685
              ],
              [
                74.89451251343425,
                18.200146161671892
              ],
              [
                74.89451224966875,
                18.20015161340239
              ],
              [
                74.8945123844468,
                18.20015706943791
              ],
              [
                74.8945129171118,
                18.200162503197184
              ],
              [
                74.8945138450687,
                18.20016788820748
              ],
              [
                74.89451516379664,
                18.200173198233575
              ],
              [
                74.89451686687087,
                18.200178407405538
              ],
              [
                74.8945189459943,
                18.20018349034481
              ],
              [
                74.89452139103763,
                18.200188422287784
              ],
              [
                74.8945241900889,
                18.20019317920655
              ],
              [
                74.89452732951142,
                18.200197737925837
              ],
              [
                74.89453079401025,
                18.20020207623602
              ],
              [
                74.89453456670672,
                18.200206173001263
              ],
              [
                74.89453862922065,
                18.200210008262523
              ],
              [
                74.89454296175985,
                18.20021356333477
              ],
              [
                74.89454754321666,
                18.200216820898053
              ],
              [
                74.89455235127062,
                18.200219765081812
              ],
              [
                74.8945573624974,
                18.20022238154228
              ],
              [
                74.89456255248277,
                18.20022465753229
              ],
              [
                74.8945678959416,
                18.20022658196345
              ],
              [
                74.8945688928396,
                18.200226866861165
              ],
              [
                74.89440993196156,
                18.200696708145003
              ],
              [
                74.89431825608881,
                18.200967673651963
              ],
              [
                74.89431378207034,
                18.20096639504708
              ],
              [
                74.89430821036234,
                18.200965200094412
              ],
              [
                74.89430256501134,
                18.20096437951466
              ],
              [
                74.8942968735209,
                18.200963937305566
              ],
              [
                74.89429116361933,
                18.20096387562156
              ],
              [
                74.8942854631247,
                18.200964194763152
              ],
              [
                74.89427979980917,
                18.200964893175506
              ],
              [
                74.89427420126384,
                18.20096596745605
              ],
              [
                74.89426869476421,
                18.200967412370982
              ],
              [
                74.89426330713736,
                18.200969220880847
              ],
              [
                74.89425806463123,
                18.200971384174778
              ],
              [
                74.89425299278678,
                18.20097389171342
              ],
              [
                74.89424811631348,
                18.20097673128033
              ],
              [
                74.89424345896902,
                18.200979889041427
              ],
              [
                74.89423904344349,
                18.200983349612436
              ],
              [
                74.8942348912489,
                18.200987096133826
              ],
              [
                74.89423102261429,
                18.200991110352927
              ],
              [
                74.89422745638727,
                18.200995372712892
              ],
              [
                74.89422420994217,
                18.20099986244795
              ],
              [
                74.89422129909532,
                18.201004557684573
              ],
              [
                74.89421873802814,
                18.20100943554806
              ],
              [
                74.89421653921787,
                18.20101447227397
              ],
              [
                74.89421471337695,
                18.201019643323885
              ],
              [
                74.8942132694007,
                18.201024923504978
              ],
              [
                74.89421221432406,
                18.201030287092745
              ],
              [
                74.89421155328729,
                18.201035707956347
              ],
              [
                74.89421128951096,
                18.201041159685882
              ],
              [
                74.89421142428017,
                18.201046615721058
              ],
              [
                74.89421195693839,
                18.20105204948063
              ],
              [
                74.89421288489059,
                18.20105743449186
              ],
              [
                74.89421420361593,
                18.201062744519522
              ],
              [
                74.89421590668971,
                18.20106795369367
              ],
              [
                74.89421798581479,
                18.20107303663574
              ],
              [
                74.89422043086189,
                18.20107796858212
              ],
              [
                74.89422322991905,
                18.201082725504858
              ],
              [
                74.89422636934951,
                18.201087284228684
              ],
              [
                74.89422983385833,
                18.20109162254395
              ],
              [
                74.89423360656676,
                18.201095719314797
              ],
              [
                74.89423766909457,
                18.20109955458214
              ],
              [
                74.89424200164952,
                18.201103109660938
              ],
              [
                74.89424658312383,
                18.201106367231187
              ],
              [
                74.89425139119702,
                18.201109311422318
              ],
              [
                74.8942564024446,
                18.201111927890505
              ],
              [
                74.8942615924523,
                18.201114203888558
              ],
              [
                74.89426693593485,
                18.201116128328046
              ],
              [
                74.89426793283741,
                18.201116413227318
              ],
              [
                74.89424401895425,
                18.201187094988885
              ],
              [
                74.89415983774244,
                18.20152818002386
              ],
              [
                74.89404118201855,
                18.202012825241855
              ],
              [
                74.89403150697247,
                18.20205023756989
              ],
              [
                74.89390476279215,
                18.2025403416797
              ],
              [
                74.8939002566668,
                18.202539375258876
              ],
              [
                74.89389461126711,
                18.20253855466699
              ],
              [
                74.89388891972668,
                18.202538112445627
              ],
              [
                74.89388320977406,
                18.20253805074923
              ],
              [
                74.89387750922755,
                18.202538369878393
              ],
              [
                74.89387184585958,
                18.20253906827833
              ],
              [
                74.89386624726149,
                18.202540142546514
              ],
              [
                74.89386074070903,
                18.202541587449243
              ],
              [
                74.89385535302958,
                18.202543395947092
              ],
              [
                74.89385011047129,
                18.20254555922925
              ],
              [
                74.89384503857539,
                18.202548066756435
              ],
              [
                74.89384016205162,
                18.20255090631226
              ],
              [
                74.89383550465789,
                18.202554064062685
              ],
              [
                74.89383108908453,
                18.202557524623497
              ],
              [
                74.8938269368438,
                18.202561271135206
              ],
              [
                74.89382306816493,
                18.2025652853452
              ],
              [
                74.89381950189582,
                18.202569547696676
              ],
              [
                74.89381625541091,
                18.20257403742389
              ],
              [
                74.89381334452682,
                18.20257873265336
              ],
              [
                74.89381078342505,
                18.202583610510434
              ],
              [
                74.8938085845831,
                18.20258864723068
              ],
              [
                74.89380675871352,
                18.20259381827572
              ],
              [
                74.89380531471174,
                18.20259909845275
              ],
              [
                74.89380425961289,
                18.20260446203729
              ],
              [
                74.89380359855733,
                18.2026098828985
              ],
              [
                74.89380333476565,
                18.202615334626493
              ],
              [
                74.8938034695231,
                18.20262079066101
              ],
              [
                74.89380400217317,
                18.202626224420786
              ],
              [
                74.8938049301209,
                18.202631609433087
              ],
              [
                74.89380624884542,
                18.202636919462677
              ],
              [
                74.8938079519221,
                18.202642128639617
              ],
              [
                74.89381003105375,
                18.202647211585298
              ],
              [
                74.89381247611105,
                18.20265214353612
              ],
              [
                74.89381527518199,
                18.202656900464103
              ],
              [
                74.89381841462978,
                18.20266145919395
              ],
              [
                74.89382187915933,
                18.20266579751597
              ],
              [
                74.89382565189186,
                18.202669894294292
              ],
              [
                74.893829714447,
                18.202673729569785
              ],
              [
                74.89383404703234,
                18.202677284657376
              ],
              [
                74.89383862854,
                18.202680542236997
              ],
              [
                74.89384343664929,
                18.20268348643805
              ],
              [
                74.89384844793561,
                18.202686102916655
              ],
              [
                74.89385363798442,
                18.20268837892559
              ],
              [
                74.89385898151032,
                18.202690303376336
              ],
              [
                74.89386094631465,
                18.20269086488642
              ],
              [
                74.89379702910857,
                18.202888068658968
              ],
              [
                74.89374147296473,
                18.20308601553229
              ],
              [
                74.89364114699379,
                18.203414929244794
              ],
              [
                74.8936396020652,
                18.203414487728466
              ],
              [
                74.89363403028419,
                18.203413292756156
              ],
              [
                74.89362838485768,
                18.203412472156383
              ],
              [
                74.8936226932896,
                18.203412029927026
              ],
              [
                74.89361698330866,
                18.203411968222564
              ],
              [
                74.89361128273329,
                18.20341228734363
              ],
              [
                74.89360561933604,
                18.203412985735497
              ],
              [
                74.89360002070842,
                18.203414059995673
              ],
              [
                74.89359451412632,
                18.203415504890472
              ],
              [
                74.89358912641724,
                18.203417313380527
              ],
              [
                74.89358388382952,
                18.203419476655068
              ],
              [
                74.8935788119045,
                18.203421984174838
              ],
              [
                74.89357393535207,
                18.203424823723488
              ],
              [
                74.89356927793027,
                18.203427981467023
              ],
              [
                74.89356486232957,
                18.203431442021255
              ],
              [
                74.89356071006236,
                18.20343518852673
              ],
              [
                74.89355684135806,
                18.203439202730856
              ],
              [
                74.89355327506459,
                18.20344346507687
              ],
              [
                74.89355002855659,
                18.203447954799056
              ],
              [
                74.89354711765073,
                18.203452650023962
              ],
              [
                74.89354455652868,
                18.20345752787693
              ],
              [
                74.89354235766798,
                18.203462564593565
              ],
              [
                74.8935405317813,
                18.203467735635513
              ],
              [
                74.89353908776418,
                18.203473015809987
              ],
              [
                74.89353803265179,
                18.2034783793925
              ],
              [
                74.89353737158454,
                18.203483800252247
              ],
              [
                74.89353710778312,
                18.20348925197933
              ],
              [
                74.8935372425328,
                18.20349470801349
              ],
              [
                74.89353777517712,
                18.203500141773485
              ],
              [
                74.89353870312115,
                18.203505526786568
              ],
              [
                74.89354002184402,
                18.203510836817497
              ],
              [
                74.8935417249211,
                18.203516045996324
              ],
              [
                74.89354380405523,
                18.203521128944445
              ],
              [
                74.89354624911708,
                18.203526060898234
              ],
              [
                74.8935490481946,
                18.203530817829705
              ],
              [
                74.89355218765095,
                18.20353537656353
              ],
              [
                74.89355565219105,
                18.203539714890024
              ],
              [
                74.89355942493603,
                18.20354381167327
              ],
              [
                74.89356348750543,
                18.203547646954124
              ],
              [
                74.89356782010684,
                18.20355120204748
              ],
              [
                74.89357240163227,
                18.203554459633263
              ],
              [
                74.89357720976095,
                18.203557403840815
              ],
              [
                74.89358222106816,
                18.203560020326243
              ],
              [
                74.89358741113928,
                18.203562296342284
              ],
              [
                74.8935927546888,
                18.203564220800395
              ],
              [
                74.89359822568345,
                18.2035657843248
              ],
              [
                74.89360033061529,
                18.20356623576672
              ],
              [
                74.89357276730017,
                18.203843833818205
              ],
              [
                74.8935018812261,
                18.204200024220928
              ],
              [
                74.89350171221861,
                18.204199987974153
              ],
              [
                74.89349606676743,
                18.204199167370422
              ],
              [
                74.89349037517417,
                18.204198725137044
              ],
              [
                74.89348466516766,
                18.20419866342852
              ],
              [
                74.89347896456647,
                18.204198982545506
              ],
              [
                74.89347330114329,
                18.20419968093327
              ],
              [
                74.89346770248973,
                18.204200755189365
              ],
              [
                74.89346219588181,
                18.20420220008011
              ],
              [
                74.89345680814716,
                18.204204008566172
              ],
              [
                74.89345156553424,
                18.204206171836788
              ],
              [
                74.89344649358455,
                18.204208679352735
              ],
              [
                74.893441617008,
                18.20421151889766
              ],
              [
                74.89343695956285,
                18.204214676637612
              ],
              [
                74.89343254393967,
                18.2042181371884
              ],
              [
                74.89342839165091,
                18.20422188369059
              ],
              [
                74.89342452292613,
                18.20422589789163
              ],
              [
                74.89342095661333,
                18.20423016023473
              ],
              [
                74.89341771008728,
                18.204234649954216
              ],
              [
                74.8934147991647,
                18.204239345176635
              ],
              [
                74.89341223802737,
                18.204244223027363
              ],
              [
                74.89341003915288,
                18.204249259742003
              ],
              [
                74.89340821325396,
                18.204254430782207
              ],
              [
                74.89340676922625,
                18.204259710955196
              ],
              [
                74.89340571410494,
                18.2042650745365
              ],
              [
                74.89340505303049,
                18.204270495395306
              ],
              [
                74.89340478922365,
                18.20427594712174
              ],
              [
                74.89340492396968,
                18.204281403155527
              ],
              [
                74.89340545661214,
                18.204286836915443
              ],
              [
                74.89340638455612,
                18.204292221928718
              ],
              [
                74.89340770328076,
                18.204297531960126
              ],
              [
                74.89340940636144,
                18.20430274113972
              ],
              [
                74.89341148550092,
                18.20430782408889
              ],
              [
                74.89341393056989,
                18.204312756043997
              ],
              [
                74.89341672965624,
                18.204317512977052
              ],
              [
                74.89341986912311,
                18.204322071712735
              ],
              [
                74.89342333367537,
                18.20432641004132
              ],
              [
                74.89342710643406,
                18.204330506826896
              ],
              [
                74.89342947358195,
                18.20433274153313
              ],
              [
                74.89342587919023,
                18.2043329427443
              ],
              [
                74.89342021576253,
                18.20433364113047
              ],
              [
                74.89341461710436,
                18.204334715384974
              ],
              [
                74.8934091104918,
                18.20433616027416
              ],
              [
                74.8934037227525,
                18.204337968758683
              ],
              [
                74.8933984801349,
                18.20434013202779
              ],
              [
                74.89339340818054,
                18.20434263954228
              ],
              [
                74.89338853159943,
                18.204345479085795
              ],
              [
                74.89338387414976,
                18.20434863682438
              ],
              [
                74.89337945852215,
                18.204352097373878
              ],
              [
                74.89337530622907,
                18.20435584387485
              ],
              [
                74.8933714375001,
                18.204359858074724
              ],
              [
                74.89336787118329,
                18.204364120416766
              ],
              [
                74.89336462465336,
                18.20436861013527
              ],
              [
                74.89336171372713,
                18.20437330535681
              ],
              [
                74.89335915258634,
                18.204378183206742
              ],
              [
                74.89335695370863,
                18.204383219920683
              ],
              [
                74.89335512780674,
                18.204388390960297
              ],
              [
                74.89335368377631,
                18.2043936711328
              ],
              [
                74.89335262865255,
                18.20439903471372
              ],
              [
                74.89335196757594,
                18.20440445557226
              ],
              [
                74.89335170376722,
                18.204409907298526
              ],
              [
                74.89335183851166,
                18.204415363332277
              ],
              [
                74.89335237115286,
                18.20442079709225
              ],
              [
                74.89335329909589,
                18.20442618210571
              ],
              [
                74.89335461781991,
                18.204431492137402
              ],
              [
                74.89335632090028,
                18.204436701317395
              ],
              [
                74.89335840003979,
                18.204441784267072
              ],
              [
                74.8933608451091,
                18.204446716222787
              ],
              [
                74.89336364419614,
                18.204451473156553
              ],
              [
                74.893366783664,
                18.20445603189304
              ],
              [
                74.89337024821756,
                18.204460370222538
              ],
              [
                74.89337402097787,
                18.204464467009114
              ],
              [
                74.89337808356443,
                18.204468302293613
              ],
              [
                74.8933824161847,
                18.20447185739091
              ],
              [
                74.89338699773063,
                18.204475114980912
              ],
              [
                74.89339180588134,
                18.204478059192947
              ],
              [
                74.893396817212,
                18.204480675683083
              ],
              [
                74.89340200730787,
                18.20448295170405
              ],
              [
                74.89340735088334,
                18.204484876167278
              ],
              [
                74.89341282190499,
                18.204486439696957
              ],
              [
                74.89341369614839,
                18.204486627194676
              ],
              [
                74.89335840222859,
                18.204698256263267
              ],
              [
                74.89330795377245,
                18.204897651288732
              ],
              [
                74.89330385111539,
                18.204896771397408
              ],
              [
                74.89329820564274,
                18.204895950787808
              ],
              [
                74.89329251402741,
                18.20489550854848
              ],
              [
                74.89328680399831,
                18.204895446833955
              ],
              [
                74.89328110337412,
                18.20489576594492
              ],
              [
                74.89327543992765,
                18.204896464326676
              ],
              [
                74.89326984125063,
                18.20489753857679
              ],
              [
                74.89326433461919,
                18.204898983461646
              ],
              [
                74.89325894686107,
                18.204900791941895
              ],
              [
                74.89325370422485,
                18.204902955206826
              ],
              [
                74.89324863225211,
                18.204905462717242
              ],
              [
                74.89324375565297,
                18.204908302256822
              ],
              [
                74.89323909818569,
                18.20491145999162
              ],
              [
                74.89323468254099,
                18.204914920537494
              ],
              [
                74.89323053023145,
                18.204918667035027
              ],
              [
                74.89322666148668,
                18.20492268123168
              ],
              [
                74.89322309515482,
                18.204926943570698
              ],
              [
                74.89321984861071,
                18.20493143328642
              ],
              [
                74.89321693767117,
                18.204936128505413
              ],
              [
                74.89321437651807,
                18.20494100635306
              ],
              [
                74.89321217762904,
                18.204946043064993
              ],
              [
                74.89321035171695,
                18.204951214102874
              ],
              [
                74.8932089076774,
                18.204956494273926
              ],
              [
                74.89320785254573,
                18.2049618578537
              ],
              [
                74.89320719146242,
                18.20496727871139
              ],
              [
                74.89320692764825,
                18.204972730437117
              ],
              [
                74.89320706238854,
                18.204978186470623
              ],
              [
                74.89320759502685,
                18.20498362023066
              ],
              [
                74.8932085229683,
                18.204989005244496
              ],
              [
                74.89320984169207,
                18.20499431527688
              ],
              [
                74.89321154477351,
                18.204999524457854
              ],
              [
                74.8932136239154,
                18.205004607408817
              ],
              [
                74.8932160689884,
                18.205009539366106
              ],
              [
                74.89321886808038,
                18.20501429630173
              ],
              [
                74.89322200755447,
                18.205018855040358
              ],
              [
                74.89322547211549,
                18.20502319337224
              ],
              [
                74.89322924488444,
                18.20502729016147
              ],
              [
                74.89323330748077,
                18.20503112544887
              ],
              [
                74.89323764011195,
                18.205034680549282
              ],
              [
                74.89324222166981,
                18.205037938142613
              ],
              [
                74.89324702983343,
                18.20504088235817
              ],
              [
                74.89325204117796,
                18.20504349885201
              ],
              [
                74.89325723128856,
                18.20504577487683
              ],
              [
                74.89326257487954,
                18.205047699344053
              ],
              [
                74.89326804591742,
                18.205049262877854
              ],
              [
                74.89327361774782,
                18.205050457860843
              ],
              [
                74.89327926322532,
                18.205051278471178
              ],
              [
                74.89328495484568,
                18.20505172071092
              ],
              [
                74.89329066487987,
                18.20505178242553
              ],
              [
                74.89329636550912,
                18.20505146331432
              ],
              [
                74.89330202896052,
                18.205050764931975
              ],
              [
                74.89330762764226,
                18.20504969068096
              ],
              [
                74.89331313427807,
                18.205048245794913
              ],
              [
                74.89331852204019,
                18.205046437313186
              ],
              [
                74.89332376467992,
                18.205044274046532
              ],
              [
                74.89332725412508,
                18.205042548914705
              ],
              [
                74.89353174765256,
                18.205408506588892
              ],
              [
                74.8937718446967,
                18.2058966731783
              ],
              [
                74.893890041138,
                18.206200856234695
              ],
              [
                74.89451490233216,
                18.20727600985945
              ],
              [
                74.89517044026208,
                18.20831515976732
              ],
              [
                74.8952538051597,
                18.20845451415865
              ],
              [
                74.89527728068438,
                18.208482378488807
              ],
              [
                74.8952745071921,
                18.208484552081636
              ],
              [
                74.8952703548409,
                18.20848829862171
              ],
              [
                74.89526648606338,
                18.208492312857828
              ],
              [
                74.89526291970779,
                18.20849657523307
              ],
              [
                74.8952596731491,
                18.208501064981558
              ],
              [
                74.89525676220421,
                18.208505760229734
              ],
              [
                74.895254201055,
                18.208510638102823
              ],
              [
                74.8952520021791,
                18.208515674836327
              ],
              [
                74.89525017628928,
                18.20852084589182
              ],
              [
                74.89524873228113,
                18.20852612607643
              ],
              [
                74.8952476771897,
                18.208531489665635
              ],
              [
                74.89524701615537,
                18.208536910528586
              ],
              [
                74.89524675239863,
                18.208542362255393
              ],
              [
                74.89524688720455,
                18.208547818285776
              ],
              [
                74.89524741991637,
                18.208553252038513
              ],
              [
                74.89524834793885,
                18.208558637040902
              ],
              [
                74.89524966675076,
                18.208563947057748
              ],
              [
                74.89525136992702,
                18.20856915621917
              ],
              [
                74.89525344916996,
                18.208574239146653
              ],
              [
                74.89525589434975,
                18.208579171076675
              ],
              [
                74.89525869355373,
                18.20858392798135
              ],
              [
                74.89526183314449,
                18.2085884866855
              ],
              [
                74.89526529782627,
                18.208592824979572
              ],
              [
                74.89526907071951,
                18.208596921727803
              ],
              [
                74.89527313344304,
                18.208600756971233
              ],
              [
                74.89527746620371,
                18.208604312024935
              ],
              [
                74.89528204789269,
                18.20860756956902
              ],
              [
                74.89528685618849,
                18.20861051373304
              ],
              [
                74.89529186766553,
                18.208613130173312
              ],
              [
                74.8952970579084,
                18.208615406142787
              ],
              [
                74.89530240163072,
                18.20861733055316
              ],
              [
                74.89530787279837,
                18.20861889402888
              ],
              [
                74.89531344475637,
                18.20862008895284
              ],
              [
                74.89531909035865,
                18.208620909503495
              ],
              [
                74.89532478210037,
                18.208621351683185
              ],
              [
                74.89533049225192,
                18.208621413337664
              ],
              [
                74.89533619299395,
                18.20862109416654
              ],
              [
                74.89534185655297,
                18.2086203957248
              ],
              [
                74.8953474553367,
                18.208619321415185
              ],
              [
                74.89535296206837,
                18.20861787647162
              ],
              [
                74.8953583499197,
                18.208616067933736
              ],
              [
                74.89536359264159,
                18.208613904612573
              ],
              [
                74.89536866469201,
                18.20861139704761
              ],
              [
                74.89537354136041,
                18.20860855745547
              ],
              [
                74.89537819888814,
                18.208605399670375
              ],
              [
                74.89538048909316,
                18.208603604830195
              ],
              [
                74.89595947363452,
                18.209276589008667
              ],
              [
                74.89697361760574,
                18.210462902464656
              ],
              [
                74.89715614829517,
                18.210688199098875
              ],
              [
                74.89715584924909,
                18.210688373229466
              ],
              [
                74.89715119169759,
                18.21069153105691
              ],
              [
                74.89714677598336,
                18.210694991690385
              ],
              [
                74.89714262361935,
                18.210698738270057
              ],
              [
                74.8971387548354,
                18.210702752542982
              ],
              [
                74.89713518847988,
                18.21070701495204
              ],
              [
                74.89713194192773,
                18.21071150473122
              ],
              [
                74.8971290309958,
                18.210716200006786
              ],
              [
                74.89712646986591,
                18.21072107790385
              ],
              [
                74.89712427101566,
                18.210726114657792
              ],
              [
                74.89712244515759,
                18.210731285730066
              ],
              [
                74.89712100118717,
                18.210736565927743
              ],
              [
                74.89711994613933,
                18.21074192952624
              ],
              [
                74.89711928515416,
                18.210747350394644
              ],
              [
                74.89711902145197,
                18.210752802123043
              ],
              [
                74.8971191563175,
                18.21075825815116
              ],
              [
                74.89711968909377,
                18.21076369189777
              ],
              [
                74.89712061718515,
                18.210769076890212
              ],
              [
                74.89712193607015,
                18.21077438689333
              ],
              [
                74.89712363932327,
                18.210779596037327
              ],
              [
                74.8971257186465,
                18.21078467894375
              ],
              [
                74.89712816390963,
                18.21078961084919
              ],
              [
                74.89713096319957,
                18.210794367725885
              ],
              [
                74.8971341028785,
                18.210798926398798
              ],
              [
                74.89713756765023,
                18.210803264658505
              ],
              [
                74.89714134063475,
                18.210807361369437
              ],
              [
                74.89714540345048,
                18.210811196572802
              ],
              [
                74.89714973630376,
                18.210814751583865
              ],
              [
                74.89715431808537,
                18.210818009082953
              ],
              [
                74.89715912647333,
                18.21082095319983
              ],
              [
                74.89716413804163,
                18.21082356959105
              ],
              [
                74.89716932837442,
                18.2108258455098
              ],
              [
                74.89717467218486,
                18.210827769868025
              ],
              [
                74.89718014343845,
                18.210829333290427
              ],
              [
                74.89718571547971,
                18.21083052816015
              ],
              [
                74.89719136116223,
                18.210831348655912
              ],
              [
                74.89719705298074,
                18.210831790780343
              ],
              [
                74.8972027632053,
                18.210831852379442
              ],
              [
                74.89720846401613,
                18.210831533153108
              ],
              [
                74.89721412763951,
                18.210830834656576
              ],
              [
                74.89721972648276,
                18.21082976029286
              ],
              [
                74.89722523326884,
                18.210828315296162
              ],
              [
                74.89723062116924,
                18.21082650670636
              ],
              [
                74.89723586393458,
                18.210824343334743
              ],
              [
                74.89724093602264,
                18.21082183572105
              ],
              [
                74.89724581272267,
                18.210818996082125
              ],
              [
                74.89725047027589,
                18.21081583825244
              ],
              [
                74.89725488599113,
                18.21081237761662
              ],
              [
                74.89725903835547,
                18.210808631034567
              ],
              [
                74.89726290713901,
                18.21080461675926
              ],
              [
                74.89726647349345,
                18.210800354347867
              ],
              [
                74.89726836287078,
                18.210797741454133
              ],
              [
                74.89749271770664,
                18.21097953772418
              ],
              [
                74.89776363995668,
                18.2112132838112
              ],
              [
                74.89841488725533,
                18.211801037494926
              ],
              [
                74.89868662139205,
                18.212024143198718
              ],
              [
                74.8986866018901,
                18.212024163434236
              ],
              [
                74.89868303554502,
                18.212028425871537
              ],
              [
                74.89867978900772,
                18.212032915676367
              ],
              [
                74.898676878095,
                18.21203761097488
              ],
              [
                74.89867431698858,
                18.212042488892045
              ],
              [
                74.89867211816592,
                18.212047525663174
              ],
              [
                74.89867029233947,
                18.21205269674963
              ],
              [
                74.89866884840455,
                18.212057976958413
              ],
              [
                74.89866779339587,
                18.212063340564875
              ],
              [
                74.89866713245335,
                18.212068761438083
              ],
              [
                74.89866686879711,
                18.212074213168084
              ],
              [
                74.89866700371164,
                18.212079669194605
              ],
              [
                74.89866753653972,
                18.212085102936424
              ],
              [
                74.8986684646855,
                18.21209048792091
              ],
              [
                74.89866978362718,
                18.212095797912937
              ],
              [
                74.89867148693904,
                18.21210100704276
              ],
              [
                74.89867356632276,
                18.212106089932014
              ],
              [
                74.8986760116478,
                18.212111021817353
              ],
              [
                74.89867881100079,
                18.212115778671112
              ],
              [
                74.89868195074364,
                18.212120337318385
              ],
              [
                74.8986854155798,
                18.212124675549855
              ],
              [
                74.89868918862896,
                18.2121287722301
              ],
              [
                74.89869325150923,
                18.21213260740047
              ],
              [
                74.89869758442664,
                18.212136162376403
              ],
              [
                74.89870216627166,
                18.21213941983838
              ],
              [
                74.89870697472197,
                18.21214236391637
              ],
              [
                74.89871198635132,
                18.212144980267094
              ],
              [
                74.89871717674347,
                18.212147256143947
              ],
              [
                74.89872252061137,
                18.21214918045907
              ],
              [
                74.8987279919202,
                18.212150743837377
              ],
              [
                74.89873356401424,
                18.21215193866224
              ],
              [
                74.89873920974681,
                18.212152759112584
              ],
              [
                74.89874490161239,
                18.212153201191256
              ],
              [
                74.89875061188077,
                18.21215326274449
              ],
              [
                74.89875631273208,
                18.212152943472393
              ],
              [
                74.89876197639227,
                18.212152244930444
              ],
              [
                74.89876757526855,
                18.212151170521867
              ],
              [
                74.8987730820837,
                18.21214972548107
              ],
              [
                74.89877847000905,
                18.212147916848167
              ],
              [
                74.89878371279515,
                18.212145753434648
              ],
              [
                74.89878878489962,
                18.212143245780453
              ],
              [
                74.89879366161168,
                18.212140406102623
              ],
              [
                74.89879831917246,
                18.212137248235827
              ],
              [
                74.89880273489077,
                18.212133787564873
              ],
              [
                74.89880688725366,
                18.212130040949823
              ],
              [
                74.89881075603125,
                18.212126026643816
              ],
              [
                74.89881283379525,
                18.212123543332194
              ],
              [
                74.89975989508757,
                18.21283873681778
              ],
              [
                74.90040542189918,
                18.21331520762031
              ],
              [
                74.90059535498251,
                18.213440299270356
              ],
              [
                74.9005938801683,
                18.213442338896076
              ],
              [
                74.90059096928309,
                18.213447034223073
              ],
              [
                74.900588408209,
                18.213451912165254
              ],
              [
                74.90058620942335,
                18.213456948957763
              ],
              [
                74.90058438363842,
                18.21346212006188
              ],
              [
                74.90058293974927,
                18.213467400284518
              ],
              [
                74.9005818847904,
                18.213472763900963
              ],
              [
                74.90058122390153,
                18.21347818478023
              ],
              [
                74.90058096030246,
                18.213483636512347
              ],
              [
                74.90058109527747,
                18.213489092537014
              ],
              [
                74.90058162816901,
                18.213494526273035
              ],
              [
                74.9005825563809,
                18.213499911247787
              ],
              [
                74.90058387539106,
                18.213505221226207
              ],
              [
                74.9005855787734,
                18.213510430338612
              ],
              [
                74.90058765822927,
                18.213515513206715
              ],
              [
                74.90059010362778,
                18.21352044506729
              ],
              [
                74.90059290305521,
                18.213525201892786
              ],
              [
                74.90059604287309,
                18.21352976050841
              ],
              [
                74.90059950778452,
                18.213534098705047
              ],
              [
                74.90060328090883,
                18.213538195347397
              ],
              [
                74.90060734386374,
                18.213542030477033
              ],
              [
                74.90061167685492,
                18.213545585409566
              ],
              [
                74.9006162587725,
                18.213548842825695
              ],
              [
                74.9006210672938,
                18.213551786855614
              ],
              [
                74.9006260789922,
                18.213554403156284
              ],
              [
                74.90063126945114,
                18.213556678981327
              ],
              [
                74.90063661338327,
                18.213558603243147
              ],
              [
                74.90064208475341,
                18.21356016656693
              ],
              [
                74.90064765690558,
                18.2135613613363
              ],
              [
                74.90065330269279,
                18.213562181730452
              ],
              [
                74.90065899460929,
                18.21356262375251
              ],
              [
                74.90066470492458,
                18.213562685248977
              ],
              [
                74.90067040581857,
                18.213562365920247
              ],
              [
                74.90067606951703,
                18.213561667322068
              ],
              [
                74.90068166842696,
                18.21356059285794
              ],
              [
                74.90068717527097,
                18.213559147762545
              ],
              [
                74.90069256322026,
                18.21355733907626
              ],
              [
                74.90069780602528,
                18.21355517561083
              ],
              [
                74.90070287814353,
                18.213552667906455
              ],
              [
                74.90070775486419,
                18.213549828180422
              ],
              [
                74.90071241242832,
                18.21354667026763
              ],
              [
                74.90071682814471,
                18.213543209553105
              ],
              [
                74.90072098050047,
                18.213539462897124
              ],
              [
                74.9007248492657,
                18.21353544855305
              ],
              [
                74.90072841559218,
                18.213531186078363
              ],
              [
                74.90072930193509,
                18.21352996029032
              ],
              [
                74.9014611129402,
                18.214039585253246
              ],
              [
                74.90165664649777,
                18.214190978324787
              ],
              [
                74.90165453536852,
                18.214193501563667
              ],
              [
                74.90165128886669,
                18.214197991417958
              ],
              [
                74.90164837799709,
                18.214202686760707
              ],
              [
                74.90164581694124,
                18.2142075647167
              ],
              [
                74.90164361817632,
                18.214212601521034
              ],
              [
                74.90164179241454,
                18.214217772634925
              ],
              [
                74.90164034855086,
                18.21422305286523
              ],
              [
                74.90163929361968,
                18.2142284164872
              ],
              [
                74.90163863276054,
                18.214233837369832
              ],
              [
                74.90163836919311,
                18.214239289103123
              ],
              [
                74.90163850420151,
                18.21424474512678
              ],
              [
                74.90163903712804,
                18.214250178859604
              ],
              [
                74.90163996537635,
                18.214255563828985
              ],
              [
                74.90164128442417,
                18.214260873799898
              ],
              [
                74.90164298784522,
                18.214266082902686
              ],
              [
                74.9016450673407,
                18.21427116575912
              ],
              [
                74.90164751277946,
                18.214276097606017
              ],
              [
                74.90165031224768,
                18.214280854415904
              ],
              [
                74.90165345210659,
                18.21428541301406
              ],
              [
                74.90165691705916,
                18.21428975119144
              ],
              [
                74.90166069022449,
                18.214293847812876
              ],
              [
                74.90166475322009,
                18.214297682920005
              ],
              [
                74.90166908625149,
                18.214301237828558
              ],
              [
                74.90167366820853,
                18.214304495219363
              ],
              [
                74.90167847676842,
                18.21430743922273
              ],
              [
                74.9016834885043,
                18.21431005549574
              ],
              [
                74.90168867899952,
                18.214312331292163
              ],
              [
                74.9016940229664,
                18.214314255524542
              ],
              [
                74.9016994943697,
                18.214315818818193
              ],
              [
                74.90170506655326,
                18.2143170135569
              ],
              [
                74.9017107123699,
                18.21431783392001
              ],
              [
                74.90171640431377,
                18.214318275910777
              ],
              [
                74.90172211465423,
                18.21431833737588
              ],
              [
                74.90172781557106,
                18.214318018015856
              ],
              [
                74.90173347928992,
                18.214317319386602
              ],
              [
                74.90173907821767,
                18.214316244891776
              ],
              [
                74.90174458507693,
                18.21431479976621
              ],
              [
                74.90174997303875,
                18.21431299105043
              ],
              [
                74.90175521585351,
                18.21431082755631
              ],
              [
                74.90176028797872,
                18.2143083198242
              ],
              [
                74.90176516470346,
                18.21430548007153
              ],
              [
                74.90176982226882,
                18.21430232213331
              ],
              [
                74.90177423798359,
                18.214298861394706
              ],
              [
                74.90177839033485,
                18.214295114716112
              ],
              [
                74.90178225909274,
                18.214291100350984
              ],
              [
                74.90178582540908,
                18.21428683785693
              ],
              [
                74.90178907190914,
                18.2142823480004
              ],
              [
                74.90178991829089,
                18.21428098275289
              ],
              [
                74.90331902242694,
                18.215353826059083
              ],
              [
                74.90390326284944,
                18.215749845400058
              ],
              [
                74.90496483062311,
                18.216521830504146
              ],
              [
                74.90544922188369,
                18.21688336100138
              ],
              [
                74.90558964021318,
                18.216967154187625
              ],
              [
                74.90558721154027,
                18.216971071857085
              ],
              [
                74.90558465055297,
                18.21697594986459
              ],
              [
                74.90558245186591,
                18.216980986713004
              ],
              [
                74.90558062619097,
                18.2169861578633
              ],
              [
                74.90557918242261,
                18.21699143812218
              ],
              [
                74.90557812759482,
                18.216996801764758
              ],
              [
                74.90557746684664,
                18.217002222659918
              ],
              [
                74.90557720339716,
                18.2170076743976
              ],
              [
                74.90557733852997,
                18.217013130417495
              ],
              [
                74.90557787158671,
                18.217018564138407
              ],
              [
                74.90557879997044,
                18.21702394908781
              ],
              [
                74.90558011915822,
                18.21702925903076
              ],
              [
                74.90558182272311,
                18.217034468097737
              ],
              [
                74.90558390236554,
                18.217039550910684
              ],
              [
                74.90558634795374,
                18.217044482706626
              ],
              [
                74.90558914757305,
                18.21704923945836
              ],
              [
                74.90559228758406,
                18.21705379799143
              ],
              [
                74.90559575268897,
                18.21705813609711
              ],
              [
                74.9055995260061,
                18.21706223264058
              ],
              [
                74.90560358915228,
                18.217066067663858
              ],
              [
                74.90560792233225,
                18.217069622483095
              ],
              [
                74.90561250443518,
                18.217072879779543
              ],
              [
                74.90561731313754,
                18.21707582368397
              ],
              [
                74.90562232501178,
                18.21707843985394
              ],
              [
                74.90562751564053,
                18.21708071554374
              ],
              [
                74.90563285973556,
                18.21708263966641
              ],
              [
                74.90563833126095,
                18.217084202847804
              ],
              [
                74.9056439035599,
                18.217085397472268
              ],
              [
                74.90564954948476,
                18.217086217719686
              ],
              [
                74.9056552415291,
                18.217086659593907
              ],
              [
                74.90566095196179,
                18.21708672094215
              ],
              [
                74.90566665296215,
                18.217086401465526
              ],
              [
                74.90567231675546,
                18.2170857027205
              ],
              [
                74.90567791574823,
                18.217084628111294
              ],
              [
                74.9056834226627,
                18.21708318287331
              ],
              [
                74.90568881066972,
                18.217081374047602
              ],
              [
                74.90569405351941,
                18.21707921044659
              ],
              [
                74.90569912566912,
                18.217076702611152
              ],
              [
                74.90570400240783,
                18.21707386275921
              ],
              [
                74.90570865997653,
                18.21707070472626
              ],
              [
                74.90571307568402,
                18.217067243897937
              ],
              [
                74.90571722801737,
                18.217063497135058
              ],
              [
                74.90572109674687,
                18.217059482691504
              ],
              [
                74.90572466302444,
                18.217055220125243
              ],
              [
                74.90572790947554,
                18.2170507302031
              ],
              [
                74.90573082028382,
                18.21704603479954
              ],
              [
                74.90573329444013,
                18.21704132217486
              ],
              [
                74.9057875276995,
                18.217065247774585
              ],
              [
                74.90578744087156,
                18.21706541315937
              ],
              [
                74.9057852421892,
                18.217070450010077
              ],
              [
                74.90578341651927,
                18.21707562116228
              ],
              [
                74.9057819727563,
                18.217080901422666
              ],
              [
                74.90578091793415,
                18.21708626506633
              ],
              [
                74.90578025719188,
                18.21709168596217
              ],
              [
                74.90577999374857,
                18.217097137700105
              ],
              [
                74.90578012888774,
                18.217102593719826
              ],
              [
                74.90578066195106,
                18.217108027440165
              ],
              [
                74.90578159034148,
                18.217113412388567
              ],
              [
                74.90578290953607,
                18.217118722330106
              ],
              [
                74.90578461310784,
                18.217123931395257
              ],
              [
                74.90578669275722,
                18.217129014205995
              ],
              [
                74.90578913835238,
                18.217133945999336
              ],
              [
                74.90579193797863,
                18.217138702748095
              ],
              [
                74.90579507799654,
                18.21714326127783
              ],
              [
                74.90579854310823,
                18.21714759937984
              ],
              [
                74.90580231643204,
                18.21715169591931
              ],
              [
                74.90580637958475,
                18.21715553093829
              ],
              [
                74.90581071277106,
                18.21715908575294
              ],
              [
                74.90581529488014,
                18.21716234304454
              ],
              [
                74.90582010358837,
                18.217165286943878
              ],
              [
                74.90582511546822,
                18.217167903108553
              ],
              [
                74.90583030610227,
                18.217170178792863
              ],
              [
                74.90583565020229,
                18.217172102909892
              ],
              [
                74.9058411217323,
                18.21717366608551
              ],
              [
                74.90584669403553,
                18.217174860704088
              ],
              [
                74.90585233996424,
                18.217175680945548
              ],
              [
                74.90585803201202,
                18.217176122813758
              ],
              [
                74.90586374244774,
                18.217176184155967
              ],
              [
                74.90586944345068,
                18.21717586467333
              ],
              [
                74.90587510724609,
                18.217175165922345
              ],
              [
                74.90588070624052,
                18.217174091307236
              ],
              [
                74.90588621315617,
                18.217172646063442
              ],
              [
                74.90589160116386,
                18.217170837232057
              ],
              [
                74.90589684401377,
                18.217168673625526
              ],
              [
                74.9059019161632,
                18.217166165784747
              ],
              [
                74.90590679290113,
                18.217163325927668
              ],
              [
                74.9059114504686,
                18.21716016788982
              ],
              [
                74.90591586617435,
                18.217156707056848
              ],
              [
                74.90591684411442,
                18.21715582463357
              ],
              [
                74.90605106537332,
                18.217296801506414
              ],
              [
                74.90672315303385,
                18.217973190896082
              ],
              [
                74.90774296707986,
                18.219029495051043
              ],
              [
                74.90779511461156,
                18.2190947842925
              ],
              [
                74.90779391409531,
                18.219095867562547
              ],
              [
                74.9077900453679,
                18.219099882047082
              ],
              [
                74.90778647909853,
                18.219104144650874
              ],
              [
                74.9077832326617,
                18.219108634606982
              ],
              [
                74.90778032187374,
                18.21911333004078
              ],
              [
                74.90777776091575,
                18.219118208076615
              ],
              [
                74.90777556226445,
                18.219123244949202
              ],
              [
                74.90777373663151,
                18.219128416119425
              ],
              [
                74.90777229291123,
                18.219133696393854
              ],
              [
                74.90777123813731,
                18.219139060047542
              ],
              [
                74.90777057744856,
                18.21914448094931
              ],
              [
                74.90777031406378,
                18.219149932689092
              ],
              [
                74.90777044926625,
                18.219155388706536
              ],
              [
                74.90777098239724,
                18.21916082242048
              ],
              [
                74.9077719108595,
                18.219166207358423
              ],
              [
                74.90777323012964,
                18.21917151728547
              ],
              [
                74.90777493378037,
                18.21917672633219
              ],
              [
                74.90777701351169,
                18.219181809120624
              ],
              [
                74.9077794591914,
                18.21918674088792
              ],
              [
                74.9077822589044,
                18.21919149760699
              ],
              [
                74.90778539901082,
                18.219196056103566
              ],
              [
                74.90778886421236,
                18.21920039416909
              ],
              [
                74.90779263762691,
                18.219204490668933
              ],
              [
                74.9077967008708,
                18.21920832564533
              ],
              [
                74.90780103414832,
                18.219211880414658
              ],
              [
                74.90780561634816,
                18.219215137658416
              ],
              [
                74.9078104251463,
                18.219218081507627
              ],
              [
                74.90781543711472,
                18.219220697620116
              ],
              [
                74.90782062783562,
                18.21922297325046
              ],
              [
                74.90782597202029,
                18.219224897311992
              ],
              [
                74.90783144363239,
                18.21922646043086
              ],
              [
                74.90783701601472,
                18.219227654991705
              ],
              [
                74.90784266201919,
                18.219228475174738
              ],
              [
                74.90784835413896,
                18.219228916984097
              ],
              [
                74.90785406464259,
                18.219228978267335
              ],
              [
                74.90785976570903,
                18.219228658725882
              ],
              [
                74.90786542956323,
                18.21922795991652
              ],
              [
                74.90787102861141,
                18.219226885243774
              ],
              [
                74.90787653557554,
                18.219225439943354
              ],
              [
                74.90788192362622,
                18.21922363105663
              ],
              [
                74.90788716651339,
                18.219221467396313
              ],
              [
                74.90789223869417,
                18.21921895950356
              ],
              [
                74.90789364248789,
                18.219218142026214
              ],
              [
                74.9080072450865,
                18.219360373160125
              ],
              [
                74.90821091231699,
                18.21957197621265
              ],
              [
                74.90867923391339,
                18.22001104236976
              ],
              [
                74.90867555027693,
                18.220014864806462
              ],
              [
                74.90867198401028,
                18.220019127426333
              ],
              [
                74.90866873757899,
                18.220023617397022
              ],
              [
                74.90866582679939,
                18.220028312843855
              ],
              [
                74.90866326585252,
                18.220033190891108
              ],
              [
                74.90866106721501,
                18.220038227773426
              ],
              [
                74.9086592415985,
                18.220043398951656
              ],
              [
                74.9086577978972,
                18.220048679232335
              ],
              [
                74.90865674314475,
                18.22005404289048
              ],
              [
                74.90865608247978,
                18.220059463794893
              ],
              [
                74.90865581912107,
                18.220064915535485
              ],
              [
                74.90865595435167,
                18.220070371551905
              ],
              [
                74.90865648751283,
                18.220075805263008
              ],
              [
                74.90865741600705,
                18.22008119019629
              ],
              [
                74.90865873531082,
                18.220086500116892
              ],
              [
                74.90866043899672,
                18.220091709155408
              ],
              [
                74.90866251876453,
                18.22009679193391
              ],
              [
                74.90866496448187,
                18.220101723689606
              ],
              [
                74.90866776423351,
                18.22010648039547
              ],
              [
                74.9086709043793,
                18.220111038877288
              ],
              [
                74.90867436962084,
                18.220115376926575
              ],
              [
                74.90867814307582,
                18.220119473408776
              ],
              [
                74.90868220636033,
                18.220123308366233
              ],
              [
                74.90868653967847,
                18.220126863115386
              ],
              [
                74.90869112191874,
                18.220130120337856
              ],
              [
                74.90869593075692,
                18.22013306416475
              ],
              [
                74.9087009427648,
                18.22013568025403
              ],
              [
                74.90870613352439,
                18.22013795586036
              ],
              [
                74.90871147774678,
                18.220139879897193
              ],
              [
                74.90871694939545,
                18.220141442990812
              ],
              [
                74.90872252181306,
                18.220142637525967
              ],
              [
                74.90872816785125,
                18.220143457682994
              ],
              [
                74.90873386000312,
                18.220143899466173
              ],
              [
                74.90873957053702,
                18.220143960723167
              ],
              [
                74.90874527163177,
                18.22014364115554
              ],
              [
                74.90875093551217,
                18.220142942320205
              ],
              [
                74.90875653458433,
                18.22014186762182
              ],
              [
                74.90876204157009,
                18.2201404222962
              ],
              [
                74.90876742963994,
                18.22013861338484
              ],
              [
                74.90877267254372,
                18.220136449700597
              ],
              [
                74.9087777447385,
                18.220133941784724
              ],
              [
                74.90878262151305,
                18.220131101855554
              ],
              [
                74.90878727910818,
                18.220127943748953
              ],
              [
                74.90879169483254,
                18.220124482850917
              ],
              [
                74.90879526864319,
                18.220121258054117
              ],
              [
                74.90926843717409,
                18.22057660395829
              ],
              [
                74.90967592496648,
                18.220978061335348
              ],
              [
                74.90967506371781,
                18.220978838479148
              ],
              [
                74.90967119499155,
                18.22098285300086
              ],
              [
                74.90966762872921,
                18.22098711563883
              ],
              [
                74.90966438230532,
                18.220991605625958
              ],
              [
                74.90966147153613,
                18.220996301087478
              ],
              [
                74.90965891060262,
                18.221001179147592
              ],
              [
                74.90965671198143,
                18.221006216040895
              ],
              [
                74.90965488638406,
                18.221011387228167
              ],
              [
                74.90965344270461,
                18.22101666751592
              ],
              [
                74.90965238797665,
                18.221022031179103
              ],
              [
                74.9096517273387,
                18.221027452086517
              ],
              [
                74.90965146400937,
                18.22103290382805
              ],
              [
                74.90965159927161,
                18.221038359843366
              ],
              [
                74.90965213246646,
                18.221043793551303
              ],
              [
                74.9096530609963,
                18.221049178479372
              ],
              [
                74.90965438033746,
                18.22105448839276
              ],
              [
                74.90965608406229,
                18.221059697422078
              ],
              [
                74.9096581638704,
                18.22106478018944
              ],
              [
                74.90966060962924,
                18.221069711932124
              ],
              [
                74.90966340942335,
                18.221074468623158
              ],
              [
                74.9096665496124,
                18.2210790270884
              ],
              [
                74.90967001489771,
                18.221083365119448
              ],
              [
                74.90967378839684,
                18.221087461581845
              ],
              [
                74.9096778517256,
                18.221091296518004
              ],
              [
                74.90968218508795,
                18.221094851244505
              ],
              [
                74.90968676737208,
                18.221098108443037
              ],
              [
                74.9096915762536,
                18.221101052244858
              ],
              [
                74.90969658830414,
                18.22110366830803
              ],
              [
                74.90970177910542,
                18.221105943887363
              ],
              [
                74.90970712336838,
                18.22110786789643
              ],
              [
                74.90971259505628,
                18.22110943096165
              ],
              [
                74.90971816751156,
                18.221110625467915
              ],
              [
                74.90972381358577,
                18.2211114455957
              ],
              [
                74.90972950577175,
                18.221111887349426
              ],
              [
                74.90973521633771,
                18.221111948576908
              ],
              [
                74.9097409174623,
                18.22111162897984
              ],
              [
                74.90974658137019,
                18.221110930115287
              ],
              [
                74.90975218046735,
                18.22110985538804
              ],
              [
                74.90975768747552,
                18.221108410034073
              ],
              [
                74.90976307556505,
                18.22110660109501
              ],
              [
                74.9097683184857,
                18.22110443738383
              ],
              [
                74.90977339069447,
                18.22110192944194
              ],
              [
                74.90977826748002,
                18.22109908948778
              ],
              [
                74.90978292508314,
                18.221095931357343
              ],
              [
                74.90978734081244,
                18.221092470436748
              ],
              [
                74.90978980039888,
                18.221090251038866
              ],
              [
                74.9101330605465,
                18.22142842853057
              ],
              [
                74.91040628325567,
                18.221672340570468
              ],
              [
                74.91057107414397,
                18.221855547292538
              ],
              [
                74.91057032747017,
                18.22185613251633
              ],
              [
                74.91056617512598,
                18.22185987938238
              ],
              [
                74.9105623064005,
                18.2218638939217
              ],
              [
                74.91055874014174,
                18.221868156575884
              ],
              [
                74.91055549372419,
                18.22187264657771
              ],
              [
                74.91055258296406,
                18.22187734205237
              ],
              [
                74.91055002204232,
                18.221882220123995
              ],
              [
                74.91054782343552,
                18.221887257027113
              ],
              [
                74.91054599785511,
                18.22189242822247
              ],
              [
                74.91054455419513,
                18.221897708516522
              ],
              [
                74.910543499489,
                18.221903072184215
              ],
              [
                74.91054283887517,
                18.221908493094315
              ],
              [
                74.91054257557211,
                18.221913944836686
              ],
              [
                74.91054271086266,
                18.221919400850993
              ],
              [
                74.91054324408775,
                18.221924834556084
              ],
              [
                74.91054417264955,
                18.221930219479486
              ],
              [
                74.91054549202428,
                18.221935529386393
              ],
              [
                74.91054719578409,
                18.221940738407465
              ],
              [
                74.91054927562848,
                18.221945821164862
              ],
              [
                74.91055172142465,
                18.221950752895893
              ],
              [
                74.91055452125698,
                18.22195550957364
              ],
              [
                74.91055766148499,
                18.221960068024043
              ],
              [
                74.91056112680981,
                18.22196440603875
              ],
              [
                74.91056490034873,
                18.221968502483406
              ],
              [
                74.91056896371748,
                18.22197233740051
              ],
              [
                74.9105732971197,
                18.221975892106713
              ],
              [
                74.9105778794435,
                18.221979149283822
              ],
              [
                74.91058268836424,
                18.221982093063197
              ],
              [
                74.91058770045335,
                18.221984709103012
              ],
              [
                74.9105928912924,
                18.22198698465817
              ],
              [
                74.91059823559212,
                18.22198890864238
              ],
              [
                74.91060370731559,
                18.221990471682187
              ],
              [
                74.91060927980507,
                18.221991666162594
              ],
              [
                74.91061492591197,
                18.221992486264202
              ],
              [
                74.91062061812895,
                18.221992927991565
              ],
              [
                74.91062632872408,
                18.221992989192625
              ],
              [
                74.91063202987587,
                18.221992669569218
              ],
              [
                74.91063769380884,
                18.22199197067851
              ],
              [
                74.91064329292887,
                18.22199089592544
              ],
              [
                74.91064879995753,
                18.221989450546097
              ],
              [
                74.91065418806512,
                18.221987641582235
              ],
              [
                74.91065943100132,
                18.221985477846957
              ],
              [
                74.91066450322303,
                18.221982969881775
              ],
              [
                74.91066938001883,
                18.22198012990525
              ],
              [
                74.91067403762949,
                18.221976971753495
              ],
              [
                74.91067845336357,
                18.221973510812724
              ],
              [
                74.91068260570806,
                18.221969763944273
              ],
              [
                74.91068647443316,
                18.22196574940257
              ],
              [
                74.91069004069081,
                18.221961486746057
              ],
              [
                74.91069328710658,
                18.221956996741984
              ],
              [
                74.91069619786428,
                18.221952301265215
              ],
              [
                74.910698758783,
                18.221947423191665
              ],
              [
                74.91070095738623,
                18.22194238628683
              ],
              [
                74.9107020668587,
                18.221939243553063
              ],
              [
                74.91094040233129,
                18.222014177219506
              ],
              [
                74.91166193068086,
                18.222186169896112
              ],
              [
                74.91275873696844,
                18.222813053705426
              ],
              [
                74.91353311700162,
                18.223225514088487
              ],
              [
                74.91353275868308,
                18.223226092124676
              ],
              [
                74.91353019782427,
                18.223230970235683
              ],
              [
                74.91352799928595,
                18.223236007172567
              ],
              [
                74.91352617377916,
                18.223241178395888
              ],
              [
                74.91352473019765,
                18.223246458711976
              ],
              [
                74.9135236755744,
                18.223251822395664
              ],
              [
                74.91352301504752,
                18.22325724331564
              ],
              [
                74.91352275183502,
                18.22326269506172
              ],
              [
                74.9135228872193,
                18.223268151073555
              ],
              [
                74.9135234205408,
                18.223273584770002
              ],
              [
                74.9135243492013,
                18.223278969678642
              ],
              [
                74.91352566867646,
                18.223284279564716
              ],
              [
                74.913527372538,
                18.223289488559008
              ],
              [
                74.91352945248488,
                18.223294571283805
              ],
              [
                74.91353189838384,
                18.22329950297656
              ],
              [
                74.91353469831873,
                18.22330425961056
              ],
              [
                74.91353783864858,
                18.223308818011937
              ],
              [
                74.91354130407402,
                18.223313155972605
              ],
              [
                74.91354507771187,
                18.223317252358452
              ],
              [
                74.91354914117734,
                18.22332108721226
              ],
              [
                74.91355347467362,
                18.223324641851008
              ],
              [
                74.91355805708838,
                18.223327898956825
              ],
              [
                74.91356286609653,
                18.22333084266141
              ],
              [
                74.91356787826903,
                18.223333458623298
              ],
              [
                74.9135730691871,
                18.223335734097784
              ],
              [
                74.91357841356104,
                18.223337657998975
              ],
              [
                74.91358388535359,
                18.223339220953807
              ],
              [
                74.91358945790671,
                18.223340415347693
              ],
              [
                74.91359510407143,
                18.223341235361673
              ],
              [
                74.91360079634018,
                18.22334167700072
              ],
              [
                74.91360650698074,
                18.223341738113195
              ],
              [
                74.91361220817143,
                18.22334141840138
              ],
              [
                74.91361787213658,
                18.223340719422865
              ],
              [
                74.91362347128188,
                18.22333964458302
              ],
              [
                74.91362897832882,
                18.223338199118356
              ],
              [
                74.91363436644758,
                18.223336390071047
              ],
              [
                74.9136396093878,
                18.223334226254593
              ],
              [
                74.91364468160631,
                18.22333171821091
              ],
              [
                74.91364955839181,
                18.22332887815894
              ],
              [
                74.91365421598506,
                18.22332571993515
              ],
              [
                74.91365863169469,
                18.223322258926114
              ],
              [
                74.91366278400784,
                18.223318511993526
              ],
              [
                74.91366665269481,
                18.223314497392085
              ],
              [
                74.9136702189078,
                18.22331023468055
              ],
              [
                74.91367346527257,
                18.223305744626433
              ],
              [
                74.91367637597313,
                18.223301049104837
              ],
              [
                74.9136789368289,
                18.223296170991894
              ],
              [
                74.91368113536367,
                18.223291134053298
              ],
              [
                74.91368296086642,
                18.223285962828513
              ],
              [
                74.9136844044435,
                18.22328068251124
              ],
              [
                74.91368500522087,
                18.223277627017442
              ],
              [
                74.91377151700263,
                18.223292744765693
              ],
              [
                74.91380476337353,
                18.223302101754406
              ],
              [
                74.91380424122242,
                18.223306387085252
              ],
              [
                74.9138039780186,
                18.22331183883173
              ],
              [
                74.91380411341167,
                18.22331729484338
              ],
              [
                74.91380464674205,
                18.223322728539053
              ],
              [
                74.91380557541147,
                18.223328113446335
              ],
              [
                74.91380689489553,
                18.22333342333049
              ],
              [
                74.91380859876591,
                18.223338632322292
              ],
              [
                74.91381067872155,
                18.223343715044045
              ],
              [
                74.91381312462913,
                18.223348646733225
              ],
              [
                74.91381592457248,
                18.223353403363127
              ],
              [
                74.91381906491053,
                18.223357961759906
              ],
              [
                74.91382253034392,
                18.223362299715514
              ],
              [
                74.91382630398944,
                18.223366396095827
              ],
              [
                74.91383036746223,
                18.22337023094369
              ],
              [
                74.91383470096547,
                18.22337378557609
              ],
              [
                74.91383928338676,
                18.223377042675196
              ],
              [
                74.913844092401,
                18.223379986372734
              ],
              [
                74.91384910457916,
                18.223382602327288
              ],
              [
                74.91385429550235,
                18.223384877794174
              ],
              [
                74.91385963988093,
                18.223386801687532
              ],
              [
                74.91386511167757,
                18.22338836463434
              ],
              [
                74.9138706842342,
                18.22338955902006
              ],
              [
                74.91387633040186,
                18.22339037902577
              ],
              [
                74.91388202267295,
                18.22339082065647
              ],
              [
                74.91388773331526,
                18.22339088176058
              ],
              [
                74.91389343450707,
                18.2233905620404
              ],
              [
                74.91389909847273,
                18.22338986305359
              ],
              [
                74.91390469761792,
                18.223388788205533
              ],
              [
                74.91391020466412,
                18.223387342732803
              ],
              [
                74.91391559278154,
                18.22338553367759
              ],
              [
                74.91392083571976,
                18.22338336985345
              ],
              [
                74.91392590793572,
                18.22338086180233
              ],
              [
                74.91393078471806,
                18.22337802174321
              ],
              [
                74.91393544230758,
                18.223374863512586
              ],
              [
                74.91393985801292,
                18.22337140249707
              ],
              [
                74.91394401032125,
                18.223367655558388
              ],
              [
                74.9139478790029,
                18.22336364095128
              ],
              [
                74.91395144521007,
                18.2233593782345
              ],
              [
                74.91395469156855,
                18.223354888175617
              ],
              [
                74.91395760226243,
                18.22335019264975
              ],
              [
                74.9139599236949,
                18.223345770592903
              ],
              [
                74.91398756430681,
                18.22335354984346
              ],
              [
                74.91511750483552,
                18.223488897043726
              ],
              [
                74.91511709153957,
                18.22349228920048
              ],
              [
                74.9151168283763,
                18.223497740948826
              ],
              [
                74.9151169638104,
                18.22350319695961
              ],
              [
                74.9151174971821,
                18.223508630651697
              ],
              [
                74.91511842589287,
                18.223514015552688
              ],
              [
                74.91511974541817,
                18.223519325427876
              ],
              [
                74.91512144932945,
                18.223524534408078
              ],
              [
                74.91512352932544,
                18.22352961711566
              ],
              [
                74.91512597527264,
                18.22353454878815
              ],
              [
                74.91512877525469,
                18.22353930539895
              ],
              [
                74.91513191563034,
                18.223543863774292
              ],
              [
                74.91513538110004,
                18.22354820170623
              ],
              [
                74.91513915478036,
                18.223552298060774
              ],
              [
                74.91514321828633,
                18.223556132880876
              ],
              [
                74.91514755182095,
                18.223559687483668
              ],
              [
                74.91515213427165,
                18.223562944551443
              ],
              [
                74.91515694331322,
                18.22356588821611
              ],
              [
                74.91516195551644,
                18.223568504136388
              ],
              [
                74.91516714646238,
                18.22357077956778
              ],
              [
                74.9151724908612,
                18.223572703424587
              ],
              [
                74.91517796267553,
                18.223574266333973
              ],
              [
                74.91518353524721,
                18.223575460681573
              ],
              [
                74.91518918142718,
                18.223576280648647
              ],
              [
                74.9151948737078,
                18.223576722240402
              ],
              [
                74.91520058435681,
                18.223576783305425
              ],
              [
                74.91520628555246,
                18.22357646354624
              ],
              [
                74.91521194951906,
                18.22357576452066
              ],
              [
                74.9152175486623,
                18.223574689634276
              ],
              [
                74.9152230557037,
                18.223573244123838
              ],
              [
                74.91522844381345,
                18.223571435031733
              ],
              [
                74.91523368674119,
                18.223569271171694
              ],
              [
                74.9152387589439,
                18.223566763085827
              ],
              [
                74.9152436357103,
                18.223563922993304
              ],
              [
                74.91524829328122,
                18.22356076473077
              ],
              [
                74.91525270896545,
                18.223557303685
              ],
              [
                74.91525686125024,
                18.223553556717864
              ],
              [
                74.91526072990605,
                18.22354954208422
              ],
              [
                74.91526429608516,
                18.223545279342996
              ],
              [
                74.91526754241355,
                18.22354078926184
              ],
              [
                74.91527045307544,
                18.223536093716
              ],
              [
                74.91527301389034,
                18.223531215581723
              ],
              [
                74.91527521238231,
                18.22352617862479
              ],
              [
                74.91527703784054,
                18.22352100738477
              ],
              [
                74.91527848137156,
                18.22351572705543
              ],
              [
                74.91527953594269,
                18.22351036336202
              ],
              [
                74.91528019641622,
                18.223504942435923
              ],
              [
                74.9152804595744,
                18.223499490687338
              ],
              [
                74.91528032413521,
                18.223494034676644
              ],
              [
                74.91542835828233,
                18.223485731861828
              ],
              [
                74.91542889166362,
                18.223491165553103
              ],
              [
                74.9154298203839,
                18.223496550452637
              ],
              [
                74.91543113991852,
                18.223501860325722
              ],
              [
                74.91543284383891,
                18.223507069303206
              ],
              [
                74.91543492384375,
                18.223512152007455
              ],
              [
                74.9154373697995,
                18.223517083676022
              ],
              [
                74.91544016978976,
                18.22352184028231
              ],
              [
                74.91544331017323,
                18.223526398652602
              ],
              [
                74.91544677565032,
                18.223530736578947
              ],
              [
                74.91545054933759,
                18.223534832927392
              ],
              [
                74.91545461285,
                18.22353866774093
              ],
              [
                74.91545894639053,
                18.223542222336707
              ],
              [
                74.91546352884663,
                18.223545479397075
              ],
              [
                74.91546833789297,
                18.223548423053952
              ],
              [
                74.9154733501004,
                18.223551038966114
              ],
              [
                74.91547854104988,
                18.223553314389086
              ],
              [
                74.91548388545164,
                18.22355523823724
              ],
              [
                74.91548935726824,
                18.22355680113774
              ],
              [
                74.91549492984154,
                18.2235579954763
              ],
              [
                74.91550057602245,
                18.22355881543422
              ],
              [
                74.91550626830332,
                18.223559257016717
              ],
              [
                74.91551197895191,
                18.22355931807248
              ],
              [
                74.91551768014646,
                18.223558998304018
              ],
              [
                74.9155233441113,
                18.22355829926923
              ],
              [
                74.91552894325211,
                18.223557224373742
              ],
              [
                74.91553445029042,
                18.223555778854344
              ],
              [
                74.91553983839646,
                18.223553969753475
              ],
              [
                74.91554508131988,
                18.223551805884888
              ],
              [
                74.91555015351764,
                18.223549297790765
              ],
              [
                74.91555503027854,
                18.223546457690286
              ],
              [
                74.91555968784341,
                18.223543299420168
              ],
              [
                74.91556410352109,
                18.223539838367188
              ],
              [
                74.91556825579882,
                18.223536091393264
              ],
              [
                74.91557212444712,
                18.223532076753308
              ],
              [
                74.91557569061833,
                18.223527814006243
              ],
              [
                74.91557893693845,
                18.22352332391978
              ],
              [
                74.91558184759167,
                18.223518628369167
              ],
              [
                74.91558440839768,
                18.223513750230687
              ],
              [
                74.9155866068805,
                18.22350871327013
              ],
              [
                74.91558843232933,
                18.223503542027096
              ],
              [
                74.91558987585083,
                18.22349826169537
              ],
              [
                74.91559093041234,
                18.223492898000195
              ],
              [
                74.91559159087615,
                18.22348747707297
              ],
              [
                74.91559185402463,
                18.223482025323914
              ],
              [
                74.91559171857573,
                18.223476569313387
              ],
              [
                74.91559118518941,
                18.22347113562254
              ],
              [
                74.91559025646433,
                18.223465750723754
              ],
              [
                74.9155900910522,
                18.223465085099576
              ],
              [
                74.91575403169541,
                18.223432184260574
              ],
              [
                74.91618684419225,
                18.223246241241515
              ],
              [
                74.91694921951996,
                18.22278772296077
              ],
              [
                74.91844661249817,
                18.22191613092011
              ],
              [
                74.91943116871539,
                18.221391902259583
              ],
              [
                74.91978708417797,
                18.221248004782765
              ],
              [
                74.92028904169537,
                18.22116672667521
              ],
              [
                74.92109106069377,
                18.22104646552063
              ],
              [
                74.92109162798424,
                18.22104975419259
              ],
              [
                74.92109294767262,
                18.221055064028672
              ],
              [
                74.92109465173816,
                18.22106027295773
              ],
              [
                74.92109673187885,
                18.221065355602384
              ],
              [
                74.92109917796051,
                18.221070287200476
              ],
              [
                74.92110197806608,
                18.22107504372575
              ],
              [
                74.92110511855374,
                18.221079602004874
              ],
              [
                74.92110858412339,
                18.221083939830358
              ],
              [
                74.92111235789109,
                18.221088036068725
              ],
              [
                74.92111642147148,
                18.22109187076351
              ],
              [
                74.92112075506716,
                18.221095425232434
              ],
              [
                74.92112533756531,
                18.221098682158484
              ],
              [
                74.92113014664044,
                18.221101625674212
              ],
              [
                74.92113515886322,
                18.22110424143909
              ],
              [
                74.92114034981452,
                18.221106516709362
              ],
              [
                74.92114569420461,
                18.221108440400137
              ],
              [
                74.92115116599608,
                18.221110003139355
              ],
              [
                74.9211567385309,
                18.22111119731351
              ],
              [
                74.9211623846602,
                18.221112017104698
              ],
              [
                74.92116807687655,
                18.22111245851897
              ],
              [
                74.92117378744805,
                18.221112519405807
              ],
              [
                74.9211794885533,
                18.22111219946855
              ],
              [
                74.92118515241707,
                18.22111150026593
              ],
              [
                74.92119075144552,
                18.221110425204383
              ],
              [
                74.92119625836075,
                18.221108979521507
              ],
              [
                74.92120164633357,
                18.22110717026054
              ],
              [
                74.92120688911429,
                18.221105006236023
              ],
              [
                74.92121196116058,
                18.221102497990874
              ],
              [
                74.92121683776193,
                18.221099657745036
              ],
              [
                74.92122149516,
                18.22109649933592
              ],
              [
                74.92122591066442,
                18.22109303815098
              ],
              [
                74.92123006276326,
                18.221089291052788
              ],
              [
                74.92123393122793,
                18.221085276296844
              ],
              [
                74.92123749721168,
                18.221081013442653
              ],
              [
                74.92124074334136,
                18.22107652325843
              ],
              [
                74.9212436538022,
                18.221071827619912
              ],
              [
                74.92124621441471,
                18.2210669494038
              ],
              [
                74.9212484127039,
                18.221061912376292
              ],
              [
                74.92125023795992,
                18.221056741077273
              ],
              [
                74.92125168129039,
                18.221051460700817
              ],
              [
                74.92125273566353,
                18.2210460969724
              ],
              [
                74.9212533959426,
                18.221040676023563
              ],
              [
                74.9212536589108,
                18.221035224264636
              ],
              [
                74.92125352328704,
                18.221029768256034
              ],
              [
                74.9212529897321,
                18.221024334578892
              ],
              [
                74.92125252813246,
                18.221021658627645
              ],
              [
                74.92210669910956,
                18.220868299386918
              ],
              [
                74.92241522970168,
                18.220807145912005
              ],
              [
                74.92241643173362,
                18.22081198220255
              ],
              [
                74.92241813583625,
                18.220817191120126
              ],
              [
                74.92242021601257,
                18.220822273750688
              ],
              [
                74.9224226621282,
                18.220827205332146
              ],
              [
                74.92242546226595,
                18.220831961838332
              ],
              [
                74.92242860278381,
                18.220836520096007
              ],
              [
                74.92243206838155,
                18.220840857897787
              ],
              [
                74.9224358421751,
                18.220844954110312
              ],
              [
                74.92243990577897,
                18.22084878877723
              ],
              [
                74.92244423939566,
                18.220852343216414
              ],
              [
                74.9224488219122,
                18.220855600110983
              ],
              [
                74.92245363100305,
                18.220858543593657
              ],
              [
                74.9224586432388,
                18.220861159324055
              ],
              [
                74.92246383420027,
                18.220863434558595
              ],
              [
                74.92246917859764,
                18.220865358212546
              ],
              [
                74.9224746503935,
                18.220866920914055
              ],
              [
                74.92248022292976,
                18.22086811504979
              ],
              [
                74.92248586905758,
                18.220868934802017
              ],
              [
                74.92249156126954,
                18.220869376177
              ],
              [
                74.92249727183373,
                18.220869437024376
              ],
              [
                74.92250297292883,
                18.220869117047734
              ],
              [
                74.9225086367796,
                18.22086841780595
              ],
              [
                74.9225142357923,
                18.22086734270567
              ],
              [
                74.92251974268912,
                18.22086589698468
              ],
              [
                74.92252513064092,
                18.220864087686394
              ],
              [
                74.92253037339813,
                18.220861923625545
              ],
              [
                74.92253544541857,
                18.22085941534523
              ],
              [
                74.9225403219918,
                18.22085657506555
              ],
              [
                74.92254497935966,
                18.22085341662409
              ],
              [
                74.92254939483188,
                18.220849955408465
              ],
              [
                74.92255354689675,
                18.22084620828139
              ],
              [
                74.9225574153258,
                18.22084219349851
              ],
              [
                74.92256098127243,
                18.22083793061946
              ],
              [
                74.92256422736374,
                18.22083344041257
              ],
              [
                74.9225671377851,
                18.220828744753696
              ],
              [
                74.92256969835724,
                18.220823866519638
              ],
              [
                74.92257189660533,
                18.220818829476666
              ],
              [
                74.92257372181977,
                18.22081365816477
              ],
              [
                74.92257516510833,
                18.220808377778056
              ],
              [
                74.92257621943948,
                18.220803014042065
              ],
              [
                74.92257687967664,
                18.220797593088374
              ],
              [
                74.92257714260325,
                18.220792141327337
              ],
              [
                74.9225770069384,
                18.220786685319382
              ],
              [
                74.92257647334307,
                18.220781251645626
              ],
              [
                74.92257554441692,
                18.22077586677839
              ],
              [
                74.92257542672172,
                18.220775393241766
              ],
              [
                74.92272970756301,
                18.2207448130804
              ],
              [
                74.92407248862514,
                18.220462896282932
              ],
              [
                74.92477812600526,
                18.220303170582877
              ],
              [
                74.92477879778521,
                18.220305873294812
              ],
              [
                74.92478050195332,
                18.220311082191902
              ],
              [
                74.92478258219235,
                18.220316164797328
              ],
              [
                74.92478502836764,
                18.22032109634913
              ],
              [
                74.92478782856163,
                18.220325852821286
              ],
              [
                74.92479096913213,
                18.220330411040703
              ],
              [
                74.9247944347786,
                18.22033474880019
              ],
              [
                74.92479820861675,
                18.220338844966612
              ],
              [
                74.92480227226085,
                18.220342679583805
              ],
              [
                74.92480660591322,
                18.22034623396992
              ],
              [
                74.92481118846072,
                18.22034949080832
              ],
              [
                74.92481599757765,
                18.22035243423199
              ],
              [
                74.92482100983446,
                18.22035504990085
              ],
              [
                74.92482620081194,
                18.220357325071618
              ],
              [
                74.92483154522009,
                18.220359248659868
              ],
              [
                74.9248370170215,
                18.220360811294064
              ],
              [
                74.92484258955807,
                18.2203620053612
              ],
              [
                74.92484823568091,
                18.2203628250439
              ],
              [
                74.92485392788267,
                18.22036326634873
              ],
              [
                74.92485963843146,
                18.22036332712571
              ],
              [
                74.92486533950603,
                18.22036300707873
              ],
              [
                74.92487100333128,
                18.220362307767033
              ],
              [
                74.92487660231357,
                18.220361232597604
              ],
              [
                74.92488210917521,
                18.22035978680856
              ],
              [
                74.92488749708728,
                18.220357977443655
              ],
              [
                74.9248927398004,
                18.220355813317937
              ],
              [
                74.92489781177257,
                18.220353304974825
              ],
              [
                74.92490268829359,
                18.220350464634727
              ],
              [
                74.92490734560556,
                18.22034730613551
              ],
              [
                74.92491176101852,
                18.220343844865084
              ],
              [
                74.92491591302098,
                18.220340097686424
              ],
              [
                74.92491978138486,
                18.220336082855432
              ],
              [
                74.92492334726379,
                18.22033181993197
              ],
              [
                74.92492659328525,
                18.22032732968459
              ],
              [
                74.92492950363494,
                18.22032263398936
              ],
              [
                74.92493206413393,
                18.220317755723222
              ],
              [
                74.92493426230779,
                18.220312718652625
              ],
              [
                74.92493608744722,
                18.2203075473177
              ],
              [
                74.92493753066037,
                18.220302266912647
              ],
              [
                74.92493858491609,
                18.220296903163106
              ],
              [
                74.92493924507818,
                18.220291482200718
              ],
              [
                74.92493950793045,
                18.22028603043588
              ],
              [
                74.92493937219231,
                18.220280574429037
              ],
              [
                74.92493883852514,
                18.220275140761306
              ],
              [
                74.92493790952891,
                18.220269755904972
              ],
              [
                74.92493726151191,
                18.220267148805906
              ],
              [
                74.92528588491967,
                18.220188234195682
              ],
              [
                74.92551107513854,
                18.22014185363295
              ],
              [
                74.92612515964065,
                18.220015374267312
              ],
              [
                74.92647975157456,
                18.219942340076226
              ],
              [
                74.92648054334734,
                18.21994552541959
              ],
              [
                74.92648224756267,
                18.219950734301918
              ],
              [
                74.92648432784696,
                18.219955816889243
              ],
              [
                74.92648677406522,
                18.219960748419673
              ],
              [
                74.92648957429982,
                18.219965504867297
              ],
              [
                74.9264927149083,
                18.21997006305916
              ],
              [
                74.92649618058995,
                18.219974400788175
              ],
              [
                74.92649995446031,
                18.21997849692137
              ],
              [
                74.92650401813347,
                18.219982331502752
              ],
              [
                74.92650835181163,
                18.219985885850633
              ],
              [
                74.92651293438156,
                18.21998914264856
              ],
              [
                74.92651774351741,
                18.219992086029727
              ],
              [
                74.92652275578952,
                18.219994701654265
              ],
              [
                74.9265279467786,
                18.21999697677909
              ],
              [
                74.92653329119466,
                18.219998900320004
              ],
              [
                74.9265387630002,
                18.22000046290572
              ],
              [
                74.9265443355371,
                18.220001656923447
              ],
              [
                74.92654998165649,
                18.22000247655605
              ],
              [
                74.92655567385104,
                18.220002917810362
              ],
              [
                74.92656138438886,
                18.22000297853662
              ],
              [
                74.9265670854488,
                18.22000265843898
              ],
              [
                74.92657274925577,
                18.22000195907693
              ],
              [
                74.92657834821628,
                18.22000088385769
              ],
              [
                74.92658385505274,
                18.219999438019634
              ],
              [
                74.9265892429363,
                18.219997628606738
              ],
              [
                74.92659448561777,
                18.219995464434295
              ],
              [
                74.92659955755526,
                18.21999295604595
              ],
              [
                74.92660443403881,
                18.219990115662334
              ],
              [
                74.92660909131064,
                18.219986957121524
              ],
              [
                74.926613506681,
                18.219983495811636
              ],
              [
                74.92661765863863,
                18.21997974859583
              ],
              [
                74.9266215269556,
                18.21997573373018
              ],
              [
                74.92662509278588,
                18.21997147077474
              ],
              [
                74.92662833875711,
                18.21996698049821
              ],
              [
                74.92663124905523,
                18.219962284776773
              ],
              [
                74.92663380950161,
                18.21995740648754
              ],
              [
                74.92663600762204,
                18.219952369397067
              ],
              [
                74.92663783270747,
                18.219947198045546
              ],
              [
                74.92663927586635,
                18.219941917627292
              ],
              [
                74.92664033006778,
                18.219936553868003
              ],
              [
                74.92664099017581,
                18.219931132899358
              ],
              [
                74.9266412529745,
                18.219925681131794
              ],
              [
                74.92664111718359,
                18.21992022512576
              ],
              [
                74.92664058346465,
                18.219914791462376
              ],
              [
                74.92664003434176,
                18.21991160869077
              ],
              [
                74.92717410387023,
                18.219824449693114
              ],
              [
                74.92717480753821,
                18.219828528151538
              ],
              [
                74.92717612740215,
                18.21983383794708
              ],
              [
                74.92717783163711,
                18.21983904682336
              ],
              [
                74.92717991194027,
                18.21984412940326
              ],
              [
                74.92718235817664,
                18.219849060924943
              ],
              [
                74.9271851584284,
                18.219853817362523
              ],
              [
                74.92718829905304,
                18.219858375543094
              ],
              [
                74.92719176474975,
                18.21986271325964
              ],
              [
                74.92719553863405,
                18.21986680937924
              ],
              [
                74.92719960231992,
                18.21987064394598
              ],
              [
                74.9272039360095,
                18.219874198278223
              ],
              [
                74.92720851858951,
                18.219877455059606
              ],
              [
                74.92721332773404,
                18.219880398423395
              ],
              [
                74.92721834001344,
                18.2198830140298
              ],
              [
                74.92722353100832,
                18.21988528913584
              ],
              [
                74.92722887542868,
                18.21988721265741
              ],
              [
                74.92723434723702,
                18.219888775223296
              ],
              [
                74.9272399197752,
                18.219889969220826
              ],
              [
                74.92724556589434,
                18.219890788832966
              ],
              [
                74.92725125808708,
                18.21989123006662
              ],
              [
                74.92725696862158,
                18.219891290772157
              ],
              [
                74.92726266967668,
                18.219890970653815
              ],
              [
                74.92726833347734,
                18.21989027127119
              ],
              [
                74.9272739324301,
                18.219889196031602
              ],
              [
                74.92727943925736,
                18.219887750173513
              ],
              [
                74.92728482713039,
                18.21988594074102
              ],
              [
                74.9272900698,
                18.21988377654949
              ],
              [
                74.92729514172433,
                18.219881268142668
              ],
              [
                74.92730001819355,
                18.21987842774128
              ],
              [
                74.92730467544993,
                18.219875269183483
              ],
              [
                74.92730909080377,
                18.219871807857476
              ],
              [
                74.92731324274392,
                18.219868060626503
              ],
              [
                74.92731711104253,
                18.219864045746714
              ],
              [
                74.92732067685365,
                18.219859782778222
              ],
              [
                74.92732392280499,
                18.219855292489793
              ],
              [
                74.92732683308265,
                18.219850596757677
              ],
              [
                74.92732939350806,
                18.219845718459027
              ],
              [
                74.92733159160707,
                18.21984068136044
              ],
              [
                74.92733341667082,
                18.219835510002163
              ],
              [
                74.92733485980781,
                18.219830229578545
              ],
              [
                74.92733591398725,
                18.219824865815283
              ],
              [
                74.92733657407332,
                18.219819444844106
              ],
              [
                74.9273368368502,
                18.219813993075444
              ],
              [
                74.92733670103767,
                18.219808537069767
              ],
              [
                74.92733616729747,
                18.21980310340818
              ],
              [
                74.92733608198367,
                18.21980260893222
              ],
              [
                74.92801803409866,
                18.219714149269763
              ],
              [
                74.92947098476745,
                18.219555448562012
              ],
              [
                74.92974961023148,
                18.21950765446145
              ],
              [
                74.92974988609292,
                18.219509253216856
              ],
              [
                74.92975120603265,
                18.219514562995105
              ],
              [
                74.92975291034122,
                18.219519771848926
              ],
              [
                74.92975499071547,
                18.2195248544013
              ],
              [
                74.92975743702004,
                18.219529785890533
              ],
              [
                74.92976023733681,
                18.219534542290894
              ],
              [
                74.92976337802294,
                18.219539100429657
              ],
              [
                74.92976684377733,
                18.21954343810001
              ],
              [
                74.92977061771519,
                18.219547534169248
              ],
              [
                74.92977468145027,
                18.21955136868172
              ],
              [
                74.92977901518448,
                18.219554922956032
              ],
              [
                74.92978359780426,
                18.21955817967612
              ],
              [
                74.92978840698359,
                18.21956112297554
              ],
              [
                74.92979341929255,
                18.21956373851483
              ],
              [
                74.9297986103117,
                18.219566013551315
              ],
              [
                74.92980395475091,
                18.21956793700125
              ],
              [
                74.92980942657253,
                18.21956949949375
              ],
              [
                74.9298149991184,
                18.21957069341652
              ],
              [
                74.9298206452396,
                18.219571512952864
              ],
              [
                74.92982633742874,
                18.219571954110084
              ],
              [
                74.92983204795404,
                18.219572014738905
              ],
              [
                74.92983774899429,
                18.21957169454394
              ],
              [
                74.92984341277463,
                18.21957099508516
              ],
              [
                74.92984901170165,
                18.219569919770265
              ],
              [
                74.92985451849788,
                18.219568473838066
              ],
              [
                74.92985990633473,
                18.21956666433303
              ],
              [
                74.92986514896319,
                18.219564500070884
              ],
              [
                74.92987022084166,
                18.219561991595718
              ],
              [
                74.92987509726045,
                18.21955915112858
              ],
              [
                74.92987975446209,
                18.21955599250794
              ],
              [
                74.9298841697572,
                18.21955253112232
              ],
              [
                74.92988832163486,
                18.219548783835247
              ],
              [
                74.92989218986754,
                18.219544768903152
              ],
              [
                74.92989575560965,
                18.21954050588639
              ],
              [
                74.92989900148916,
                18.219536015553977
              ],
              [
                74.92990191169258,
                18.21953131978237
              ],
              [
                74.92990447204167,
                18.219526441448913
              ],
              [
                74.92990667006269,
                18.21952140432037
              ],
              [
                74.92990849504713,
                18.21951623293713
              ],
              [
                74.92990993810388,
                18.21951095249368
              ],
              [
                74.92991099220255,
                18.219505588715812
              ],
              [
                74.92991165220771,
                18.219500167735312
              ],
              [
                74.92991191490393,
                18.219494715962657
              ],
              [
                74.92991177901138,
                18.219489259958348
              ],
              [
                74.92991124519217,
                18.219483826303474
              ],
              [
                74.92991031604706,
                18.21947844147026
              ],
              [
                74.92990899610278,
                18.219473131693075
              ],
              [
                74.9299082438939,
                18.219470832734164
              ],
              [
                74.9299111759535,
                18.219474502438008
              ],
              [
                74.92991494989326,
                18.219478598504445
              ],
              [
                74.92991901362991,
                18.21948243301388
              ],
              [
                74.92992334736536,
                18.219485987284965
              ],
              [
                74.92992792998608,
                18.21948924400163
              ],
              [
                74.92993273916592,
                18.21949218729746
              ],
              [
                74.9299377514751,
                18.219494802832987
              ],
              [
                74.92994294249411,
                18.219497077865583
              ],
              [
                74.9299482869328,
                18.21949900131151
              ],
              [
                74.92995375875357,
                18.219500563799905
              ],
              [
                74.92995933129825,
                18.219501757718483
              ],
              [
                74.92996497741791,
                18.219502577250577
              ],
              [
                74.92997066960518,
                18.219503018403508
              ],
              [
                74.92997638012828,
                18.21950307902802
              ],
              [
                74.92998208116607,
                18.219502758828757
              ],
              [
                74.92998774494362,
                18.219502059365706
              ],
              [
                74.92999334386757,
                18.219500984046565
              ],
              [
                74.92999885066044,
                18.21949953811021
              ],
              [
                74.9300042384937,
                18.219497728601088
              ],
              [
                74.93000948111832,
                18.219495564334967
              ],
              [
                74.93001455299273,
                18.219493055855956
              ],
              [
                74.93001942940727,
                18.219490215385097
              ],
              [
                74.9300240866045,
                18.21948705676093
              ],
              [
                74.93002850189502,
                18.219483595371948
              ],
              [
                74.93003265376795,
                18.21947984808171
              ],
              [
                74.93003652199585,
                18.219475833146653
              ],
              [
                74.93004008773298,
                18.219471570127165
              ],
              [
                74.93004333360756,
                18.219467079792253
              ],
              [
                74.93004624380595,
                18.219462384018396
              ],
              [
                74.93004880415,
                18.21945750568296
              ],
              [
                74.93005100216601,
                18.219452468552717
              ],
              [
                74.93005282714547,
                18.21944729716805
              ],
              [
                74.9300542701973,
                18.219442016723463
              ],
              [
                74.93005532429113,
                18.21943665294474
              ],
              [
                74.93005598429156,
                18.219431231963686
              ],
              [
                74.93005624698316,
                18.21942578019078
              ],
              [
                74.93005611108616,
                18.21942032418652
              ],
              [
                74.93005557726268,
                18.219414890531993
              ],
              [
                74.93005464811348,
                18.219409505699435
              ],
              [
                74.93005455569265,
                18.219409133916674
              ],
              [
                74.93026540558378,
                18.21940460650244
              ],
              [
                74.93116382666906,
                18.21933643945456
              ],
              [
                74.93135118933485,
                18.219367223910528
              ],
              [
                74.93169403780595,
                18.219341446026892
              ],
              [
                74.93281244514876,
                18.219231406574455
              ],
              [
                74.9330757873327,
                18.219234468953854
              ],
              [
                74.93403576626912,
                18.219142310646824
              ],
              [
                74.93403598362733,
                18.219144522568346
              ],
              [
                74.93403691289761,
                18.219149907382164
              ],
              [
                74.93403823296475,
                18.21915521713152
              ],
              [
                74.93403993739751,
                18.219160425947848
              ],
              [
                74.93404201789214,
                18.2191655084543
              ],
              [
                74.93404446431263,
                18.219170439889403
              ],
              [
                74.93404726474036,
                18.219175196227702
              ],
              [
                74.9340504055319,
                18.21917975429677
              ],
              [
                74.93405387138569,
                18.219184091890124
              ],
              [
                74.93405764541639,
                18.219188187875456
              ],
              [
                74.93406170923737,
                18.219192022297495
              ],
              [
                74.93406604305005,
                18.219195576475315
              ],
              [
                74.93407062574057,
                18.219198833093305
              ],
              [
                74.93407543498247,
                18.219201776285534
              ],
              [
                74.93408044734561,
                18.219204391713035
              ],
              [
                74.93408563841024,
                18.219206666633703
              ],
              [
                74.93409098288599,
                18.21920858996434
              ],
              [
                74.93409645473513,
                18.219210152334668
              ],
              [
                74.93410202729922,
                18.21921134613296
              ],
              [
                74.93410767342934,
                18.219212165543137
              ],
              [
                74.93411336561807,
                18.219212606573116
              ],
              [
                74.93411907613357,
                18.21921266707424
              ],
              [
                74.93412477715476,
                18.219212346751743
              ],
              [
                74.93413044090681,
                18.219211647166222
              ],
              [
                74.93413603979646,
                18.219210571725984
              ],
              [
                74.93414154654643,
                18.219209125670474
              ],
              [
                74.93414693432834,
                18.219207316044734
              ],
              [
                74.93415217689348,
                18.219205151665104
              ],
              [
                74.93415724870052,
                18.219202643076212
              ],
              [
                74.93416212504013,
                18.219199802499684
              ],
              [
                74.93416678215526,
                18.219196643774538
              ],
              [
                74.93417119735689,
                18.219193182289768
              ],
              [
                74.9341753491346,
                18.219189434909403
              ],
              [
                74.93417921726136,
                18.219185419890334
              ],
              [
                74.93418278289201,
                18.21918115679333
              ],
              [
                74.9341860286552,
                18.2191766663878
              ],
              [
                74.93418893873789,
                18.219171970550555
              ],
              [
                74.93419149896246,
                18.21916709215927
              ],
              [
                74.93419369685581,
                18.219162054980977
              ],
              [
                74.93419552171002,
                18.21915688355632
              ],
              [
                74.93419696463464,
                18.219151603079975
              ],
              [
                74.93419801859989,
                18.219146239277904
              ],
              [
                74.93419867847099,
                18.21914081828201
              ],
              [
                74.93419894103319,
                18.219135366502837
              ],
              [
                74.93419880500731,
                18.21912991050092
              ],
              [
                74.9341982710561,
                18.219124476857345
              ],
              [
                74.93419734178097,
                18.21911909204428
              ],
              [
                74.93419602170928,
                18.219113782295985
              ],
              [
                74.93419431727231,
                18.21910857348101
              ],
              [
                74.93419223677395,
                18.219103490976167
              ],
              [
                74.9341897903502,
                18.219098559542893
              ],
              [
                74.93418698991982,
                18.219093803206633
              ],
              [
                74.93418384912624,
                18.219089245139767
              ],
              [
                74.93418038327111,
                18.219084907548698
              ],
              [
                74.93417660923973,
                18.219080811565746
              ],
              [
                74.9341725454188,
                18.219076977146095
              ],
              [
                74.93416821160687,
                18.219073422970638
              ],
              [
                74.93416362891783,
                18.21907016635495
              ],
              [
                74.93415881967803,
                18.2190672231649
              ],
              [
                74.93415380731763,
                18.21906460773942
              ],
              [
                74.93414861625631,
                18.219062332820567
              ],
              [
                74.93414327178436,
                18.219060409491515
              ],
              [
                74.93413779993952,
                18.21905884712252
              ],
              [
                74.93413222738,
                18.21905765332527
              ],
              [
                74.93412658125474,
                18.219056833915815
              ],
              [
                74.93412088907105,
                18.219056392886237
              ],
              [
                74.93411952253251,
                18.219056378408204
              ],
              [
                74.93415305110653,
                18.217962803637363
              ],
              [
                74.9341628675312,
                18.21741216922274
              ],
              [
                74.9341662092127,
                18.217412204626225
              ],
              [
                74.93417191017521,
                18.217411884302088
              ],
              [
                74.93417757386882,
                18.21741118471485
              ],
              [
                74.93418317270059,
                18.21741010927286
              ],
              [
                74.9341886793935,
                18.21740866321554
              ],
              [
                74.93419406711949,
                18.217406853587956
              ],
              [
                74.93419930963006,
                18.21740468920645
              ],
              [
                74.9342043813842,
                18.217402180615682
              ],
              [
                74.93420925767282,
                18.217399340037254
              ],
              [
                74.93421391473913,
                18.21739618131021
              ],
              [
                74.93421832989432,
                18.21739271982356
              ],
              [
                74.93422248162821,
                18.21738897244134
              ],
              [
                74.93422634971397,
                18.217384957420435
              ],
              [
                74.93422991530667,
                18.217380694321637
              ],
              [
                74.93423316103512,
                18.217376203914355
              ],
              [
                74.93423607108647,
                18.21737150807542
              ],
              [
                74.93423863128328,
                18.217366629682495
              ],
              [
                74.93424082915247,
                18.217361592502648
              ],
              [
                74.93424265398635,
                18.21735642107651
              ],
              [
                74.93424409689452,
                18.217351140598765
              ],
              [
                74.9342451508473,
                18.21734577679539
              ],
              [
                74.93424581070997,
                18.21734035579829
              ],
              [
                74.93424607326779,
                18.217334904018013
              ],
              [
                74.93424593724164,
                18.217329448015114
              ],
              [
                74.93424540329427,
                18.21732401437066
              ],
              [
                74.93424447402705,
                18.217318629556843
              ],
              [
                74.93424315396733,
                18.21731331980792
              ],
              [
                74.93424144954628,
                18.21730811099243
              ],
              [
                74.93423936906775,
                18.21730302848721
              ],
              [
                74.93423692266764,
                18.217298097053693
              ],
              [
                74.9342341222646,
                18.217293340717315
              ],
              [
                74.93423098150191,
                18.21728878265046
              ],
              [
                74.93422751568109,
                18.21728444505955
              ],
              [
                74.93422374168725,
                18.21728034907687
              ],
              [
                74.93421967790694,
                18.217276514657634
              ],
              [
                74.93421534413847,
                18.21727296048271
              ],
              [
                74.93421076149552,
                18.217269703867682
              ],
              [
                74.93420595230427,
                18.217266760678424
              ],
              [
                74.9342009399946,
                18.21726414525384
              ],
              [
                74.93419574898594,
                18.217261870336007
              ],
              [
                74.93419040456835,
                18.217259947008085
              ],
              [
                74.93418493277927,
                18.217258384640314
              ],
              [
                74.93417936027667,
                18.217257190844393
              ],
              [
                74.93417371420921,
                18.217256371436353
              ],
              [
                74.93417344912625,
                18.217256350897628
              ],
              [
                74.93421114923984,
                18.21693761262799
              ],
              [
                74.9342102982243,
                18.216835292705735
              ],
              [
                74.9342112343638,
                18.216834978274353
              ],
              [
                74.93421647685705,
                18.216832813892193
              ],
              [
                74.93422154859434,
                18.216830305300764
              ],
              [
                74.93422642486674,
                18.216827464721685
              ],
              [
                74.93423108191749,
                18.21682430599398
              ],
              [
                74.93423549705787,
                18.216820844506696
              ],
              [
                74.9342396487778,
                18.216817097123826
              ],
              [
                74.9342435168505,
                18.21681308210229
              ],
              [
                74.93424708243109,
                18.21680881900288
              ],
              [
                74.93425032814845,
                18.216804328595007
              ],
              [
                74.93425323818978,
                18.216799632755496
              ],
              [
                74.93425579837769,
                18.216794754362024
              ],
              [
                74.93425799623917,
                18.216789717181655
              ],
              [
                74.93425982106652,
                18.21678454575503
              ],
              [
                74.9342612639694,
                18.216779265276827
              ],
              [
                74.93426231791815,
                18.216773901473022
              ],
              [
                74.93426297777808,
                18.216768480475523
              ],
              [
                74.93426324033445,
                18.216763028694906
              ],
              [
                74.93426310430816,
                18.216757572691684
              ],
              [
                74.93426257036192,
                18.21675213904697
              ],
              [
                74.93426164109714,
                18.21674675423292
              ],
              [
                74.93426032104112,
                18.216741444483795
              ],
              [
                74.93425861662509,
                18.216736235668176
              ],
              [
                74.93425653615282,
                18.216731153162858
              ],
              [
                74.93425408976015,
                18.216726221729292
              ],
              [
                74.93425128936573,
                18.21672146539291
              ],
              [
                74.93424814861281,
                18.21671690732609
              ],
              [
                74.93424468280281,
                18.216712569735268
              ],
              [
                74.93424090882085,
                18.21670847375273
              ],
              [
                74.93423684505338,
                18.216704639333663
              ],
              [
                74.93423251129867,
                18.216701085158967
              ],
              [
                74.93422792867034,
                18.216697828544195
              ],
              [
                74.93422311949446,
                18.216694885355235
              ],
              [
                74.93421810720088,
                18.216692269931006
              ],
              [
                74.9342129162089,
                18.21668999501355
              ],
              [
                74.9342090782677,
                18.216688613826275
              ],
              [
                74.93420712000534,
                18.216453165919447
              ],
              [
                74.93421647394739,
                18.215695798336846
              ],
              [
                74.93421742462547,
                18.215695744919596
              ],
              [
                74.9342230882634,
                18.21569504533072
              ],
              [
                74.93422868703999,
                18.215693969887027
              ],
              [
                74.93423419367853,
                18.21569252382797
              ],
              [
                74.9342395813512,
                18.215690714198615
              ],
              [
                74.93424482380979,
                18.215688549815315
              ],
              [
                74.9342498955135,
                18.215686041222728
              ],
              [
                74.93425477175353,
                18.215683200642488
              ],
              [
                74.93425942877326,
                18.215680041913625
              ],
              [
                74.93426384388418,
                18.21567658042517
              ],
              [
                74.93426799557629,
                18.215672833041165
              ],
              [
                74.93427186362298,
                18.215668818018493
              ],
              [
                74.9342754291795,
                18.215664554917975
              ],
              [
                74.93427867487485,
                18.215660064509013
              ],
              [
                74.93428158489628,
                18.215655368668454
              ],
              [
                74.93428414506657,
                18.215650490273966
              ],
              [
                74.93428634291276,
                18.215645453092623
              ],
              [
                74.93428816772723,
                18.215640281665067
              ],
              [
                74.93428961061971,
                18.21563500118599
              ],
              [
                74.93429066456059,
                18.21562963738136
              ],
              [
                74.93429132441521,
                18.21562421638311
              ],
              [
                74.93429158696885,
                18.21561876460179
              ],
              [
                74.93429145094242,
                18.215613308597945
              ],
              [
                74.93429091699869,
                18.215607874952664
              ],
              [
                74.93428998773899,
                18.215602490138124
              ],
              [
                74.93428866769062,
                18.2155971803886
              ],
              [
                74.93428696328476,
                18.215591971572636
              ],
              [
                74.93428488282512,
                18.215586889067062
              ],
              [
                74.93428243644753,
                18.215581957633322
              ],
              [
                74.93427963607053,
                18.215577201296842
              ],
              [
                74.93427649533727,
                18.215572643230004
              ],
              [
                74.93427302954912,
                18.215568305639245
              ],
              [
                74.93426925559106,
                18.21556420965685
              ],
              [
                74.93426519184942,
                18.215560375238006
              ],
              [
                74.93426085812236,
                18.215556821063615
              ],
              [
                74.93425627552337,
                18.215553564449234
              ],
              [
                74.93425146637837,
                18.215550621260736
              ],
              [
                74.93424645411702,
                18.21554800583703
              ],
              [
                74.93424126315855,
                18.215545730920187
              ],
              [
                74.93423591879275,
                18.21554380759335
              ],
              [
                74.93423044705682,
                18.215542245226768
              ],
              [
                74.93422487460847,
                18.215541051432126
              ],
              [
                74.93421922859606,
                18.215540232025457
              ],
              [
                74.9342135365264,
                18.215539790998836
              ],
              [
                74.9342103956062,
                18.21553975772284
              ],
              [
                74.93419411676273,
                18.21541947921494
              ],
              [
                74.93417594384239,
                18.214202780185843
              ],
              [
                74.93416913683639,
                18.214003139337184
              ],
              [
                74.9341722682506,
                18.214002317011715
              ],
              [
                74.93417765587186,
                18.214000507383624
              ],
              [
                74.93418289828054,
                18.21399834300147
              ],
              [
                74.93418796993613,
                18.213995834409925
              ],
              [
                74.93419284612999,
                18.213992993830615
              ],
              [
                74.93419750310582,
                18.213989835102563
              ],
              [
                74.93420191817522,
                18.21398637361479
              ],
              [
                74.93420606982848,
                18.21398262623134
              ],
              [
                74.93420993783913,
                18.2139786112091
              ],
              [
                74.9342135033626,
                18.213974348108874
              ],
              [
                74.93421674902804,
                18.21396985770008
              ],
              [
                74.93421965902293,
                18.213965161859548
              ],
              [
                74.93422221917004,
                18.21396028346495
              ],
              [
                74.93422441699664,
                18.213955246283373
              ],
              [
                74.93422624179517,
                18.213950074855443
              ],
              [
                74.9342276846754,
                18.213944794375866
              ],
              [
                74.93422873860783,
                18.21393943057061
              ],
              [
                74.93422939845782,
                18.213934009571602
              ],
              [
                74.93422966101068,
                18.213928557789412
              ],
              [
                74.93422952498732,
                18.213923101784566
              ],
              [
                74.93422899105046,
                18.213917668138183
              ],
              [
                74.93422806180146,
                18.21391228332243
              ],
              [
                74.93422674176752,
                18.213906973571593
              ],
              [
                74.93422503737978,
                18.213901764754212
              ],
              [
                74.93422295694182,
                18.213896682247146
              ],
              [
                74.93422051058943,
                18.213891750811822
              ],
              [
                74.93421771024097,
                18.21388699447369
              ],
              [
                74.93421456953948,
                18.213882436405143
              ],
              [
                74.93421110378615,
                18.213878098812614
              ],
              [
                74.93420732986583,
                18.213874002828394
              ],
              [
                74.93420326616463,
                18.213870168407702
              ],
              [
                74.93419893248054,
                18.21386661423142
              ],
              [
                74.93419434992678,
                18.213863357615125
              ],
              [
                74.93418954082914,
                18.213860414424712
              ],
              [
                74.93418452861702,
                18.213857798999086
              ],
              [
                74.93417933770935,
                18.21385552408032
              ],
              [
                74.93417399339575,
                18.213853600751587
              ],
              [
                74.93416852171312,
                18.213852038383138
              ],
              [
                74.93416608973041,
                18.2138515173697
              ],
              [
                74.93416635971661,
                18.21345460687538
              ],
              [
                74.93414480165245,
                18.21259346057348
              ],
              [
                74.93411782813683,
                18.212307565765386
              ],
              [
                74.93412021487991,
                18.212307591052866
              ],
              [
                74.93412591567632,
                18.21230727072939
              ],
              [
                74.934131579205,
                18.212306571142623
              ],
              [
                74.93413717787378,
                18.212305495700875
              ],
              [
                74.93414268440647,
                18.2123040496436
              ],
              [
                74.93414807197573,
                18.212302240015845
              ],
              [
                74.9341533143339,
                18.212300075633962
              ],
              [
                74.93415838594063,
                18.212297567042615
              ],
              [
                74.93416326208762,
                18.21229472646339
              ],
              [
                74.93416791901872,
                18.212291567735356
              ],
              [
                74.9341723340458,
                18.212288106247517
              ],
              [
                74.93417648565931,
                18.21228435886392
              ],
              [
                74.934180353633,
                18.21228034384145
              ],
              [
                74.93418391912249,
                18.212276080740914
              ],
              [
                74.93418716475708,
                18.212271590331717
              ],
              [
                74.93419007472437,
                18.212266894490718
              ],
              [
                74.93419263484734,
                18.21226201609559
              ],
              [
                74.93419483265332,
                18.212256978913388
              ],
              [
                74.93419665743485,
                18.21225180748477
              ],
              [
                74.93419810030181,
                18.21224652700445
              ],
              [
                74.93419915422474,
                18.212241163198367
              ],
              [
                74.93419981406906,
                18.21223574219849
              ],
              [
                74.93420007662012,
                18.212230290415363
              ],
              [
                74.9341999405988,
                18.21222483440954
              ],
              [
                74.93419940666787,
                18.212219400762134
              ],
              [
                74.93419847742861,
                18.212214015945317
              ],
              [
                74.93419715740816,
                18.212208706193373
              ],
              [
                74.93419545303765,
                18.212203497374876
              ],
              [
                74.93419337262057,
                18.21219841486665
              ],
              [
                74.93419092629254,
                18.212193483430163
              ],
              [
                74.93418812597186,
                18.212188727090847
              ],
              [
                74.93418498530144,
                18.212184169021114
              ],
              [
                74.93418151958231,
                18.212179831427385
              ],
              [
                74.9341777456991,
                18.212175735441985
              ],
              [
                74.93417368203782,
                18.21217190102011
              ],
              [
                74.93416934839622,
                18.212168346842667
              ],
              [
                74.93416476588735,
                18.212165090225234
              ],
              [
                74.93415995683671,
                18.21216214703371
              ],
              [
                74.93415494467351,
                18.212159531607
              ],
              [
                74.9341497538165,
                18.2121572566872
              ],
              [
                74.93414440955496,
                18.21215533335747
              ],
              [
                74.93413893792558,
                18.212153770988063
              ],
              [
                74.93413336558557,
                18.212152577190686
              ],
              [
                74.93412771968275,
                18.212151757781392
              ],
              [
                74.93412202772338,
                18.21215131675225
              ],
              [
                74.93411631743807,
                18.212151256251904
              ],
              [
                74.9341106166467,
                18.21215157657511
              ],
              [
                74.93410495312295,
                18.21215227616129
              ],
              [
                74.93409935445888,
                18.212153351602133
              ],
              [
                74.9340938479306,
                18.212154797658197
              ],
              [
                74.9340884603653,
                18.212156607284463
              ],
              [
                74.9340856020285,
                18.212157787389202
              ],
              [
                74.93375537351065,
                18.211496413770327
              ],
              [
                74.93322608572281,
                18.21038076179807
              ],
              [
                74.93318457192353,
                18.21029779875727
              ],
              [
                74.93318729642513,
                18.210297827636772
              ],
              [
                74.93319299715775,
                18.21029750734076
              ],
              [
                74.93319866062507,
                18.210296807781184
              ],
              [
                74.93320425923521,
                18.210295732366248
              ],
              [
                74.93320976571228,
                18.210294286335277
              ],
              [
                74.93321515322923,
                18.210292476733184
              ],
              [
                74.93322039553858,
                18.21029031237618
              ],
              [
                74.93322546710033,
                18.210287803808825
              ],
              [
                74.9332303432063,
                18.210284963252594
              ],
              [
                74.9332350001006,
                18.210281804546423
              ],
              [
                74.93323941509526,
                18.21027834307923
              ],
              [
                74.93324356668089,
                18.210274595714946
              ],
              [
                74.93324743463134,
                18.21027058071037
              ],
              [
                74.9332510001024,
                18.210266317626225
              ],
              [
                74.93325424572343,
                18.21026182723184
              ],
              [
                74.93325715568211,
                18.21025713140398
              ],
              [
                74.93325971580144,
                18.21025225302026
              ],
              [
                74.9332619136088,
                18.210247215847698
              ],
              [
                74.93326373839669,
                18.2102420444269
              ],
              [
                74.93326518127498,
                18.21023676395252
              ],
              [
                74.93326623521415,
                18.2102314001505
              ],
              [
                74.93326689507953,
                18.210225979152764
              ],
              [
                74.93326715765637,
                18.21022052736986
              ],
              [
                74.93326702166547,
                18.210215071362327
              ],
              [
                74.93326648776937,
                18.21020963771131
              ],
              [
                74.93326555856923,
                18.21020425288896
              ],
              [
                74.93326423859203,
                18.210198943129633
              ],
              [
                74.93326253426862,
                18.210193734301907
              ],
              [
                74.9332604539023,
                18.210188651782666
              ],
              [
                74.93325800762842,
                18.210183720333426
              ],
              [
                74.93325520736505,
                18.21017896397968
              ],
              [
                74.93325206675479,
                18.210174405893913
              ],
              [
                74.93324860109838,
                18.210170068282626
              ],
              [
                74.93324482728018,
                18.21016597227822
              ],
              [
                74.93324076368586,
                18.210162137836
              ],
              [
                74.93323643011281,
                18.21015858363696
              ],
              [
                74.93323184767378,
                18.210155326996784
              ],
              [
                74.93322703869394,
                18.210152383781477
              ],
              [
                74.93322202660217,
                18.210149768330083
              ],
              [
                74.93321683581678,
                18.210147493384788
              ],
              [
                74.9332114916268,
                18.210145570028892
              ],
              [
                74.93320602006854,
                18.210144007632792
              ],
              [
                74.93320044779884,
                18.210142813808293
              ],
              [
                74.93319480196521,
                18.210141994371586
              ],
              [
                74.93318911007356,
                18.210141553314884
              ],
              [
                74.93318339985417,
                18.21014149278697
              ],
              [
                74.93317993431289,
                18.210141687498655
              ],
              [
                74.93321715310852,
                18.20969955147929
              ],
              [
                74.93333468012473,
                18.20807839353886
              ],
              [
                74.93337316680665,
                18.20770366629126
              ],
              [
                74.93337739339484,
                18.207703993804028
              ],
              [
                74.9333831035349,
                18.207704054325934
              ],
              [
                74.93338880418278,
                18.207703734023735
              ],
              [
                74.93339446756548,
                18.20770303445793
              ],
              [
                74.93340006609151,
                18.20770195903671
              ],
              [
                74.9334055724854,
                18.20770051299946
              ],
              [
                74.93341095992051,
                18.207698703391106
              ],
              [
                74.93341620214976,
                18.207696539027918
              ],
              [
                74.93342127363353,
                18.20769403045445
              ],
              [
                74.93342614966402,
                18.207691189892234
              ],
              [
                74.9334308064857,
                18.20768803118023
              ],
              [
                74.93343522141099,
                18.20768456970737
              ],
              [
                74.93343937293078,
                18.207680822337625
              ],
              [
                74.93344324081932,
                18.207676807327818
              ],
              [
                74.93344680623262,
                18.207672544238697
              ],
              [
                74.93345005180036,
                18.207668053839615
              ],
              [
                74.9334529617105,
                18.207663358007355
              ],
              [
                74.93345552178623,
                18.207658479619575
              ],
              [
                74.93345771955516,
                18.207653442443284
              ],
              [
                74.93345954431001,
                18.20764827101912
              ],
              [
                74.93346098716079,
                18.20764299054175
              ],
              [
                74.93346204107809,
                18.207637626737142
              ],
              [
                74.93346270092735,
                18.207632205737212
              ],
              [
                74.93346296349394,
                18.20762675395254
              ],
              [
                74.93346282749866,
                18.20762129794366
              ],
              [
                74.93346229360411,
                18.207615864291718
              ],
              [
                74.93346136441141,
                18.2076104794689
              ],
              [
                74.93346004444753,
                18.207605169709524
              ],
              [
                74.93345834014325,
                18.207599960882195
              ],
              [
                74.93345625980174,
                18.207594878363782
              ],
              [
                74.93345381355833,
                18.207589946915807
              ],
              [
                74.93345101333082,
                18.20758519056375
              ],
              [
                74.9334478727617,
                18.20758063248009
              ],
              [
                74.93344440715153,
                18.207576294871323
              ],
              [
                74.93344063338436,
                18.207572198869826
              ],
              [
                74.9334365698457,
                18.207568364430898
              ],
              [
                74.9334322363326,
                18.207564810235517
              ],
              [
                74.93342765395758,
                18.20756155359934
              ],
              [
                74.93342284504547,
                18.207558610388375
              ],
              [
                74.93341783302479,
                18.207555994941615
              ],
              [
                74.93341264231357,
                18.207553720001247
              ],
              [
                74.93340729820042,
                18.207551796650538
              ],
              [
                74.9334018267213,
                18.207550234259845
              ],
              [
                74.93339625453267,
                18.207549040440973
              ],
              [
                74.93339270142928,
                18.20754852473942
              ],
              [
                74.93343721862739,
                18.20725024993639
              ],
              [
                74.93347715976716,
                18.206691126054587
              ],
              [
                74.93360789972841,
                18.205186548272987
              ],
              [
                74.93377782973936,
                18.203527495216175
              ],
              [
                74.9338204627804,
                18.202889406420596
              ],
              [
                74.93386686265438,
                18.202739265325818
              ],
              [
                74.93389223055667,
                18.202677298699612
              ],
              [
                74.93389588164229,
                18.20267861275465
              ],
              [
                74.93390135297393,
                18.202680175131565
              ],
              [
                74.93390692501139,
                18.20268136893589
              ],
              [
                74.93391257060821,
                18.20268218835151
              ],
              [
                74.93391826225957,
                18.202682629386324
              ],
              [
                74.93392397223629,
                18.202682689891635
              ],
              [
                74.93392967271991,
                18.20268236957267
              ],
              [
                74.93393533593817,
                18.202681669990003
              ],
              [
                74.93394093430045,
                18.202680594551925
              ],
              [
                74.93394644053203,
                18.202679148497868
              ],
              [
                74.93395182780708,
                18.202677338872878
              ],
              [
                74.93395706987931,
                18.202675174493272
              ],
              [
                74.93396214120985,
                18.20267266590371
              ],
              [
                74.93396701709165,
                18.202669825325792
              ],
              [
                74.9339716737699,
                18.202666666598546
              ],
              [
                74.9339760885577,
                18.202663205111
              ],
              [
                74.93398023994666,
                18.20265945772717
              ],
              [
                74.93398410771164,
                18.202655442703964
              ],
              [
                74.93398767300924,
                18.2026511796022
              ],
              [
                74.93399091846975,
                18.202646689191276
              ],
              [
                74.93399382828157,
                18.20264199334805
              ],
              [
                74.93399638826844,
                18.202637114950214
              ],
              [
                74.93399858595839,
                18.202632077764846
              ],
              [
                74.93400041064449,
                18.20262690633262
              ],
              [
                74.93400185343711,
                18.202621625848238
              ],
              [
                74.93400290730713,
                18.202616262037708
              ],
              [
                74.93400356712024,
                18.202610841032968
              ],
              [
                74.93400382966193,
                18.202605389244624
              ],
              [
                74.93400369365315,
                18.202599933233245
              ],
              [
                74.93400315975659,
                18.202594499579956
              ],
              [
                74.93400223057334,
                18.202589114756975
              ],
              [
                74.93400091063035,
                18.202583804998614
              ],
              [
                74.93399920635827,
                18.20257859617347
              ],
              [
                74.93399712606016,
                18.202573513658404
              ],
              [
                74.93399467987108,
                18.20256858221492
              ],
              [
                74.93399187970861,
                18.202563825868484
              ],
              [
                74.93398873921491,
                18.202559267791532
              ],
              [
                74.93398527369015,
                18.202554930190548
              ],
              [
                74.93398150001804,
                18.202550834197854
              ],
              [
                74.93397743658349,
                18.202546999768707
              ],
              [
                74.93397310318319,
                18.202543445584045
              ],
              [
                74.93396852092903,
                18.20254018895948
              ],
              [
                74.93396371214526,
                18.202537245760944
              ],
              [
                74.93395870025977,
                18.202534630327374
              ],
              [
                74.93395350968996,
                18.202532355400912
              ],
              [
                74.93394816572372,
                18.20253043206473
              ],
              [
                74.93394269439632,
                18.202528869689132
              ],
              [
                74.93393712236346,
                18.202527675885847
              ],
              [
                74.93393147677152,
                18.20252685647094
              ],
              [
                74.9339289634518,
                18.2025266617188
              ],
              [
                74.93394045300268,
                18.202397754411155
              ],
              [
                74.93399233193972,
                18.20186471751658
              ],
              [
                74.93415591618225,
                18.200418080479945
              ],
              [
                74.93423442261698,
                18.19961235225591
              ],
              [
                74.93423824289872,
                18.199612648280617
              ],
              [
                74.9342439527756,
                18.199612708776115
              ],
              [
                74.93424965315882,
                18.199612388447225
              ],
              [
                74.93425531627663,
                18.199611688854564
              ],
              [
                74.9342609145389,
                18.19961061340649
              ],
              [
                74.93426642067134,
                18.199609167342484
              ],
              [
                74.93427180784867,
                18.199607357707613
              ],
              [
                74.93427704982506,
                18.199605193318277
              ],
              [
                74.93428212106208,
                18.199602684719157
              ],
              [
                74.93428699685317,
                18.19959984413191
              ],
              [
                74.93429165344394,
                18.199596685395615
              ],
              [
                74.93429606814793,
                18.19959322389933
              ],
              [
                74.93430021945717,
                18.19958947650714
              ],
              [
                74.93430408714684,
                18.19958546147596
              ],
              [
                74.934307652374,
                18.199581198366662
              ],
              [
                74.93431089776922,
                18.199576707948687
              ],
              [
                74.93431380752128,
                18.199572012098923
              ],
              [
                74.93431636745412,
                18.19956713369509
              ],
              [
                74.93431856509608,
                18.199562096504298
              ],
              [
                74.93432038974049,
                18.199556925067238
              ],
              [
                74.93432183249789,
                18.199551644578655
              ],
              [
                74.93432288633934,
                18.19954628076456
              ],
              [
                74.93432354613068,
                18.199540859756926
              ],
              [
                74.93432380865748,
                18.199535407966348
              ],
              [
                74.9343236726408,
                18.199529951953426
              ],
              [
                74.93432313874332,
                18.199524518299285
              ],
              [
                74.93432220956619,
                18.19951913347616
              ],
              [
                74.93432088963628,
                18.19951382371835
              ],
              [
                74.93431918538421,
                18.199508614894448
              ],
              [
                74.93431710511294,
                18.199503532381314
              ],
              [
                74.93431465895738,
                18.19949860094044
              ],
              [
                74.93431185883496,
                18.19949384459729
              ],
              [
                74.93430871838763,
                18.199489286524265
              ],
              [
                74.93430525291535,
                18.199484948927832
              ],
              [
                74.93430147930155,
                18.19948085294031
              ],
              [
                74.93429741593093,
                18.19947701851692
              ],
              [
                74.93429308259978,
                18.19947346433857
              ],
              [
                74.93428850041968,
                18.19947020772084
              ],
              [
                74.93428369171454,
                18.199467264529627
              ],
              [
                74.93427867991184,
                18.199464649103845
              ],
              [
                74.9342734894286,
                18.199462374185583
              ],
              [
                74.9342681455523,
                18.199460450857988
              ],
              [
                74.93426267431772,
                18.199458888491304
              ],
              [
                74.93425710238014,
                18.199457694697227
              ],
              [
                74.93425145688546,
                18.199456875291798
              ],
              [
                74.93424958561627,
                18.19945673029153
              ],
              [
                74.93427068813696,
                18.199240148937815
              ],
              [
                74.93432149382684,
                18.19860061133904
              ],
              [
                74.93435522131006,
                18.198069676484163
              ],
              [
                74.93439578870942,
                18.197665385142987
              ],
              [
                74.93440989068627,
                18.197444080277247
              ],
              [
                74.93446850012081,
                18.196524305636938
              ],
              [
                74.93445492141596,
                18.196376768309992
              ],
              [
                74.93445540320462,
                18.196376741235166
              ],
              [
                74.93446106621708,
                18.196376041635872
              ],
              [
                74.93446666437471,
                18.196374966181097
              ],
              [
                74.93447217040381,
                18.196373520110377
              ],
              [
                74.93447755747952,
                18.196371710468803
              ],
              [
                74.93448279935652,
                18.1963695460728
              ],
              [
                74.93448787049687,
                18.19636703746709
              ],
              [
                74.93449274619448,
                18.196364196873365
              ],
              [
                74.93449740269544,
                18.196361038130732
              ],
              [
                74.9345018173137,
                18.196357576628277
              ],
              [
                74.93450596854171,
                18.196353829230116
              ],
              [
                74.93450983615507,
                18.196349814193198
              ],
              [
                74.93451340131118,
                18.19634555107842
              ],
              [
                74.93451664664099,
                18.196341060655246
              ],
              [
                74.9345195563335,
                18.19633636480059
              ],
              [
                74.93452211621309,
                18.1963314863922
              ],
              [
                74.93452431380828,
                18.196326449197212
              ],
              [
                74.93452613841264,
                18.196321277756333
              ],
              [
                74.93452758113688,
                18.196315997264318
              ],
              [
                74.93452863495226,
                18.196310633447208
              ],
              [
                74.9345292947247,
                18.196305212436982
              ],
              [
                74.93452955723993,
                18.19629976064426
              ],
              [
                74.934529421219,
                18.196294304629628
              ],
              [
                74.93452888732465,
                18.196288870974247
              ],
              [
                74.93452795815799,
                18.19628348615033
              ],
              [
                74.93452663824586,
                18.196278176392205
              ],
              [
                74.93452493401878,
                18.19627296756845
              ],
              [
                74.9345228537796,
                18.196267885055946
              ],
              [
                74.93452040766306,
                18.19626295361616
              ],
              [
                74.93451760758641,
                18.196258197274545
              ],
              [
                74.93451446719138,
                18.196253639203526
              ],
              [
                74.93451100177766,
                18.196249301609537
              ],
              [
                74.93450722822843,
                18.196245205624884
              ],
              [
                74.934503164928,
                18.196241371204785
              ],
              [
                74.93449883167241,
                18.196237817030124
              ],
              [
                74.93449424957282,
                18.196234560416467
              ],
              [
                74.93448944095275,
                18.196231617229685
              ],
              [
                74.93448442923928,
                18.196229001808685
              ],
              [
                74.934479238849,
                18.19622672689551
              ],
              [
                74.93447389506889,
                18.1962248035733
              ],
              [
                74.93446842393331,
                18.196223241212273
              ],
              [
                74.93446285209706,
                18.196222047424094
              ],
              [
                74.9344572067055,
                18.196221228024765
              ],
              [
                74.93445151526242,
                18.196220787006304
              ],
              [
                74.9344458054959,
                18.196220726517314
              ],
              [
                74.93444058701152,
                18.19622101977771
              ],
              [
                74.93439393342365,
                18.195714109626337
              ],
              [
                74.9342624685383,
                18.194005740998715
              ],
              [
                74.93415416180426,
                18.192760791541513
              ],
              [
                74.93413650897125,
                18.19197725138647
              ],
              [
                74.93393872456,
                18.189470816106507
              ],
              [
                74.93391705184563,
                18.18930643822576
              ],
              [
                74.93392014110022,
                18.189306056577056
              ],
              [
                74.93392573903532,
                18.18930498113656
              ],
              [
                74.93393124484669,
                18.18930353507958
              ],
              [
                74.93393663171052,
                18.189301725451188
              ],
              [
                74.93394187338255,
                18.189299561067703
              ],
              [
                74.93394694432584,
                18.18929705247381
              ],
              [
                74.93395181983527,
                18.18929421189113
              ],
              [
                74.93395647615776,
                18.189291053158726
              ],
              [
                74.93396089060823,
                18.189287591665625
              ],
              [
                74.9339650416799,
                18.189283844275902
              ],
              [
                74.93396890914914,
                18.189279829246473
              ],
              [
                74.93397247417407,
                18.189275566138182
              ],
              [
                74.93397571938623,
                18.189271075720477
              ],
              [
                74.93397862897527,
                18.18926637987024
              ],
              [
                74.93398118876603,
                18.1892615014652
              ],
              [
                74.93398338628744,
                18.18925646427246
              ],
              [
                74.93398521083344,
                18.189251292832733
              ],
              [
                74.93398665351506,
                18.189246012340767
              ],
              [
                74.93398770730373,
                18.1892406485226
              ],
              [
                74.93398836706554,
                18.189235227510213
              ],
              [
                74.93398862958622,
                18.189229775714235
              ],
              [
                74.93398849358684,
                18.189224319695285
              ],
              [
                74.93398795973,
                18.189218886034528
              ],
              [
                74.93398703061665,
                18.189213501204204
              ],
              [
                74.93398571077338,
                18.189208191438674
              ],
              [
                74.93398400663034,
                18.189202982606567
              ],
              [
                74.93398192648996,
                18.18919790008478
              ],
              [
                74.93397948048658,
                18.18919296863483
              ],
              [
                74.93397668053682,
                18.189188212282243
              ],
              [
                74.93397354028181,
                18.189183654199468
              ],
              [
                74.9339700750206,
                18.189179316593012
              ],
              [
                74.93396630163551,
                18.189175220595246
              ],
              [
                74.9339622385102,
                18.18917138616144
              ],
              [
                74.93395790543978,
                18.18916783197255
              ],
              [
                74.9339533235345,
                18.189164575344204
              ],
              [
                74.93394851511695,
                18.189161632142365
              ],
              [
                74.93394350361324,
                18.189159016705986
              ],
              [
                74.9339383134389,
                18.189156741777207
              ],
              [
                74.9339329698799,
                18.189154818439242
              ],
              [
                74.93392749896951,
                18.189153256062372
              ],
              [
                74.9339219273614,
                18.189152062258348
              ],
              [
                74.93391628219986,
                18.18915124284324
              ],
              [
                74.93391059098754,
                18.189150801809156
              ],
              [
                74.9339048814514,
                18.189150741304775
              ],
              [
                74.93389918140767,
                18.189151061624866
              ],
              [
                74.93389351862636,
                18.189151761208855
              ],
              [
                74.93388792069598,
                18.189152836648443
              ],
              [
                74.933882414889,
                18.189154282704212
              ],
              [
                74.93387702802913,
                18.189156092331135
              ],
              [
                74.9338717863606,
                18.189158256712886
              ],
              [
                74.93386671542025,
                18.18916076530484
              ],
              [
                74.9338618399132,
                18.18916360588541
              ],
              [
                74.93385718359238,
                18.189166764615567
              ],
              [
                74.93385276914293,
                18.189170226106327
              ],
              [
                74.93384861807156,
                18.189173973493666
              ],
              [
                74.93384475060192,
                18.18917798852071
              ],
              [
                74.93384118557589,
                18.189182251626676
              ],
              [
                74.93383794036194,
                18.18918674204214
              ],
              [
                74.93383503077047,
                18.18919143789028
              ],
              [
                74.9338324709767,
                18.189196316293398
              ],
              [
                74.93383027345172,
                18.189201353484435
              ],
              [
                74.93382844890169,
                18.189206524922707
              ],
              [
                74.93382700621562,
                18.18921180541349
              ],
              [
                74.93382595242221,
                18.189217169230773
              ],
              [
                74.93382529265546,
                18.189222590242597
              ],
              [
                74.93382503012973,
                18.189228042038334
              ],
              [
                74.93382516612401,
                18.189233498057387
              ],
              [
                74.93382569997584,
                18.189238931718574
              ],
              [
                74.93382662908438,
                18.189244316549644
              ],
              [
                74.93382794892311,
                18.189249626316236
              ],
              [
                74.93382965306195,
                18.18925483514969
              ],
              [
                74.93383173319857,
                18.189259917673084
              ],
              [
                74.93383417919874,
                18.189264849124868
              ],
              [
                74.93383697914584,
                18.18926960547949
              ],
              [
                74.93384011939882,
                18.18927416356445
              ],
              [
                74.9338435846587,
                18.1892785011732
              ],
              [
                74.93384723260935,
                18.18928246101529
              ],
              [
                74.93365863376326,
                18.189451929378077
              ],
              [
                74.93275218186783,
                18.190306337618676
              ],
              [
                74.93202465003567,
                18.190992089244578
              ],
              [
                74.93092504202026,
                18.192046096238506
              ],
              [
                74.93092483211663,
                18.192045967755302
              ],
              [
                74.93091982057602,
                18.192043352240674
              ],
              [
                74.93091463035599,
                18.192041077230705
              ],
              [
                74.93090928674269,
                18.192039153808985
              ],
              [
                74.93090381576967,
                18.192037591346228
              ],
              [
                74.93089824409093,
                18.192036397454597
              ],
              [
                74.93089259885107,
                18.192035577950577
              ],
              [
                74.93088690755313,
                18.192035136826735
              ],
              [
                74.93088119792445,
                18.19203507623216
              ],
              [
                74.93087549778178,
                18.19203539646207
              ],
              [
                74.93086983489562,
                18.192036095956333
              ],
              [
                74.93086423685489,
                18.19203717130709
              ],
              [
                74.93085873093268,
                18.192038617275344
              ],
              [
                74.93085334395325,
                18.192040426816504
              ],
              [
                74.9308481021614,
                18.192042591114664
              ],
              [
                74.93084303109458,
                18.192045099625602
              ],
              [
                74.9308381554585,
                18.192047940128113
              ],
              [
                74.93083349900677,
                18.192051098783576
              ],
              [
                74.9308290844251,
                18.192054560203346
              ],
              [
                74.93082493322089,
                18.192058307523762
              ],
              [
                74.93082106561843,
                18.19206232248827
              ],
              [
                74.93081750046026,
                18.192066585536384
              ],
              [
                74.93081425511548,
                18.19207107589897
              ],
              [
                74.9308113453951,
                18.192075771699454
              ],
              [
                74.93080878547501,
                18.192080650060397
              ],
              [
                74.9308065878269,
                18.1920856872149
              ],
              [
                74.93080476315751,
                18.192090858622503
              ],
              [
                74.9308033203565,
                18.1920961390886
              ],
              [
                74.93080226645306,
                18.192101502887326
              ],
              [
                74.93080160658172,
                18.19210692388679
              ],
              [
                74.9308013439574,
                18.192112375676437
              ],
              [
                74.93080147985955,
                18.19211783169569
              ],
              [
                74.93080201362616,
                18.192123265363378
              ],
              [
                74.93080294265677,
                18.192128650207206
              ],
              [
                74.93080426242528,
                18.19213395999276
              ],
              [
                74.93080596650196,
                18.192139168851277
              ],
              [
                74.93080804658476,
                18.19214425140573
              ],
              [
                74.93081049253972,
                18.1921491828944
              ],
              [
                74.93081329245042,
                18.19215393929157
              ],
              [
                74.93081643267605,
                18.19215849742452
              ],
              [
                74.93081989791766,
                18.192162835086478
              ],
              [
                74.93082082055447,
                18.192163836623266
              ],
              [
                74.93063798968569,
                18.192374626633296
              ],
              [
                74.92979619449719,
                18.193328221963306
              ],
              [
                74.92907991679354,
                18.194139574205213
              ],
              [
                74.92900263462136,
                18.19410952784684
              ],
              [
                74.92900281141102,
                18.194109122649323
              ],
              [
                74.92900463615466,
                18.194103951260193
              ],
              [
                74.92900607902652,
                18.194098670808945
              ],
              [
                74.9290071329971,
                18.19409330702142
              ],
              [
                74.92900779293156,
                18.194087886029457
              ],
              [
                74.92900805561483,
                18.194082434243594
              ],
              [
                74.92900791976717,
                18.194076978224366
              ],
              [
                74.92900738605043,
                18.194071544552973
              ],
              [
                74.92900645706492,
                18.19406615970169
              ],
              [
                74.92900513733653,
                18.19406084990499
              ],
              [
                74.92900343329494,
                18.19405564103164
              ],
              [
                74.92900135324206,
                18.19405055845875
              ],
              [
                74.92899890731174,
                18.19404562694809
              ],
              [
                74.92899610742032,
                18.194040870525466
              ],
              [
                74.92899296720861,
                18.19403631236368
              ],
              [
                74.92898950197544,
                18.19403197466962
              ],
              [
                74.92898572860307,
                18.194027878576083
              ],
              [
                74.92898166547499,
                18.19402404403881
              ],
              [
                74.92897733238638,
                18.19402048973925
              ],
              [
                74.92897275044758,
                18.194017232993588
              ],
              [
                74.92896794198133,
                18.194014289668345
              ],
              [
                74.92896293041399,
                18.194011674103084
              ],
              [
                74.92895774016137,
                18.194009399040564
              ],
              [
                74.92895239650986,
                18.194007475564646
              ],
              [
                74.92894692549314,
                18.194005913046304
              ],
              [
                74.92894135376544,
                18.194004719097954
              ],
              [
                74.92893570847163,
                18.19400389953639
              ],
              [
                74.92893001711496,
                18.194003458354427
              ],
              [
                74.92892430742312,
                18.19400339770145
              ],
              [
                74.92891860721312,
                18.19400371787297
              ],
              [
                74.92891294425577,
                18.194004417309134
              ],
              [
                74.9289073461404,
                18.194005492602358
              ],
              [
                74.92890184014041,
                18.194006938513937
              ],
              [
                74.92889645308048,
                18.194008747999547
              ],
              [
                74.92889121120577,
                18.194010912243556
              ],
              [
                74.92888614005415,
                18.194013420702003
              ],
              [
                74.92888126433172,
                18.194016261153948
              ],
              [
                74.92887660779252,
                18.194019419761002
              ],
              [
                74.92887219312271,
                18.19402288113477
              ],
              [
                74.92886804183014,
                18.194026628411812
              ],
              [
                74.92886417413945,
                18.194030643335772
              ],
              [
                74.92886060889366,
                18.194034906346374
              ],
              [
                74.9288573634623,
                18.19403939667467
              ],
              [
                74.92885540734578,
                18.19404255340544
              ],
              [
                74.92749721901967,
                18.193294651516563
              ],
              [
                74.92712606529103,
                18.193077412751723
              ],
              [
                74.92712813489318,
                18.19307407293368
              ],
              [
                74.92713069493006,
                18.193069194622723
              ],
              [
                74.92713289269601,
                18.193064157511206
              ],
              [
                74.92713471748375,
                18.193058986139437
              ],
              [
                74.92713616040314,
                18.19305370570184
              ],
              [
                74.92713721442445,
                18.193048341924182
              ],
              [
                74.92713787441264,
                18.19304292093824
              ],
              [
                74.92713813715231,
                18.193037469154536
              ],
              [
                74.9271380013635,
                18.1930320131336
              ],
              [
                74.92713746770781,
                18.193026579456628
              ],
              [
                74.92713653878513,
                18.19302119459594
              ],
              [
                74.92713521912117,
                18.19301588478603
              ],
              [
                74.92713351514519,
                18.19301067589575
              ],
              [
                74.92713143515884,
                18.19300559330228
              ],
              [
                74.92712898929564,
                18.193000661767496
              ],
              [
                74.92712618947161,
                18.19299590531732
              ],
              [
                74.92712304932724,
                18.19299134712469
              ],
              [
                74.92711958416098,
                18.192987009396646
              ],
              [
                74.92711581085481,
                18.192982913266142
              ],
              [
                74.92711174779188,
                18.192979078689106
              ],
              [
                74.92710741476706,
                18.19297552434719
              ],
              [
                74.92710283289037,
                18.192972267556762
              ],
              [
                74.92709802448427,
                18.192969324184574
              ],
              [
                74.92709301297478,
                18.19296670857042
              ],
              [
                74.9270878227775,
                18.19296443345729
              ],
              [
                74.92708247917847,
                18.19296250992931
              ],
              [
                74.92707700821117,
                18.192960947357683
              ],
              [
                74.9270714365296,
                18.1929597533551
              ],
              [
                74.92706579127834,
                18.19295893373861
              ],
              [
                74.92706009996051,
                18.192958492501305
              ],
              [
                74.92705439030352,
                18.19295843179284
              ],
              [
                74.9270486901243,
                18.19295875190898
              ],
              [
                74.92704302719346,
                18.192959451290154
              ],
              [
                74.92703742910021,
                18.19296052652905
              ],
              [
                74.92703192311784,
                18.192961972387224
              ],
              [
                74.92702653607095,
                18.192963781820602
              ],
              [
                74.92702129420464,
                18.19296594601383
              ],
              [
                74.92701622305673,
                18.192968454423173
              ],
              [
                74.92701134733332,
                18.19297129482793
              ],
              [
                74.92700669078845,
                18.19297445338997
              ],
              [
                74.92700227610828,
                18.19297791472107
              ],
              [
                74.92699812480072,
                18.192981661958036
              ],
              [
                74.92699425709051,
                18.192985676844696
              ],
              [
                74.92699360122077,
                18.19298646106506
              ],
              [
                74.9265217843117,
                18.19260937622829
              ],
              [
                74.9250932527386,
                18.19140075919576
              ],
              [
                74.92476081008253,
                18.191178435685014
              ],
              [
                74.92437626821845,
                18.19091959029097
              ],
              [
                74.92335009111247,
                18.19020177160691
              ],
              [
                74.92286105497728,
                18.18989964484192
              ],
              [
                74.9223208729203,
                18.18955620493153
              ],
              [
                74.92232167837179,
                18.18955509057707
              ],
              [
                74.92232458827685,
                18.18955039490466
              ],
              [
                74.92232714839523,
                18.189545516656256
              ],
              [
                74.92232934625433,
                18.18954047959822
              ],
              [
                74.92233117114644,
                18.189535308270592
              ],
              [
                74.92233261418086,
                18.189530027867576
              ],
              [
                74.92233366832735,
                18.18952466411478
              ],
              [
                74.92233432845022,
                18.189519243143863
              ],
              [
                74.92233459133347,
                18.18951379136525
              ],
              [
                74.92233445569636,
                18.18950833533949
              ],
              [
                74.92233392219977,
                18.189502901647757
              ],
              [
                74.92233299344288,
                18.18949751676246
              ],
              [
                74.92233167395052,
                18.18949220691822
              ],
              [
                74.92232997015117,
                18.18948699798405
              ],
              [
                74.92232789034558,
                18.189481915337343
              ],
              [
                74.92232544466643,
                18.189476983740242
              ],
              [
                74.92232264502877,
                18.189472227218968
              ],
              [
                74.92231950507222,
                18.189467668946804
              ],
              [
                74.92231604009437,
                18.18946333113117
              ],
              [
                74.9223122669762,
                18.189459234905467
              ],
              [
                74.9223082041,
                18.189455400226063
              ],
              [
                74.92230387125969,
                18.189451845775125
              ],
              [
                74.92229928956444,
                18.189448588869542
              ],
              [
                74.92229448133575,
                18.189445645376633
              ],
              [
                74.92228946999886,
                18.18944302963679
              ],
              [
                74.92228427996848,
                18.189440754393594
              ],
              [
                74.92227893652984,
                18.189438830731817
              ],
              [
                74.92227346571566,
                18.189437268023312
              ],
              [
                74.92226789417914,
                18.18943607388144
              ],
              [
                74.92226224906423,
                18.18943525412393
              ],
              [
                74.92225655787333,
                18.189434812744544
              ],
              [
                74.92225084833328,
                18.18943475189365
              ],
              [
                74.92224514826037,
                18.1894350718677
              ],
              [
                74.92223948542477,
                18.189435771107814
              ],
              [
                74.92223388741517,
                18.189436846207368
              ],
              [
                74.9222283815045,
                18.18943829192859
              ],
              [
                74.92222299451694,
                18.189440101228087
              ],
              [
                74.92221775269736,
                18.189442265291138
              ],
              [
                74.92221268158336,
                18.18944477357466
              ],
              [
                74.92220780588083,
                18.18944761385856
              ],
              [
                74.92220314934372,
                18.189450772305282
              ],
              [
                74.92219873465817,
                18.189454233527204
              ],
              [
                74.9221945833321,
                18.18945798066162
              ],
              [
                74.92219071559036,
                18.189461995452877
              ],
              [
                74.92218715027617,
                18.18946625834134
              ],
              [
                74.92218390475942,
                18.18947074855866
              ],
              [
                74.92218099485194,
                18.189475444228965
              ],
              [
                74.92217843473053,
                18.18948032247544
              ],
              [
                74.92217623686786,
                18.189485359531776
              ],
              [
                74.92217441197172,
                18.189490530857935
              ],
              [
                74.92217296893286,
                18.189495811259768
              ],
              [
                74.92217191478164,
                18.189501175011685
              ],
              [
                74.92217168599367,
                18.189503053818743
              ],
              [
                74.9221462548721,
                18.1894999603442
              ],
              [
                74.92214668621244,
                18.189496418180966
              ],
              [
                74.92214694910147,
                18.189490966402623
              ],
              [
                74.92214681347022,
                18.189485510376727
              ],
              [
                74.92214627997951,
                18.18948007668449
              ],
              [
                74.92214535122851,
                18.189474691798303
              ],
              [
                74.922144031742,
                18.189469381952772
              ],
              [
                74.92214232794845,
                18.189464173016955
              ],
              [
                74.92214024814858,
                18.189459090368228
              ],
              [
                74.922137802475,
                18.189454158768743
              ],
              [
                74.92213500284282,
                18.18944940224474
              ],
              [
                74.9221318628916,
                18.189444843969515
              ],
              [
                74.92212839791881,
                18.18944050615051
              ],
              [
                74.92212462480553,
                18.189436409921125
              ],
              [
                74.92212056193398,
                18.18943257523776
              ],
              [
                74.92211622909805,
                18.189429020782587
              ],
              [
                74.92211164740688,
                18.189425763872542
              ],
              [
                74.922106839182,
                18.189422820374947
              ],
              [
                74.92210182784858,
                18.189420204630203
              ],
              [
                74.9220966378213,
                18.189417929381964
              ],
              [
                74.92209129438545,
                18.189416005714953
              ],
              [
                74.92208582357368,
                18.189414443001112
              ],
              [
                74.9220802520392,
                18.189413248853796
              ],
              [
                74.92207460692592,
                18.189412429090773
              ],
              [
                74.92206891573623,
                18.18941198770584
              ],
              [
                74.92206320619702,
                18.18941192684936
              ],
              [
                74.92205750612457,
                18.189412246817852
              ],
              [
                74.92205184328897,
                18.18941294605243
              ],
              [
                74.92204624527895,
                18.189414021146508
              ],
              [
                74.92204073936747,
                18.189415466862364
              ],
              [
                74.92203535237871,
                18.189417276156586
              ],
              [
                74.92203011055753,
                18.189419440214515
              ],
              [
                74.92202503944151,
                18.18942194849308
              ],
              [
                74.9220201637366,
                18.18942478877222
              ],
              [
                74.92201550719673,
                18.18942794721439
              ],
              [
                74.92201109250809,
                18.189431408431993
              ],
              [
                74.92200694117858,
                18.18943515556234
              ],
              [
                74.92200423838457,
                18.189437961109785
              ],
              [
                74.92156816838582,
                18.18906472910899
              ],
              [
                74.9212063827993,
                18.188755075120582
              ],
              [
                74.91928704655523,
                18.187137157698015
              ],
              [
                74.91928779172439,
                18.187136384211986
              ],
              [
                74.9192913570612,
                18.187132121376415
              ],
              [
                74.91929460260826,
                18.187127631206994
              ],
              [
                74.9192975125536,
                18.18712293557943
              ],
              [
                74.91930007272029,
                18.187118057370334
              ],
              [
                74.91930227063546,
                18.18711302034589
              ],
              [
                74.9193040955911,
                18.18710784904597
              ],
              [
                74.91930553869628,
                18.187102568664635
              ],
              [
                74.91930659292034,
                18.1870972049274
              ],
              [
                74.91930725312723,
                18.187091783965844
              ],
              [
                74.91930751610056,
                18.187086332190354
              ],
              [
                74.91930738055918,
                18.187080876161442
              ],
              [
                74.91930684716344,
                18.187075442460316
              ],
              [
                74.91930591851205,
                18.18707005755943
              ],
              [
                74.91930459912933,
                18.187064747693476
              ],
              [
                74.91930289544324,
                18.18705953873157
              ],
              [
                74.91930081575397,
                18.187054456051253
              ],
              [
                74.9192983701936,
                18.187049524414814
              ],
              [
                74.91929557067667,
                18.187044767848665
              ],
              [
                74.91929243084216,
                18.187040209526327
              ],
              [
                74.91928896598705,
                18.187035871655457
              ],
              [
                74.91928519299178,
                18.18703177536972
              ],
              [
                74.919281130238,
                18.187027940625775
              ],
              [
                74.91927679751905,
                18.187024386106103
              ],
              [
                74.91927221594348,
                18.18702112912795
              ],
              [
                74.91926740783227,
                18.187018185558962
              ],
              [
                74.91926239661002,
                18.187015569739906
              ],
              [
                74.91925720669089,
                18.187013294414765
              ],
              [
                74.91925186335963,
                18.187011370668678
              ],
              [
                74.91924639264838,
                18.187009807873945
              ],
              [
                74.91924082120987,
                18.18700861364433
              ],
              [
                74.91923517618753,
                18.187007793797978
              ],
              [
                74.91922948508332,
                18.18700735232912
              ],
              [
                74.9192237756237,
                18.18700729138851
              ],
              [
                74.91921807562456,
                18.18700761127308
              ],
              [
                74.91921241285564,
                18.187008310424368
              ],
              [
                74.91920681490538,
                18.18700938543618
              ],
              [
                74.91920130904639,
                18.187010831071177
              ],
              [
                74.91919592210263,
                18.187012640286383
              ],
              [
                74.9191906803187,
                18.187014804267495
              ],
              [
                74.91918560923206,
                18.18701731247182
              ],
              [
                74.91918073354847,
                18.187020152679658
              ],
              [
                74.9191760770218,
                18.187023311053814
              ],
              [
                74.91917166233812,
                18.187026772207027
              ],
              [
                74.91916832262628,
                18.187029786692822
              ],
              [
                74.91857667697724,
                18.186455893213886
              ],
              [
                74.91815994352326,
                18.186084960792492
              ],
              [
                74.9181621872553,
                18.186082631811583
              ],
              [
                74.91816575259786,
                18.186078368996455
              ],
              [
                74.91816899815403,
                18.186073878845608
              ],
              [
                74.91817190811183,
                18.18606918323463
              ],
              [
                74.91817446829424,
                18.186064305040073
              ],
              [
                74.91817666622832,
                18.186059268028032
              ],
              [
                74.91817849120604,
                18.18605409673832
              ],
              [
                74.91817993433621,
                18.186048816364973
              ],
              [
                74.91818098858819,
                18.186043452633434
              ],
              [
                74.91818164882574,
                18.186038031675277
              ],
              [
                74.9181819118323,
                18.186032579900868
              ],
              [
                74.91818177632659,
                18.18602712387069
              ],
              [
                74.9181812429688,
                18.186021690165997
              ],
              [
                74.91818031435741,
                18.186016305259244
              ],
              [
                74.91817899501658,
                18.18601099538514
              ],
              [
                74.91817729137404,
                18.186005786412856
              ],
              [
                74.91817521172979,
                18.18600070371997
              ],
              [
                74.91817276621566,
                18.185995772068832
              ],
              [
                74.91816996674602,
                18.185991015485953
              ],
              [
                74.91816682695956,
                18.185986457144896
              ],
              [
                74.91816336215307,
                18.185982119253445
              ],
              [
                74.91815958920672,
                18.18597802294533
              ],
              [
                74.91815552650193,
                18.185974188177354
              ],
              [
                74.91815119383183,
                18.185970633632095
              ],
              [
                74.9181466123047,
                18.185967376626923
              ],
              [
                74.91814180424129,
                18.185964433029618
              ],
              [
                74.91813679306597,
                18.185961817181088
              ],
              [
                74.91813160319269,
                18.185959541825458
              ],
              [
                74.91812625990593,
                18.18595761804803
              ],
              [
                74.91812078923766,
                18.18595605522123
              ],
              [
                74.91811521784038,
                18.185954860958987
              ],
              [
                74.91810957285732,
                18.18595404107962
              ],
              [
                74.91810388179026,
                18.185953599577505
              ],
              [
                74.91809817236548,
                18.18595353860357
              ],
              [
                74.91809247239865,
                18.185953858454894
              ],
              [
                74.91808680965941,
                18.185954557573183
              ],
              [
                74.91808121173605,
                18.18595563255241
              ],
              [
                74.91807570590103,
                18.185957078155393
              ],
              [
                74.9180703189782,
                18.18595888733931
              ],
              [
                74.91806507721206,
                18.185961051290008
              ],
              [
                74.91806000613997,
                18.185963559464945
              ],
              [
                74.9180577733662,
                18.185964860101723
              ],
              [
                74.9172688648164,
                18.184719332628024
              ],
              [
                74.91633618282987,
                18.18320634387362
              ],
              [
                74.91633965846258,
                18.183204319255868
              ],
              [
                74.91634431493837,
                18.183201160949025
              ],
              [
                74.91634872958097,
                18.18319769985926
              ],
              [
                74.91635288088264,
                18.183193952848672
              ],
              [
                74.91635674861868,
                18.183189938172344
              ],
              [
                74.91636031394587,
                18.18318567538939
              ],
              [
                74.91636355949429,
                18.18318118526767
              ],
              [
                74.91636646945196,
                18.183176489682634
              ],
              [
                74.9163690296419,
                18.1831716115107
              ],
              [
                74.91637122759111,
                18.183166574517866
              ],
              [
                74.91637305259147,
                18.18316140324385
              ],
              [
                74.91637449575177,
                18.183156122882604
              ],
              [
                74.91637555004112,
                18.183150759159513
              ],
              [
                74.91637621032314,
                18.183145338206113
              ],
              [
                74.91637647338105,
                18.183139886432738
              ],
              [
                74.91637633793331,
                18.183134430399893
              ],
              [
                74.91637580463984,
                18.183128996688804
              ],
              [
                74.91637487609883,
                18.18312361177199
              ],
              [
                74.91637355683405,
                18.18311830188419
              ],
              [
                74.91637185327286,
                18.183113092894658
              ],
              [
                74.91636977371489,
                18.18310801018104
              ],
              [
                74.91636732829157,
                18.1831030785058
              ],
              [
                74.91636452891676,
                18.183098321895553
              ],
              [
                74.91636138922877,
                18.183093763524017
              ],
              [
                74.91635792452385,
                18.183089425599093
              ],
              [
                74.91635415168169,
                18.18308532925471
              ],
              [
                74.91635008908324,
                18.183081494447816
              ],
              [
                74.91634575652103,
                18.183077939861192
              ],
              [
                74.91634117510287,
                18.183074682812418
              ],
              [
                74.91633636714899,
                18.183071739169474
              ],
              [
                74.9163313560832,
                18.1830691232735
              ],
              [
                74.91632616631892,
                18.18306684786884
              ],
              [
                74.91632082314014,
                18.183064924041037
              ],
              [
                74.91631535257824,
                18.183063361162773
              ],
              [
                74.9163097812852,
                18.183062166848224
              ],
              [
                74.91630413640381,
                18.183061346915963
              ],
              [
                74.91630191033602,
                18.183061174198084
              ],
              [
                74.91633679104685,
                18.182685842212667
              ],
              [
                74.91599584759149,
                18.182322112093964
              ],
              [
                74.91509232200622,
                18.18135818989797
              ],
              [
                74.91509595410976,
                18.181354911531006
              ],
              [
                74.91509982183372,
                18.181350896879167
              ],
              [
                74.91510338715376,
                18.181346634118693
              ],
              [
                74.91510663270002,
                18.181342144017346
              ],
              [
                74.91510954266052,
                18.18133744845046
              ],
              [
                74.91511210285827,
                18.18133257029439
              ],
              [
                74.91511430082024,
                18.181327533315024
              ],
              [
                74.91511612583821,
                18.181322362052036
              ],
              [
                74.91511756902092,
                18.18131708169932
              ],
              [
                74.91511862333734,
                18.181311717982208
              ],
              [
                74.915119283651,
                18.181306297032226
              ],
              [
                74.91511954674493,
                18.18130084525967
              ],
              [
                74.91511941133743,
                18.181295389225063
              ],
              [
                74.91511887808822,
                18.181289955509634
              ],
              [
                74.91511794959526,
                18.181284570585905
              ],
              [
                74.91511663038212,
                18.181279260688672
              ],
              [
                74.9151149268759,
                18.181274051687218
              ],
              [
                74.91511284737595,
                18.181268968959262
              ],
              [
                74.91511040201341,
                18.181264037267336
              ],
              [
                74.91510760270185,
                18.18125928063812
              ],
              [
                74.91510446307929,
                18.181254722245434
              ],
              [
                74.91510099844163,
                18.18125038429729
              ],
              [
                74.91509722566826,
                18.181246287927713
              ],
              [
                74.91509316313977,
                18.181242453093798
              ],
              [
                74.9150888306484,
                18.18123889847844
              ],
              [
                74.91508424930154,
                18.18123564139935
              ],
              [
                74.91507944141912,
                18.181232697724685
              ],
              [
                74.9150744304246,
                18.18123008179571
              ],
              [
                74.91506924073104,
                18.181227806356947
              ],
              [
                74.91506389762209,
                18.181225882494104
              ],
              [
                74.91505842712878,
                18.181224319580025
              ],
              [
                74.9150528559028,
                18.181223125229067
              ],
              [
                74.91504721108655,
                18.181222305259983
              ],
              [
                74.91504152018098,
                18.18122186366756
              ],
              [
                74.91503581091159,
                18.18122180260321
              ],
              [
                74.9150301110933,
                18.181222122364417
              ],
              [
                74.91502444849505,
                18.181222821393344
              ],
              [
                74.91501885070437,
                18.181223896284386
              ],
              [
                74.91501334499314,
                18.181225341800808
              ],
              [
                74.91500795818456,
                18.181227150900195
              ],
              [
                74.91500271652264,
                18.181229314768803
              ],
              [
                74.91499764554416,
                18.181231822864508
              ],
              [
                74.91499276995444,
                18.18123466296813
              ],
              [
                74.91498811350678,
                18.181237821242973
              ],
              [
                74.91498369888696,
                18.181241282302267
              ],
              [
                74.91498317970586,
                18.181241750919213
              ],
              [
                74.91467644568611,
                18.180914509117965
              ],
              [
                74.91392696831727,
                18.180068568084163
              ],
              [
                74.91325544932333,
                18.1793011891499
              ],
              [
                74.91357559011514,
                18.179174078072155
              ],
              [
                74.9132599345139,
                18.178428508322984
              ],
              [
                74.91222058561317,
                18.176303676480256
              ],
              [
                74.91136996928206,
                18.174529909590387
              ],
              [
                74.91060004309163,
                18.17294280719062
              ],
              [
                74.91006899605813,
                18.1718716934591
              ],
              [
                74.90968756994953,
                18.17106933020055
              ],
              [
                74.90915365856824,
                18.17114437809482
              ],
              [
                74.90881161663201,
                18.170906505038094
              ],
              [
                74.9083426639913,
                18.171429486788657
              ],
              [
                74.90751491855639,
                18.172343388690823
              ],
              [
                74.907377409019,
                18.17249387179802
              ],
              [
                74.9073747086908,
                18.172491655999824
              ],
              [
                74.90737012771544,
                18.172488398735457
              ],
              [
                74.90736532020212,
                18.17248545486669
              ],
              [
                74.90736030957252,
                18.17248283873573
              ],
              [
                74.90735512023797,
                18.172480563088104
              ],
              [
                74.9073497774803,
                18.17247863901052
              ],
              [
                74.90734430732888,
                18.172477075876873
              ],
              [
                74.90733873643374,
                18.172475881302596
              ],
              [
                74.90733309193564,
                18.17247506110752
              ],
              [
                74.90732740133399,
                18.172474619287538
              ],
              [
                74.9073216923528,
                18.172474557995162
              ],
              [
                74.90731599280561,
                18.172474877529
              ],
              [
                74.90731033045998,
                18.17247557633231
              ],
              [
                74.9073047329023,
                18.172476651000608
              ],
              [
                74.90729922740326,
                18.172478096298214
              ],
              [
                74.90729384078503,
                18.172479905183796
              ],
              [
                74.90728859929068,
                18.172482068844655
              ],
              [
                74.90728352845622,
                18.172484576739674
              ],
              [
                74.9072786529862,
                18.172487416650647
              ],
              [
                74.9072739966334,
                18.17249057474183
              ],
              [
                74.90726958208312,
                18.172494035627334
              ],
              [
                74.90726543084259,
                18.172497782446083
              ],
              [
                74.90726156313622,
                18.172501796943983
              ],
              [
                74.9072579978071,
                18.17250605956282
              ],
              [
                74.90725475222514,
                18.17251054953556
              ],
              [
                74.90725184220256,
                18.172515244987522
              ],
              [
                74.90724928191665,
                18.17252012304294
              ],
              [
                74.90724708384091,
                18.17252515993645
              ],
              [
                74.90724525868418,
                18.172530331128815
              ],
              [
                74.90724381533848,
                18.172535611426525
              ],
              [
                74.90724276083563,
                18.172540975104496
              ],
              [
                74.90724210031317,
                18.172546396031443
              ],
              [
                74.90724183698904,
                18.172551847797166
              ],
              [
                74.90724197214628,
                18.172557303841188
              ],
              [
                74.90724250512633,
                18.172562737582243
              ],
              [
                74.90724343333271,
                18.172568122547663
              ],
              [
                74.90724475224326,
                18.172573432502436
              ],
              [
                74.90724645543244,
                18.172578641577008
              ],
              [
                74.9072485346025,
                18.172583724393256
              ],
              [
                74.907250979624,
                18.17258865618821
              ],
              [
                74.907253778585,
                18.172593412934642
              ],
              [
                74.90725515722445,
                18.172595414856062
              ],
              [
                74.90684161277008,
                18.172853240181826
              ],
              [
                74.90559674538562,
                18.173646816590818
              ],
              [
                74.9052498315994,
                18.173875764759533
              ],
              [
                74.90482082104884,
                18.175345630430158
              ],
              [
                74.90446132761717,
                18.17653771125954
              ],
              [
                74.90438353957762,
                18.176792322294755
              ],
              [
                74.90409202030509,
                18.177581731418176
              ],
              [
                74.90384852290701,
                18.178170503017512
              ],
              [
                74.90360921664357,
                18.178803550553713
              ],
              [
                74.90337658961451,
                18.179350374075128
              ],
              [
                74.90304404373933,
                18.179969591384314
              ],
              [
                74.90304133638905,
                18.179968177814477
              ],
              [
                74.9030361468903,
                18.179965902051215
              ],
              [
                74.9030308039532,
                18.179963977854204
              ],
              [
                74.90302533360797,
                18.17996241459793
              ],
              [
                74.90301976250558,
                18.179961219898402
              ],
              [
                74.90301411778783,
                18.179960399576068
              ],
              [
                74.90300842695518,
                18.179959957627457
              ],
              [
                74.90300271773275,
                18.179959896205695
              ],
              [
                74.90299701793526,
                18.17996021561001
              ],
              [
                74.90299135533154,
                18.17996091428432
              ],
              [
                74.90298575750919,
                18.179961988824736
              ],
              [
                74.90298025174015,
                18.179963433996225
              ],
              [
                74.90297486484799,
                18.17996524275806
              ],
              [
                74.90296962307708,
                18.17996740629815
              ],
              [
                74.90296455196476,
                18.179969914075954
              ],
              [
                74.90295967621695,
                18.179972753873848
              ],
              [
                74.90295501958781,
                18.179975911856634
              ],
              [
                74.90295060476393,
                18.179979372638954
              ],
              [
                74.90294645325389,
                18.17998311936024
              ],
              [
                74.90294258528345,
                18.17998713376688
              ],
              [
                74.90293901969693,
                18.17999139630107
              ],
              [
                74.90293577386556,
                18.179995886196217
              ],
              [
                74.9029328636027,
                18.180000581578
              ],
              [
                74.90293030308689,
                18.180005459571024
              ],
              [
                74.9029281047927,
                18.1800104964102
              ],
              [
                74.90292627943003,
                18.180015667556574
              ],
              [
                74.90292483589192,
                18.180020947816846
              ],
              [
                74.90292378121116,
                18.180026311466126
              ],
              [
                74.90292312052605,
                18.180031732373266
              ],
              [
                74.90292285705547,
                18.180037184128153
              ],
              [
                74.90292299208303,
                18.180042640170385
              ],
              [
                74.90292352495094,
                18.180048073918666
              ],
              [
                74.90292445306314,
                18.180053458900336
              ],
              [
                74.90292577189801,
                18.18005876888028
              ],
              [
                74.90292747503035,
                18.180063977988816
              ],
              [
                74.9029295541627,
                18.180069060847675
              ],
              [
                74.90293199916576,
                18.180073992693668
              ],
              [
                74.90293479812775,
                18.180078749499327
              ],
              [
                74.90293793741242,
                18.18008330808996
              ],
              [
                74.90294140172551,
                18.180087646256545
              ],
              [
                74.90294517418924,
                18.180091742863958
              ],
              [
                74.90294923642458,
                18.180095577953928
              ],
              [
                74.90295356864068,
                18.18009913284227
              ],
              [
                74.90295814973146,
                18.180102390209882
              ],
              [
                74.90296295737825,
                18.18010533418721
              ],
              [
                74.90296796815869,
                18.18010795043146
              ],
              [
                74.90296961720068,
                18.180108673589906
              ],
              [
                74.90237186411446,
                18.181227979219127
              ],
              [
                74.90184580831307,
                18.18227266262637
              ],
              [
                74.90166013150458,
                18.18261690555262
              ],
              [
                74.9012784209754,
                18.18326968205816
              ],
              [
                74.90053864976983,
                18.184536456554163
              ],
              [
                74.89986827249732,
                18.1857170376992
              ],
              [
                74.89980373572173,
                18.185830224791875
              ],
              [
                74.89980130014038,
                18.18582895310824
              ],
              [
                74.89979611051119,
                18.185826677258206
              ],
              [
                74.899790767432,
                18.185824752971563
              ],
              [
                74.89978529693373,
                18.18582318962324
              ]
            ]
          ],
          [
            [
              [
                74.91072386431053,
                18.17277621852956
              ],
              [
                74.9113134774807,
                18.174100648097752
              ],
              [
                74.91153402648443,
                18.174515481402594
              ],
              [
                74.9117210334873,
                18.17491694419247
              ],
              [
                74.91233043037366,
                18.176146446232668
              ],
              [
                74.91245515253101,
                18.17635106773872
              ],
              [
                74.91296301379539,
                18.177411479286654
              ],
              [
                74.91333177833414,
                18.178128755280184
              ],
              [
                74.9139076936458,
                18.179353494396608
              ],
              [
                74.9170021799099,
                18.178668260609832
              ],
              [
                74.9184942933823,
                18.178355596941323
              ],
              [
                74.9184218992909,
                18.17801339807548
              ],
              [
                74.9179976065909,
                18.17572900030797
              ],
              [
                74.91763902247055,
                18.17368314911758
              ],
              [
                74.91753666973426,
                18.173075337431918
              ],
              [
                74.91744459850959,
                18.172528577868196
              ],
              [
                74.91742178010054,
                18.17239402502223
              ],
              [
                74.91737244784747,
                18.172103127823043
              ],
              [
                74.91719080125276,
                18.17103200506187
              ],
              [
                74.91704273020487,
                18.170277201327032
              ],
              [
                74.91317234488332,
                18.17067876525984
              ],
              [
                74.9111193482199,
                18.170913617608694
              ],
              [
                74.90979598978376,
                18.17105702208517
              ],
              [
                74.91049411623041,
                18.172243531970306
              ],
              [
                74.91072386431053,
                18.17277621852956
              ]
            ]
          ]
        ]
      },
      "properties": {
        "fid": 1,
        "area": 17754.55260121636,
        "perimeter": 2069.070351963265
      }
    }
  ]
}