field_id,date,valid_frac,ndvi,ndre,cire,s2rep,ndre_seg_std,n_segments
FLD0054,2025-06-02,0.5248,0.4550,0.3215,0.8905,720.8570,0.0450,16.0000
FLD0055,2025-06-02,0.7852,0.5667,0.3913,1.3377,721.4418,0.0952,21.0000
FLD0056,2025-06-02,0.8780,0.6469,0.4299,1.4192,720.4118,0.0448,11.0000
FLD0057,2025-06-02,0.8442,0.5377,0.3574,1.0627,719.9866,0.0459,17.0000
FLD0058,2025-06-02,0.9961,0.4528,0.3107,0.8641,721.2280,0.0350,24.0000
FLD0059,2025-06-02,0.7778,0.3577,0.2430,0.6194,720.2454,0.0317,7.0000
FLD0060,2025-06-02,0.8036,0.3898,0.2606,0.6835,719.6707,0.0230,2.0000
FLD0061,2025-06-02,0.8966,0.4814,0.3225,0.9026,719.6452,0.0313,5.0000
FLD0063,2025-06-02,0.5919,0.4932,0.3386,0.9978,720.6604,0.0634,17.0000
FLD0064,2025-06-02,1.0000,0.4497,0.2760,0.7295,720.2970,0.0256,5.0000
FLD0065,2025-06-02,1.0000,0.5543,0.3770,1.2316,721.5859,0.0714,12.0000
FLD0066,2025-06-02,0.8960,0.5768,0.4038,1.3623,721.1308,0.0706,40.0000
FLD0084,2025-06-02,0.6758,0.7720,0.5048,1.9999,721.1363,0.0821,15.0000
FLD0085,2025-06-02,0.9871,0.6692,0.4734,1.8371,723.2467,0.0832,35.0000
FLD0087,2025-06-02,1.0000,0.6800,0.4623,1.7339,721.4600,0.0824,41.0000
FLD0088,2025-06-02,0.5152,0.5019,0.3719,1.1372,722.6647,0.0455,15.0000
FLD0090,2025-06-02,1.0000,0.5547,0.4219,1.4147,724.0220,0.0727,9.0000
FLD0091,2025-06-02,0.7507,0.4758,0.3542,1.0420,722.4601,0.0379,10.0000
FLD0096,2025-06-02,0.9220,0.5571,0.3973,1.2814,722.4756,0.0541,12.0000
FLD0097,2025-06-02,1.0000,0.7605,0.5084,2.0271,722.1434,0.0613,8.0000
FLD0098,2025-06-02,0.7091,0.7390,0.5428,2.5603,724.6965,0.1177,16.0000
FLD0100,2025-06-02,1.0000,0.6592,0.4011,1.2655,718.6744,,1.0000
FLD0101,2025-06-02,1.0000,0.6080,0.4084,1.2760,722.0130,0.0431,2.0000
FLD0102,2025-06-02,0.6522,0.8384,0.5762,2.5563,723.4627,,1.0000
FLD0110,2025-06-02,0.6034,0.7431,0.5077,1.9674,721.5089,0.0571,6.0000
FLD0112,2025-06-02,0.5616,0.7371,0.5047,2.1132,721.8551,0.0847,31.0000
FLD0113,2025-06-02,0.6721,0.7412,0.5155,2.2023,723.1369,0.0944,16.0000
FLD0114,2025-06-02,0.5385,0.9139,0.5932,2.7649,721.1352,,1.0000
FLD0116,2025-06-02,0.6599,0.7535,0.5039,2.1952,722.0393,0.0998,15.0000
FLD0117,2025-06-02,0.8653,0.7185,0.4716,1.8483,721.0887,0.0930,14.0000
FLD0118,2025-06-02,0.5943,0.8925,0.5920,2.8200,722.7231,0.0581,6.0000
FLD0120,2025-06-02,0.7297,0.7564,0.5449,2.4278,724.1416,0.0851,49.0000
FLD0121,2025-06-02,0.6558,0.7876,0.5407,2.3702,722.9655,0.0958,18.0000
FLD0122,2025-06-02,0.8837,0.7036,0.4702,1.8191,721.3207,0.1008,49.0000
FLD0123,2025-06-02,0.7015,0.8056,0.5455,2.4656,722.7931,0.0736,23.0000
FLD0124,2025-06-02,0.5928,0.7713,0.5265,2.3096,722.3220,0.0990,24.0000
FLD0125,2025-06-02,0.7481,0.7749,0.5193,2.2459,722.7223,0.0963,20.0000
FLD0126,2025-06-02,0.9924,0.4348,0.2852,0.8202,722.1155,0.0712,9.0000
FLD0127,2025-06-02,0.9324,0.7668,0.5309,2.2425,722.7470,0.1110,10.0000
FLD0134,2025-06-02,0.6927,0.6506,0.4619,1.7487,722.7120,0.0356,4.0000
FLD0137,2025-06-02,0.5346,0.6760,0.4821,1.7839,722.3382,0.0543,4.0000
FLD0386,2025-06-02,0.9864,0.5788,0.3978,1.2908,720.9099,0.0643,28.0000
FLD0397,2025-06-02,0.9278,0.6246,0.4316,1.4621,722.2256,0.0545,4.0000
FLD0399,2025-06-02,0.7213,0.6148,0.4657,1.9861,724.3416,0.0566,5.0000
FLD0401,2025-06-02,0.5417,0.5926,0.4184,1.7908,723.0572,0.1003,5.0000
FLD0403,2025-06-02,0.8261,0.4273,0.3123,0.8948,721.3390,0.0259,4.0000
FLD0007,2025-06-07,0.5656,0.7958,0.4536,1.4841,714.9095,0.0989,13.0000
FLD0023,2025-06-07,0.8571,0.8176,0.5521,1.9410,719.8102,,1.0000
FLD0036,2025-06-07,0.7049,0.8096,0.4780,1.4606,714.9603,0.0375,2.0000
FLD0037,2025-06-07,0.5484,0.8469,0.5219,1.7337,717.2159,0.0374,4.0000
FLD0038,2025-06-07,0.5504,0.8875,0.4879,1.5170,713.8106,0.0345,13.0000
FLD0040,2025-06-07,0.6014,0.8157,0.4858,1.4734,714.8249,0.0485,16.0000
FLD0050,2025-06-07,0.7105,0.7241,0.4424,1.3020,713.5772,0.0473,6.0000
FLD0051,2025-06-07,0.8889,0.6199,0.4799,1.7167,720.0434,0.0497,3.0000
FLD0053,2025-06-07,0.8222,0.5041,0.3612,1.0678,719.1349,0.0729,7.0000
FLD0072,2025-06-07,0.6290,0.8594,0.4836,1.4505,714.2042,0.0394,4.0000
FLD0073,2025-06-07,0.6154,0.8895,0.4713,1.3911,712.9934,,1.0000
FLD0100,2025-06-07,0.7500,0.9120,0.5307,1.8870,715.8529,,1.0000
FLD0139,2025-06-07,0.7857,0.6305,0.3745,0.9425,714.1487,,1.0000
FLD0141,2025-06-07,0.5714,0.8016,0.5551,2.1249,721.0307,0.1093,2.0000
FLD0164,2025-06-07,0.6875,0.7567,0.4930,1.4769,715.9834,,1.0000
FLD0165,2025-06-07,0.5048,0.7575,0.4743,1.4158,716.0514,0.0429,8.0000
FLD0169,2025-06-07,1.0000,0.8277,0.4283,1.1843,711.2132,,1.0000
FLD0177,2025-06-07,0.8963,0.5872,0.3383,0.9164,711.3434,0.0763,4.0000
FLD0178,2025-06-07,0.7143,0.2457,0.2315,0.4674,719.7585,,1.0000
FLD0179,2025-06-07,0.6196,0.6252,0.3930,1.0200,715.6867,0.0281,2.0000
FLD0180,2025-06-07,0.6000,0.8627,0.5274,1.5356,714.7155,,1.0000
FLD0188,2025-06-07,0.5382,0.8201,0.4488,1.3501,712.8538,0.0586,19.0000
FLD0189,2025-06-07,0.6000,0.7399,0.4629,1.3540,715.5046,0.0051,2.0000
FLD0194,2025-06-07,0.6479,0.7861,0.4705,1.6449,715.6674,0.0720,5.0000
FLD0198,2025-06-07,0.8000,0.1656,0.2068,0.4329,725.4884,,1.0000
FLD0203,2025-06-07,0.5574,0.6838,0.4052,1.2231,714.0570,0.1399,15.0000
FLD0207,2025-06-07,0.9231,0.6140,0.3866,1.0912,715.1336,0.0751,4.0000
FLD0208,2025-06-07,0.8000,0.5249,0.4781,1.6137,727.4722,,1.0000
FLD0209,2025-06-07,0.7000,0.5577,0.3474,1.0456,715.6423,0.1585,4.0000
FLD0214,2025-06-07,0.5000,0.6147,0.4657,1.4761,718.4456,,1.0000
FLD0216,2025-06-07,0.8903,0.6317,0.4409,1.2479,717.9110,0.0763,7.0000
FLD0221,2025-06-07,0.8333,0.4820,0.4184,1.4633,719.1681,,1.0000
FLD0223,2025-06-07,0.6364,0.8383,0.4916,1.5592,714.5884,,1.0000
FLD0226,2025-06-07,0.6033,0.7274,0.4662,1.3548,716.2846,0.0979,5.0000
FLD0230,2025-06-07,0.7273,0.7616,0.4504,1.3423,714.6630,,1.0000
FLD0231,2025-06-07,0.6988,0.8108,0.4645,1.4349,714.0650,0.0345,11.0000
FLD0238,2025-06-07,1.0000,0.2174,0.2996,0.8288,734.4890,,1.0000
FLD0245,2025-06-07,0.7308,0.8166,0.4773,1.3587,714.9920,0.0235,3.0000
FLD0246,2025-06-07,0.6452,0.7825,0.4713,1.3781,715.0961,0.0850,9.0000
FLD0259,2025-06-07,0.5387,0.5355,0.3251,0.9038,715.5767,0.1095,16.0000
FLD0268,2025-06-07,0.6000,0.7755,0.4522,1.2548,713.8963,0.0442,5.0000
FLD0275,2025-06-07,0.5606,0.8508,0.5437,1.9889,717.8699,0.0548,7.0000
FLD0284,2025-06-07,0.6303,0.8409,0.4908,1.5525,715.0660,0.0496,11.0000
FLD0286,2025-06-07,0.7527,0.5477,0.3385,1.0175,715.4770,,1.0000
FLD0291,2025-06-07,0.7746,0.8555,0.5475,1.8770,717.5984,,1.0000
FLD0300,2025-06-07,0.5329,0.5867,0.3981,1.2625,718.3454,0.0913,5.0000
FLD0304,2025-06-07,0.5652,0.7092,0.4393,1.3454,718.9514,0.1356,3.0000
FLD0310,2025-06-07,0.8837,0.8859,0.5324,1.7728,716.2521,,1.0000
FLD0321,2025-06-07,0.5562,0.7843,0.4847,1.4396,715.7122,,1.0000
FLD0334,2025-06-07,0.8217,0.6017,0.3213,0.7601,708.2446,0.0648,25.0000
FLD0337,2025-06-07,1.0000,0.7167,0.3740,0.8577,709.0818,0.0207,3.0000
FLD0338,2025-06-07,0.8511,0.5752,0.3258,0.8101,711.3454,0.1412,9.0000
FLD0339,2025-06-07,0.8618,0.6399,0.4051,1.0683,715.2901,0.1212,8.0000
FLD0340,2025-06-07,0.9000,0.6202,0.3798,1.0777,713.4716,0.1065,8.0000
FLD0341,2025-06-07,0.7623,0.5360,0.3178,0.8507,714.6040,0.0318,3.0000
FLD0346,2025-06-07,0.6154,0.9335,0.5191,1.7186,715.4159,0.0211,3.0000
FLD0348,2025-06-07,0.6667,0.2811,0.1907,0.4262,712.7276,0.0705,6.0000
FLD0353,2025-06-07,0.9346,0.6734,0.4189,1.2023,718.6532,0.0547,9.0000
FLD0354,2025-06-07,0.5769,0.5218,0.3409,1.0401,718.2456,0.0913,11.0000
FLD0355,2025-06-07,0.5400,0.3173,0.2154,0.4815,716.0384,0.0507,10.0000
FLD0356,2025-06-07,0.8330,0.6040,0.3636,1.0245,715.2292,0.1284,26.0000
FLD0357,2025-06-07,0.9595,0.5414,0.3301,0.8343,713.9191,0.1061,9.0000
FLD0358,2025-06-07,0.6296,0.4652,0.2768,0.7424,716.2258,0.0971,3.0000
FLD0359,2025-06-07,0.8333,0.3805,0.3068,0.8826,723.3799,0.1593,3.0000
FLD0360,2025-06-07,0.6667,0.4787,0.2957,0.7970,715.5118,0.1091,10.0000
FLD0361,2025-06-07,0.5600,0.5397,0.3352,1.0217,716.1850,0.1523,5.0000
FLD0367,2025-06-07,0.5012,0.7285,0.4817,1.4879,717.4042,0.0388,6.0000
FLD0374,2025-06-07,0.7910,0.6022,0.3477,0.8923,712.4016,0.1107,77.0000
FLD0377,2025-06-07,0.8409,0.7220,0.3761,0.9253,710.0218,,1.0000
FLD0378,2025-06-07,0.6883,0.4166,0.2651,0.6666,716.0599,0.1225,7.0000
FLD0379,2025-06-07,0.5814,0.7106,0.4167,1.3387,713.0932,0.1695,6.0000
FLD0382,2025-06-07,0.6667,0.6879,0.4087,1.2351,715.3404,0.0516,2.0000
FLD0383,2025-06-07,0.5649,0.6533,0.3712,1.0407,712.6728,0.0824,17.0000
FLD0388,2025-06-07,0.7333,0.5736,0.4021,1.1565,716.0087,,1.0000
FLD0392,2025-06-07,0.5234,0.7366,0.4599,1.4073,716.3326,0.0457,14.0000
FLD0423,2025-06-07,0.5000,0.8747,0.5237,1.7287,717.1090,,1.0000
FLD0426,2025-06-07,0.5734,0.7609,0.4730,1.4039,715.7496,0.0648,8.0000
FLD0432,2025-06-07,0.5660,0.8267,0.4987,1.6099,715.5684,,1.0000
FLD0446,2025-06-07,0.9062,0.7711,0.4907,1.4385,715.4141,0.0278,2.0000
FLD0449,2025-06-07,0.6076,0.8709,0.5523,1.9312,717.6079,,1.0000
FLD0458,2025-06-07,0.5000,0.8802,0.4997,1.7367,715.4874,,1.0000
FLD0036,2025-06-17,0.9180,0.7618,0.4256,1.1699,712.2513,0.0522,2.0000
FLD0050,2025-06-17,0.6316,0.7751,0.4477,1.4899,715.3666,0.0343,6.0000
FLD0051,2025-06-17,0.5556,0.5433,0.4435,1.3495,717.1294,,1.0000
FLD0139,2025-06-17,0.7143,0.5779,0.3669,1.0490,716.9879,,1.0000
FLD0178,2025-06-17,0.7857,0.1786,0.1997,0.4456,722.0097,0.0046,2.0000
FLD0189,2025-06-17,0.5000,0.8168,0.4771,1.5580,715.7837,0.0497,2.0000
FLD0198,2025-06-17,1.0000,0.0950,0.1847,0.4192,733.0616,,1.0000
FLD0207,2025-06-17,0.8462,0.6228,0.4236,1.3812,717.9582,0.0479,3.0000
FLD0209,2025-06-17,0.6500,0.5774,0.3563,1.1355,716.3299,0.1265,4.0000
FLD0214,2025-06-17,0.6250,0.7010,0.4871,1.6526,718.7601,,1.0000
FLD0216,2025-06-17,0.8839,0.6512,0.4144,1.2693,715.8031,0.0739,7.0000
FLD0221,2025-06-17,0.8333,0.5408,0.4652,1.7453,719.1411,,1.0000
FLD0228,2025-06-17,0.5349,0.7634,0.4468,1.4952,716.3387,0.0852,10.0000
FLD0230,2025-06-17,0.7273,0.7247,0.4757,1.6037,716.7538,,1.0000
FLD0238,2025-06-17,1.0000,0.2685,0.3215,0.9532,729.9192,,1.0000
FLD0281,2025-06-17,1.0000,0.6757,0.3945,1.1957,713.8906,0.0141,2.0000
FLD0295,2025-06-17,0.6061,0.6914,0.4389,1.4069,716.5502,0.0891,2.0000
FLD0296,2025-06-17,0.9474,0.8011,0.4967,1.7158,716.9470,0.0170,2.0000
FLD0297,2025-06-17,0.7037,0.8508,0.4880,1.7294,715.7413,0.0031,2.0000
FLD0298,2025-06-17,0.7463,0.7345,0.4501,1.4434,716.6763,0.0693,5.0000
FLD0304,2025-06-17,0.6087,0.6861,0.4410,1.4027,717.2718,0.0925,3.0000
FLD0325,2025-06-17,0.6154,0.8291,0.4422,1.3806,713.4162,0.0625,5.0000
FLD0330,2025-06-17,0.5045,0.6089,0.3812,1.1807,716.7354,0.0938,5.0000
FLD0334,2025-06-17,0.7442,0.6654,0.3460,0.9383,710.5262,0.0690,22.0000
FLD0388,2025-06-17,0.7667,0.5080,0.3633,1.1234,717.3154,,1.0000
FLD0408,2025-06-17,1.0000,0.6400,0.3846,1.0930,714.4705,,1.0000
FLD0432,2025-06-17,0.5283,0.7264,0.4846,1.6561,716.9363,,1.0000
FLD0446,2025-06-17,0.6250,0.9166,0.5339,1.8784,715.7005,0.0257,2.0000
FLD0466,2025-06-17,0.6000,0.7312,0.4540,1.5774,717.8784,0.0376,2.0000
FLD0468,2025-06-17,1.0000,0.6826,0.4241,1.2665,717.3312,0.1024,2.0000
FLD0023,2025-06-22,0.7857,0.7767,0.4880,1.9115,723.8007,,1.0000
FLD0036,2025-06-22,0.9508,0.6062,0.4089,1.0823,715.9833,0.0934,2.0000
FLD0050,2025-06-22,0.6974,0.6905,0.4670,1.6145,718.6050,0.0590,6.0000
FLD0051,2025-06-22,0.5556,0.5083,0.4691,1.5250,726.7632,,1.0000
FLD0207,2025-06-22,0.8462,0.5143,0.4055,1.3062,724.9915,0.0508,3.0000
FLD0208,2025-06-22,1.0000,0.5228,0.4065,1.2423,725.9821,0.0810,2.0000
FLD0209,2025-06-22,0.9500,0.4835,0.3642,1.0723,722.1060,0.0699,5.0000
FLD0214,2025-06-22,0.6250,0.5959,0.4950,1.7036,724.0121,,1.0000
FLD0216,2025-06-22,0.8903,0.6146,0.4365,1.3963,720.7879,0.0788,8.0000
FLD0221,2025-06-22,0.8333,0.4014,0.3954,1.5271,724.1821,,1.0000
FLD0223,2025-06-22,0.5455,0.8795,0.5523,2.0466,718.3246,,
FLD0230,2025-06-22,0.7273,0.6212,0.4246,1.3461,719.2855,,1.0000
FLD0268,2025-06-22,0.6585,0.7182,0.4350,1.4052,717.9510,0.0841,5.0000
FLD0277,2025-06-22,0.6402,0.5732,0.3967,1.4653,719.7398,0.1624,16.0000
FLD0341,2025-06-22,0.5000,0.5195,0.3290,0.9477,717.2104,0.0220,2.0000
FLD0374,2025-06-22,0.5347,0.5662,0.3452,0.9911,716.1529,0.1104,50.0000
FLD0433,2025-06-22,0.5909,0.8568,0.5341,1.8817,718.4700,,1.0000
FLD0036,2025-09-10,0.7377,0.8188,0.5390,2.0615,723.4415,0.0194,2.0000
FLD0072,2025-09-10,0.5403,0.5206,0.3783,1.1095,721.9095,0.0084,3.0000
FLD0073,2025-09-10,1.0000,0.6202,0.4435,1.4310,721.3103,0.0633,2.0000
FLD0091,2025-09-10,0.5439,0.8181,0.5724,2.4633,723.1794,0.0616,12.0000
FLD0129,2025-09-10,0.5385,0.6015,0.5291,2.3354,728.1805,0.1686,2.0000
FLD0163,2025-09-10,0.6585,0.6832,0.4837,1.9328,723.2440,,1.0000
FLD0165,2025-09-10,1.0000,0.5812,0.4326,1.4219,723.5131,0.0707,18.0000
FLD0166,2025-09-10,1.0000,0.4520,0.3494,0.9741,723.1336,0.0294,13.0000
FLD0167,2025-09-10,0.8794,0.5517,0.4248,1.5089,724.6639,0.1030,38.0000
FLD0168,2025-09-10,0.6037,0.6632,0.4721,1.8240,722.4002,0.0882,12.0000
FLD0169,2025-09-10,1.0000,0.3175,0.2554,0.6141,722.7702,,1.0000
FLD0172,2025-09-10,0.5152,0.8405,0.6192,3.3219,725.4633,0.0081,2.0000
FLD0173,2025-09-10,0.7626,0.6252,0.4458,1.7244,722.3513,0.1264,22.0000
FLD0174,2025-09-10,0.7037,0.7983,0.5618,2.5051,724.4691,0.1069,4.0000
FLD0177,2025-09-10,0.5793,0.6460,0.3808,1.3810,717.5474,0.1390,2.0000
FLD0180,2025-09-10,0.8400,0.7052,0.4913,1.7345,722.6551,,1.0000
FLD0230,2025-09-10,0.6364,0.5252,0.3503,1.0210,719.7699,,1.0000
FLD0231,2025-09-10,0.5088,0.6128,0.4177,1.3549,720.4950,0.0670,8.0000
FLD0245,2025-09-10,0.5769,0.8982,0.5522,2.1826,720.5507,0.0286,2.0000
FLD0294,2025-09-10,0.5417,0.5414,0.3926,1.1937,721.5645,0.1358,3.0000
FLD0295,2025-09-10,0.6061,0.8332,0.5388,2.1468,719.6826,0.0584,2.0000
FLD0321,2025-09-10,0.7640,0.6544,0.4553,1.6147,721.6071,,1.0000
FLD0344,2025-09-10,0.8571,0.7515,0.5176,2.0877,720.6000,0.1039,2.0000
FLD0361,2025-09-10,0.5333,0.4523,0.3477,1.4445,723.1412,0.1681,5.0000
FLD0363,2025-09-10,0.5667,0.7650,0.5545,2.3131,723.3469,0.0595,4.0000
FLD0365,2025-09-10,1.0000,0.7550,0.5691,2.5756,724.9707,0.0645,2.0000
FLD0366,2025-09-10,0.9677,0.6410,0.4733,1.7089,723.7749,0.0235,5.0000
FLD0379,2025-09-10,0.5581,0.8741,0.5239,1.9885,718.6998,0.0329,4.0000
FLD0402,2025-09-10,0.7130,0.7191,0.4761,1.9059,721.4812,0.1350,10.0000
FLD0403,2025-09-10,0.5217,0.8520,0.6371,3.4338,725.4884,0.0308,2.0000
FLD0404,2025-09-10,0.5714,0.8693,0.6081,2.8046,723.5145,0.0476,2.0000
FLD0405,2025-09-10,0.7000,0.7925,0.5598,2.4930,723.4815,0.0287,3.0000
FLD0407,2025-09-10,0.5000,0.8059,0.6078,2.9162,724.0604,0.0483,3.0000
FLD0408,2025-09-10,1.0000,0.6181,0.3861,1.1486,718.6605,,1.0000
FLD0409,2025-09-10,0.6957,0.7817,0.5469,2.1806,723.0825,,1.0000
FLD0442,2025-09-10,0.5156,0.7579,0.5286,2.0466,721.3611,,1.0000
FLD0445,2025-09-10,0.9048,0.7873,0.5566,2.2830,723.4798,0.0335,2.0000
FLD0446,2025-09-10,0.8750,0.7649,0.5710,2.7273,725.0925,0.1218,2.0000
FLD0447,2025-09-10,0.9804,0.6181,0.4473,1.5027,722.2988,0.0799,3.0000
FLD0051,2025-09-25,0.7778,0.5791,0.5411,2.1299,723.0426,0.0381,3.0000
FLD0202,2025-09-25,0.5000,0.6225,0.4419,1.5507,722.3138,0.1593,2.0000
FLD0207,2025-09-25,0.7692,0.4768,0.3374,0.8612,716.0672,0.0672,3.0000
FLD0214,2025-09-25,0.5000,0.7711,0.5908,2.5665,721.4445,,1.0000
FLD0221,2025-09-25,0.6667,0.4659,0.5006,2.9157,722.1563,,
FLD0238,2025-09-25,0.8000,0.0539,0.1947,0.5349,747.2167,,1.0000
FLD0359,2025-09-25,0.5556,0.3545,0.3429,0.9402,726.2433,0.0384,2.0000
FLD0069,2025-10-17,0.6000,0.6709,0.4526,1.5854,721.8639,0.0910,4.0000
FLD0177,2025-10-17,0.5488,0.6034,0.3239,0.9285,711.5714,0.1450,2.0000
FLD0178,2025-10-17,0.6429,0.1850,0.2293,0.4791,723.4482,,1.0000
FLD0198,2025-10-17,0.8000,0.1509,0.1884,0.4040,729.3065,,1.0000
FLD0207,2025-10-17,0.6923,0.5187,0.3747,1.1178,717.7054,0.1395,3.0000
FLD0214,2025-10-17,0.5000,0.8018,0.6501,3.5441,725.0366,,1.0000
FLD0359,2025-10-17,0.5556,0.2611,0.3552,1.1564,735.4836,0.2044,2.0000
FLD0408,2025-10-17,1.0000,0.4440,0.3564,0.9649,718.5257,,1.0000
FLD0053,2025-11-04,0.6667,0.4777,0.3505,1.0591,719.8128,0.1204,6.0000
FLD0097,2025-11-04,0.5887,0.7697,0.5021,1.9147,718.7224,0.0677,5.0000
FLD0139,2025-11-04,0.5714,0.6246,0.4411,1.3461,719.1053,,1.0000
FLD0142,2025-11-04,0.8000,0.9283,0.5643,2.3909,719.1215,,1.0000
FLD0297,2025-11-04,0.5926,0.8998,0.5766,2.1066,719.2536,0.0234,2.0000
FLD0405,2025-11-04,0.7000,0.6991,0.4143,1.4001,716.3816,0.0529,3.0000
FLD0446,2025-11-04,0.6250,0.9182,0.5656,1.8703,716.9280,0.0345,2.0000
FLD0063,2025-11-06,0.6188,0.6505,0.4544,1.5477,720.5952,0.0644,21.0000
FLD0064,2025-11-06,1.0000,0.4507,0.3218,0.9025,720.0391,0.0502,5.0000
FLD0141,2025-11-06,0.7143,0.8510,0.6194,3.0011,724.3304,,1.0000
FLD0176,2025-11-06,0.6812,0.4890,0.3482,0.8795,717.5995,0.1025,10.0000
FLD0177,2025-11-06,0.8659,0.5909,0.3630,1.1042,715.5509,0.1383,5.0000
FLD0194,2025-11-06,0.5493,0.8177,0.5393,2.1849,720.2621,0.0412,6.0000
FLD0207,2025-11-06,0.5385,0.5717,0.3430,1.1010,718.3856,0.1142,3.0000
FLD0235,2025-11-06,0.5465,0.6522,0.4336,1.6089,718.5673,0.0801,2.0000
FLD0238,2025-11-06,1.0000,0.3820,0.3706,1.1199,725.9087,,1.0000
FLD0293,2025-11-06,0.7045,0.7803,0.5304,2.0734,720.7899,0.1126,3.0000
FLD0294,2025-11-06,0.5556,0.7959,0.4932,1.7737,718.0278,0.0239,2.0000
FLD0325,2025-11-06,0.6667,0.8276,0.5138,1.7922,718.2739,0.0440,5.0000
FLD0348,2025-11-06,0.6585,0.5362,0.2921,0.8122,713.6949,0.0783,5.0000
FLD0352,2025-11-06,0.5437,0.5453,0.3853,1.4646,725.1698,0.1459,11.0000
FLD0353,2025-11-06,0.9065,0.5342,0.3486,1.1004,720.7748,0.1148,10.0000
FLD0354,2025-11-06,0.7436,0.4190,0.2844,0.8459,720.7487,0.1125,14.0000
FLD0355,2025-11-06,0.5533,0.3830,0.2643,0.7272,717.8312,0.0650,7.0000
FLD0357,2025-11-06,0.6216,0.7527,0.4464,1.5080,717.0097,0.1339,6.0000
FLD0358,2025-11-06,1.0000,0.3635,0.2668,0.7122,719.3117,0.0956,5.0000
FLD0359,2025-11-06,0.9444,0.4759,0.3711,1.1638,724.4549,0.0897,3.0000
FLD0360,2025-11-06,0.7889,0.4041,0.2698,0.7466,720.7400,0.0765,13.0000
FLD0361,2025-11-06,0.8267,0.4509,0.3420,1.1341,720.5689,0.1737,7.0000
FLD0362,2025-11-06,1.0000,0.6667,0.4418,1.4458,719.0566,0.0920,10.0000
FLD0363,2025-11-06,0.9333,0.7565,0.5115,1.9602,720.1904,0.0762,7.0000
FLD0377,2025-11-06,0.7614,0.7942,0.4277,1.3414,715.5258,0.2466,3.0000
FLD0383,2025-11-06,0.5361,0.6430,0.3896,1.2203,716.5623,0.0837,15.0000
FLD0396,2025-11-06,0.7467,0.7729,0.4896,1.7836,719.0964,0.0837,9.0000
FLD0417,2025-11-06,0.8529,0.6600,0.4311,1.3489,718.6097,0.0056,2.0000
FLD0418,2025-11-06,0.6053,0.7480,0.5062,1.8735,720.4245,,1.0000
FLD0419,2025-11-06,0.6875,0.6543,0.4421,1.4766,720.0673,0.0532,2.0000
FLD0421,2025-11-06,0.7407,0.6209,0.4776,1.6243,721.3616,,1.0000
FLD0441,2025-11-06,0.6923,0.7994,0.5112,1.9461,719.3636,,1.0000
FLD0442,2025-11-06,0.6562,0.7966,0.5159,1.9570,719.1459,0.0457,3.0000
FLD0443,2025-11-06,0.6768,0.7946,0.5111,1.9979,719.4314,0.0878,4.0000
FLD0446,2025-11-06,1.0000,0.5378,0.3916,1.0521,719.6912,0.0170,2.0000
FLD0447,2025-11-06,0.9412,0.7703,0.5089,1.8205,719.7748,0.0510,3.0000
FLD0177,2025-11-09,0.5793,0.5598,0.2903,0.8001,712.6628,0.1186,2.0000
FLD0178,2025-11-09,0.7143,0.3410,0.2533,0.5261,720.0865,,1.0000
FLD0198,2025-11-09,1.0000,0.1440,0.1798,0.4082,738.4477,,1.0000
FLD0207,2025-11-09,0.9231,0.5366,0.3875,1.1782,719.8266,0.0965,3.0000
FLD0214,2025-11-09,0.5000,0.7451,0.6536,3.3696,724.4724,,1.0000
FLD0219,2025-11-09,0.8800,0.7329,0.4552,1.2753,716.8032,0.0432,2.0000
FLD0220,2025-11-09,0.5556,0.7666,0.5216,1.5299,718.2402,,1.0000
FLD0221,2025-11-09,0.6667,0.5263,0.4431,1.8485,726.6875,,1.0000
FLD0230,2025-11-09,0.5455,0.5065,0.3753,1.1197,724.8172,,1.0000
FLD0238,2025-11-09,0.8000,0.2724,0.3143,1.0022,737.8402,,1.0000
FLD0253,2025-11-09,0.7243,0.5030,0.3079,0.6818,714.2240,0.0778,10.0000
FLD0256,2025-11-09,0.5037,0.4637,0.3210,1.0137,721.6912,0.0244,2.0000
FLD0334,2025-11-09,0.5581,0.5396,0.2611,0.7836,712.3080,0.1109,13.0000
FLD0337,2025-11-09,0.6000,0.3155,0.1667,0.4312,712.3218,0.0730,2.0000
FLD0353,2025-11-09,0.5140,0.5528,0.4128,1.6829,725.3494,0.0767,4.0000
FLD0358,2025-11-09,0.5926,0.4497,0.2424,0.7039,723.8043,0.1177,4.0000
FLD0359,2025-11-09,0.6111,0.3348,0.3535,1.8438,734.2535,0.2002,2.0000
FLD0446,2025-11-09,0.9062,0.6304,0.4587,1.3257,722.1583,0.0559,2.0000
FLD0053,2025-11-14,0.5333,0.4905,0.3270,1.1463,723.1358,0.1268,4.0000
FLD0139,2025-11-14,0.5714,0.6683,0.4085,1.4457,717.5879,,1.0000
FLD0177,2025-11-14,0.6585,0.5210,0.2639,0.6483,707.8432,,1.0000
FLD0178,2025-11-14,0.5000,0.4075,0.2640,0.6924,721.3098,,1.0000
FLD0189,2025-11-14,0.5000,0.6895,0.4377,1.2769,717.4181,,1.0000
FLD0198,2025-11-14,0.8000,0.4188,0.3634,1.4779,725.0405,,1.0000
FLD0202,2025-11-14,0.5000,0.6711,0.4774,1.7129,721.4863,,1.0000
FLD0207,2025-11-14,0.6923,0.4881,0.3192,0.9403,718.3492,0.0181,2.0000
FLD0214,2025-11-14,0.5000,0.7720,0.6204,2.9188,724.3440,,1.0000
FLD0219,2025-11-14,0.8800,0.6519,0.4016,1.0259,717.1783,0.0933,2.0000
FLD0220,2025-11-14,0.7778,0.7159,0.4091,1.1034,714.2409,0.1679,2.0000
FLD0221,2025-11-14,0.8333,0.5137,0.4161,3.1832,713.4003,,1.0000
FLD0223,2025-11-14,0.5455,0.8253,0.6042,3.0190,718.1948,,1.0000
FLD0230,2025-11-14,0.5455,0.4619,0.3584,1.2174,723.7286,,1.0000
FLD0238,2025-11-14,1.0000,0.1985,0.1603,0.4071,721.4777,,1.0000
FLD0253,2025-11-14,0.7297,0.4879,0.3012,0.6064,714.0695,0.0818,11.0000
FLD0334,2025-11-14,0.5271,0.5377,0.2524,0.6213,708.1106,0.1009,13.0000
FLD0348,2025-11-14,0.5285,0.5500,0.2884,0.7200,711.4427,0.1403,4.0000
FLD0357,2025-11-14,0.5405,0.6196,0.3427,0.9071,713.3144,0.1275,4.0000
FLD0358,2025-11-14,0.7037,0.6182,0.3473,1.0950,718.9721,0.1330,4.0000
FLD0359,2025-11-14,0.5000,0.4877,0.3854,1.3630,724.3997,,1.0000
FLD0377,2025-11-14,0.8068,0.6904,0.3671,0.9534,715.3030,0.1921,4.0000
FLD0421,2025-11-14,0.5185,0.7020,0.5572,1.8004,723.0116,,1.0000
FLD0423,2025-11-14,0.8333,0.8006,0.4765,1.3622,715.5135,,1.0000
FLD0446,2025-11-14,0.7500,0.6427,0.4341,1.1038,717.4477,0.0299,2.0000
FLD0053,2025-11-19,0.5333,0.5319,0.3512,1.2604,720.7465,0.1916,6.0000
FLD0079,2025-11-19,0.5213,0.5428,0.3626,1.0212,718.9937,0.0707,10.0000
FLD0177,2025-11-19,0.5854,0.4466,0.2378,0.5651,709.8590,,1.0000
FLD0178,2025-11-19,0.6429,0.2816,0.2044,0.4663,728.1089,,1.0000
FLD0207,2025-11-19,0.8462,0.5257,0.3535,1.0047,722.6580,0.1058,3.0000
FLD0214,2025-11-19,0.5000,0.6986,0.6366,3.0596,726.9187,,1.0000
FLD0219,2025-11-19,0.7200,0.7895,0.4684,1.4935,717.7833,0.0441,2.0000
FLD0220,2025-11-19,0.5556,0.8712,0.5572,2.0486,720.9349,,1.0000
FLD0221,2025-11-19,0.6667,0.4704,0.4156,1.3402,726.8647,,1.0000
FLD0230,2025-11-19,0.6364,0.3297,0.2469,0.6125,725.5868,,1.0000
FLD0238,2025-11-19,0.8000,0.2257,0.2919,0.9230,741.1914,,1.0000
FLD0253,2025-11-19,0.6919,0.4606,0.2859,0.5724,716.1644,0.1021,10.0000
FLD0276,2025-11-19,0.5172,0.4544,0.3601,1.2504,721.1724,0.0352,3.0000
FLD0334,2025-11-19,0.6434,0.5637,0.2623,0.6867,709.4799,0.1071,16.0000
FLD0348,2025-11-19,0.5528,0.5693,0.2955,0.7163,713.6499,0.0646,5.0000
FLD0353,2025-11-19,0.5981,0.5099,0.3465,1.1821,723.6729,0.1562,5.0000
FLD0357,2025-11-19,0.8108,0.6848,0.3851,1.0862,714.3505,0.1459,8.0000
FLD0358,2025-11-19,0.7037,0.5879,0.3478,1.0230,715.5479,0.1467,3.0000
FLD0359,2025-11-19,0.5556,0.3592,0.3646,1.5262,731.2695,,1.0000
FLD0377,2025-11-19,0.8750,0.6043,0.3464,0.9064,716.1730,0.1802,4.0000
FLD0421,2025-11-19,0.7037,0.7001,0.5454,1.8404,723.9669,0.0915,2.0000
FLD0446,2025-11-19,0.9375,0.6328,0.4643,1.4676,720.7912,0.0563,2.0000
FLD0051,2025-11-24,0.7778,0.6214,0.4256,1.1963,715.9695,0.0525,3.0000
FLD0053,2025-11-24,0.8444,0.5707,0.3161,0.8589,713.7947,0.0549,6.0000
FLD0069,2025-11-24,0.7429,0.8024,0.4463,1.2793,712.9216,0.1175,3.0000
FLD0079,2025-11-24,0.9432,0.5630,0.3550,0.8606,714.2819,0.0778,19.0000
FLD0080,2025-11-24,0.7454,0.6972,0.4087,1.1318,713.6159,0.1006,20.0000
FLD0081,2025-11-24,0.6995,0.8308,0.4668,1.4156,714.1981,0.0598,28.0000
FLD0082,2025-11-24,0.5000,0.8364,0.4631,1.3190,713.5238,0.0509,16.0000
FLD0087,2025-11-24,0.6109,0.5561,0.3313,0.9270,714.3144,0.1233,27.0000
FLD0096,2025-11-24,0.5122,0.7873,0.4888,1.5633,716.2927,0.0625,7.0000
FLD0098,2025-11-24,0.6898,0.6969,0.4284,1.2283,715.1349,0.0737,12.0000
FLD0129,2025-11-24,0.6154,0.7218,0.4720,1.5221,716.2463,0.1125,2.0000
FLD0130,2025-11-24,1.0000,0.7405,0.4202,1.1737,713.9872,0.0295,2.0000
FLD0135,2025-11-24,0.5625,0.8771,0.4842,1.5499,713.1975,0.0318,6.0000
FLD0139,2025-11-24,0.8571,0.6621,0.3669,1.0598,714.2440,,1.0000
FLD0188,2025-11-24,0.5732,0.6720,0.3653,1.0055,712.0759,0.0475,20.0000
FLD0207,2025-11-24,0.9231,0.5622,0.3456,0.9365,714.6466,0.0177,3.0000
FLD0209,2025-11-24,0.7500,0.6962,0.3743,1.1381,712.3873,0.1272,4.0000
FLD0214,2025-11-24,0.5000,0.7498,0.4997,1.5689,717.3412,,1.0000
FLD0219,2025-11-24,0.8800,0.7870,0.4475,1.3490,714.1926,0.0469,2.0000
FLD0220,2025-11-24,0.7778,0.7134,0.4260,1.1384,713.7022,0.0346,2.0000
FLD0221,2025-11-24,0.6667,0.5140,0.3657,0.9700,714.2325,,1.0000
FLD0223,2025-11-24,0.7273,0.7512,0.4402,1.3325,712.6967,,1.0000
FLD0386,2025-11-24,0.5393,0.7756,0.4497,1.3836,714.7042,0.0515,13.0000
FLD0397,2025-11-24,0.5670,0.8612,0.4912,1.6303,715.3741,0.0171,2.0000
FLD0399,2025-11-24,0.5574,0.9288,0.5751,2.2862,718.5054,0.0237,6.0000
FLD0401,2025-11-24,0.7333,0.7486,0.4809,1.5774,717.9885,0.0878,8.0000
FLD0402,2025-11-24,0.8426,0.7116,0.3962,1.2092,713.8293,0.0985,13.0000
FLD0403,2025-11-24,0.8696,0.8556,0.5218,1.9054,717.7529,0.0201,5.0000
FLD0404,2025-11-24,1.0000,0.8478,0.4853,1.5759,715.6243,0.0010,2.0000
FLD0405,2025-11-24,0.9000,0.7241,0.4446,1.5261,717.2654,0.0279,4.0000
FLD0408,2025-11-24,1.0000,0.7474,0.3785,1.0229,709.8959,,1.0000
FLD0425,2025-11-24,0.8902,0.6595,0.4044,1.2019,714.6153,0.1274,23.0000
FLD0426,2025-11-24,0.8881,0.5295,0.2976,0.7902,712.2813,0.1497,11.0000
FLD0427,2025-11-24,0.9421,0.5770,0.3294,0.8552,712.3164,0.1445,13.0000
FLD0428,2025-11-24,0.6314,0.7056,0.3889,1.1324,714.0524,0.1061,18.0000
FLD0079,2025-11-26,0.6957,0.4905,0.3320,0.8120,716.6214,0.0750,15.0000
FLD0130,2025-11-26,0.6923,0.6963,0.4520,1.3839,719.0858,0.0888,2.0000
FLD0177,2025-11-26,0.5183,0.4215,0.2414,0.5949,709.2325,0.1670,2.0000
FLD0178,2025-11-26,0.7857,0.3451,0.2101,0.4206,713.8029,,1.0000
FLD0194,2025-11-26,0.6479,0.6625,0.4202,1.3632,716.3923,0.0706,4.0000
FLD0198,2025-11-26,0.8000,0.2524,0.2637,0.7036,729.2969,,1.0000
FLD0207,2025-11-26,0.8462,0.5264,0.3931,1.2887,720.8360,0.1019,3.0000
FLD0209,2025-11-26,0.5000,0.4860,0.3400,1.1174,718.8024,0.0824,3.0000
FLD0214,2025-11-26,0.5000,0.7389,0.5923,2.9204,723.1732,,1.0000
FLD0219,2025-11-26,0.5200,0.8767,0.5001,1.7537,716.2725,,1.0000
FLD0221,2025-11-26,0.6667,0.4575,0.3848,1.0855,723.5892,,1.0000
FLD0223,2025-11-26,0.6364,0.7304,0.5173,1.8317,719.9107,,1.0000
FLD0230,2025-11-26,0.5455,0.2527,0.1393,0.3761,715.8579,,1.0000
FLD0238,2025-11-26,0.8000,0.2341,0.2590,0.8042,735.1068,,1.0000
FLD0253,2025-11-26,0.6486,0.4991,0.3235,0.6923,714.6909,0.0779,7.0000
FLD0257,2025-11-26,0.5556,0.7372,0.4273,1.1868,715.7468,0.0536,2.0000
FLD0325,2025-11-26,0.5641,0.6739,0.4117,1.2090,715.7172,0.0523,4.0000
FLD0334,2025-11-26,0.6202,0.4803,0.2364,0.5561,705.8558,0.1116,19.0000
FLD0357,2025-11-26,0.8649,0.6676,0.3757,0.9588,713.1487,0.1126,8.0000
FLD0358,2025-11-26,0.6296,0.4743,0.3222,1.0309,724.8189,0.1447,3.0000
FLD0359,2025-11-26,0.6667,0.3956,0.4181,2.2635,734.5207,,1.0000
FLD0377,2025-11-26,0.7614,0.5522,0.3224,0.6659,708.9796,,1.0000
FLD0383,2025-11-26,0.5175,0.6371,0.3707,0.9948,713.9777,0.0632,21.0000
FLD0393,2025-11-26,0.8444,0.7438,0.4995,1.8884,720.0645,0.0502,5.0000
FLD0406,2025-11-26,0.9487,0.5498,0.3676,0.8603,716.0484,0.0028,2.0000
FLD0421,2025-11-26,0.5556,0.8201,0.5791,2.0628,721.0737,0.0355,2.0000
FLD0427,2025-11-26,0.8017,0.8202,0.4577,1.4102,715.0045,0.0242,10.0000
FLD0446,2025-11-26,0.9375,0.6402,0.4642,1.4943,719.2213,0.0289,2.0000
FLD0459,2025-11-26,0.5909,0.6849,0.5100,2.0840,727.8561,0.1766,3.0000
FLD0053,2025-11-29,0.6222,0.4348,0.3101,1.0602,726.3652,0.1773,5.0000
FLD0070,2025-11-29,0.5000,0.5125,0.3647,0.8818,719.8677,0.0136,2.0000
FLD0079,2025-11-29,0.6491,0.4661,0.3261,0.8016,719.6950,0.0644,14.0000
FLD0130,2025-11-29,0.6923,0.7137,0.4477,1.2710,719.6743,0.0205,2.0000
FLD0177,2025-11-29,0.5122,0.4012,0.2322,0.5130,710.9288,0.1119,2.0000
FLD0198,2025-11-29,1.0000,0.1788,0.2404,0.6014,735.1933,,1.0000
FLD0207,2025-11-29,0.8462,0.5787,0.4447,1.4507,722.0557,0.0503,3.0000
FLD0209,2025-11-29,0.5000,0.4964,0.3203,1.1510,719.1992,0.0803,3.0000
FLD0214,2025-11-29,0.5000,0.7981,0.6089,2.4342,720.4142,,1.0000
FLD0219,2025-11-29,0.5600,0.9057,0.5109,2.0025,716.2887,,1.0000
FLD0221,2025-11-29,0.6667,0.4632,0.4086,1.2702,722.6868,,1.0000
FLD0223,2025-11-29,0.6364,0.7306,0.5301,2.1790,720.6021,,1.0000
FLD0238,2025-11-29,0.8000,0.1969,0.3296,0.8971,738.2676,,1.0000
FLD0250,2025-11-29,0.5939,0.4611,0.3356,0.7818,719.3595,0.1207,10.0000
FLD0253,2025-11-29,0.5946,0.4564,0.3086,0.6241,715.6784,0.0960,8.0000
FLD0334,2025-11-29,0.5969,0.4529,0.2134,0.4743,706.3026,0.0860,18.0000
FLD0348,2025-11-29,0.5203,0.5293,0.2872,0.6315,712.6854,0.0644,3.0000
FLD0353,2025-11-29,0.5607,0.5088,0.3284,0.9732,721.4670,0.0931,3.0000
FLD0357,2025-11-29,0.8514,0.6594,0.3884,0.9857,715.4522,0.1166,8.0000
FLD0358,2025-11-29,0.6667,0.5070,0.2915,0.8960,722.2709,0.1580,3.0000
FLD0359,2025-11-29,0.6111,0.4067,0.3008,1.0043,731.7920,0.1570,2.0000
FLD0377,2025-11-29,0.9091,0.4613,0.3076,0.6407,715.5109,0.1521,4.0000
FLD0383,2025-11-29,0.5258,0.6235,0.3711,1.0056,715.8543,0.0672,19.0000
FLD0389,2025-11-29,0.5525,0.6108,0.4942,1.6622,725.9024,0.0154,7.0000
FLD0393,2025-11-29,0.7333,0.7233,0.4887,1.6578,723.5745,0.0684,5.0000
FLD0406,2025-11-29,0.5641,0.6455,0.4460,1.1310,720.1992,,1.0000
FLD0446,2025-11-29,0.8125,0.7363,0.5078,1.6596,720.8029,0.0622,2.0000
FLD0459,2025-11-29,0.5455,0.6484,0.5078,2.2172,729.5955,0.2145,3.0000
FLD0466,2025-11-29,0.5333,0.7652,0.5683,2.2003,722.1540,0.0636,2.0000
FLD0000,2025-12-04,0.8281,0.9164,0.5280,1.9548,716.5034,0.0348,6.0000
FLD0001,2025-12-04,0.8982,0.8535,0.4621,1.5899,714.4767,0.0582,12.0000
FLD0002,2025-12-04,0.6273,0.8185,0.4593,1.5565,714.8450,0.0631,5.0000
FLD0003,2025-12-04,1.0000,0.7188,0.4039,1.1220,713.8154,0.0545,11.0000
FLD0004,2025-12-04,1.0000,0.7066,0.4031,1.2349,714.9105,0.1025,10.0000
FLD0005,2025-12-04,0.9831,0.7783,0.4311,1.2216,713.8719,0.0435,7.0000
FLD0006,2025-12-04,1.0000,0.7970,0.4399,1.3382,714.0901,0.0566,16.0000
FLD0007,2025-12-04,0.9836,0.5532,0.3240,0.8141,712.3366,0.0898,27.0000
FLD0010,2025-12-04,0.9538,0.8184,0.4657,1.4625,714.7295,0.1132,4.0000
FLD0011,2025-12-04,0.8023,0.8744,0.5173,1.9477,716.7666,0.0955,9.0000
FLD0013,2025-12-04,1.0000,0.8602,0.5103,1.8177,716.5340,0.0733,5.0000
FLD0014,2025-12-04,0.9538,0.8201,0.4573,1.4279,714.6364,0.0487,11.0000
FLD0016,2025-12-04,0.5577,0.9728,0.6431,3.2466,721.2321,,1.0000
FLD0018,2025-12-04,0.8421,0.8845,0.5292,2.1039,717.7032,,1.0000
FLD0020,2025-12-04,1.0000,0.7025,0.3724,1.0892,712.4702,0.0803,5.0000
FLD0021,2025-12-04,0.7027,0.8617,0.4960,1.7637,716.3857,0.0523,8.0000
FLD0022,2025-12-04,0.9778,0.8002,0.4609,1.5673,715.7103,0.0459,13.0000
FLD0023,2025-12-04,0.9286,0.8587,0.4837,1.6617,714.5304,,1.0000
FLD0024,2025-12-04,0.7205,0.8517,0.4813,1.6257,715.3583,0.0529,12.0000
FLD0025,2025-12-04,0.8468,0.9350,0.5483,2.0526,717.1547,0.0230,7.0000
FLD0027,2025-12-04,1.0000,0.8983,0.5405,2.0091,717.6777,,1.0000
FLD0028,2025-12-04,0.8571,0.9657,0.5770,2.2445,717.6183,0.0050,3.0000
FLD0029,2025-12-04,0.5871,0.8518,0.4737,1.6033,714.9188,0.0591,18.0000
FLD0030,2025-12-04,0.8644,0.8667,0.4892,1.6127,715.5058,0.0426,7.0000
FLD0031,2025-12-04,0.8293,0.7849,0.4490,1.4751,715.1446,0.0848,22.0000
FLD0032,2025-12-04,0.7400,0.8920,0.5150,1.7634,716.0772,0.0448,4.0000
FLD0033,2025-12-04,0.6434,0.8019,0.4525,1.3742,714.1299,0.0616,7.0000
FLD0036,2025-12-04,1.0000,0.8014,0.4199,1.2898,713.6414,0.0153,2.0000
FLD0037,2025-12-04,0.9539,0.7369,0.4075,1.1569,713.4042,0.0546,8.0000
FLD0038,2025-12-04,0.9496,0.7551,0.4059,1.1231,712.6772,0.0413,23.0000
FLD0040,2025-12-04,0.9932,0.6842,0.3713,1.0675,712.6458,0.0552,25.0000
FLD0041,2025-12-04,0.9949,0.7471,0.4203,1.2207,713.9117,0.0512,76.0000
FLD0042,2025-12-04,1.0000,0.6945,0.3871,1.0463,713.0700,0.0462,15.0000
FLD0043,2025-12-04,0.9973,0.7040,0.4132,1.2683,714.8222,0.0811,68.0000
FLD0045,2025-12-04,1.0000,0.8398,0.5418,2.2649,718.9970,0.2019,12.0000
FLD0046,2025-12-04,1.0000,0.6916,0.4158,1.3099,715.9796,0.0740,29.0000
FLD0047,2025-12-04,0.8462,0.7603,0.4316,1.4403,715.4411,0.0752,6.0000
FLD0048,2025-12-04,1.0000,0.6842,0.4130,1.2361,715.5494,0.0664,5.0000
FLD0049,2025-12-04,0.9767,0.7109,0.3917,1.1551,713.4944,0.0680,31.0000
FLD0050,2025-12-04,1.0000,0.7425,0.4195,1.2996,714.2596,0.0634,12.0000
FLD0051,2025-12-04,1.0000,0.5615,0.3588,0.9483,714.4785,0.0407,3.0000
FLD0052,2025-12-04,0.9641,0.8087,0.4788,1.5692,716.0036,0.0684,22.0000
FLD0053,2025-12-04,0.9778,0.5432,0.3082,0.8290,713.9739,0.0542,7.0000
FLD0054,2025-12-04,0.9577,0.7753,0.4436,1.3822,714.8735,0.0560,26.0000
FLD0055,2025-12-04,0.9353,0.7779,0.4490,1.3849,714.9061,0.0777,24.0000
FLD0056,2025-12-04,0.9646,0.8280,0.4759,1.5100,715.3586,0.0365,11.0000
FLD0059,2025-12-04,0.9710,0.7679,0.4322,1.2188,713.7504,0.0520,10.0000
FLD0060,2025-12-04,0.9643,0.7053,0.4028,1.1056,713.5614,0.0556,3.0000
FLD0061,2025-12-04,0.9914,0.7857,0.4323,1.2601,713.9330,0.0444,6.0000
FLD0067,2025-12-04,0.7665,0.7780,0.4284,1.2630,713.5335,0.0697,20.0000
FLD0068,2025-12-04,0.6383,0.7517,0.4401,1.4457,715.5601,0.1089,11.0000
FLD0069,2025-12-04,1.0000,0.6819,0.3947,1.1458,714.5276,0.0675,4.0000
FLD0070,2025-12-04,0.9875,0.6777,0.4038,1.1452,714.9686,0.0689,6.0000
FLD0071,2025-12-04,0.6407,0.8067,0.4805,1.6203,716.1339,0.0863,28.0000
FLD0072,2025-12-04,0.6532,0.8690,0.4797,1.6567,715.0222,0.0210,3.0000
FLD0073,2025-12-04,1.0000,0.8571,0.4934,1.7327,716.2663,0.1184,2.0000
FLD0074,2025-12-04,1.0000,0.8203,0.4665,1.4693,715.1180,0.0473,3.0000
FLD0075,2025-12-04,0.9474,0.8160,0.4466,1.5358,715.3595,0.0690,3.0000
FLD0076,2025-12-04,1.0000,0.7925,0.4558,1.3906,714.9191,0.0592,4.0000
FLD0078,2025-12-04,0.8070,0.8257,0.4678,1.4377,714.6379,0.0468,24.0000
FLD0079,2025-12-04,0.8580,0.6189,0.3606,0.9542,713.1259,0.0827,18.0000
FLD0080,2025-12-04,0.9560,0.5760,0.3369,0.7784,712.4858,0.0709,23.0000
FLD0081,2025-12-04,0.7327,0.7870,0.4279,1.2615,712.8863,0.0740,32.0000
FLD0082,2025-12-04,0.7169,0.7806,0.4238,1.1618,712.5234,0.0421,19.0000
FLD0084,2025-12-04,0.7692,0.8438,0.4713,1.4888,714.1382,0.0844,23.0000
FLD0085,2025-12-04,0.9533,0.7538,0.4508,1.4097,715.8701,0.0788,34.0000
FLD0086,2025-12-04,0.8522,0.8215,0.4951,1.7016,716.8277,0.0766,85.0000
FLD0087,2025-12-04,0.9348,0.7335,0.4091,1.1650,713.5582,0.0521,37.0000
FLD0088,2025-12-04,0.8834,0.8457,0.5037,1.7686,716.7582,0.0584,17.0000
FLD0089,2025-12-04,0.7008,0.9064,0.5331,1.9782,717.0307,0.0470,25.0000
FLD0090,2025-12-04,0.7748,0.9134,0.5760,2.3862,719.3605,0.0398,8.0000
FLD0091,2025-12-04,0.8187,0.8130,0.4795,1.6562,716.4943,0.0720,23.0000
FLD0092,2025-12-04,0.5733,0.8078,0.4748,1.8272,716.1945,0.0474,10.0000
FLD0093,2025-12-04,0.8494,0.8189,0.5012,1.7225,717.3357,0.0622,9.0000
FLD0094,2025-12-04,0.7623,0.8552,0.5246,1.9145,717.8461,0.0524,12.0000
FLD0095,2025-12-04,0.8248,0.9059,0.5465,2.0524,717.6367,0.0506,10.0000
FLD0096,2025-12-04,0.9902,0.8092,0.4815,1.5999,716.2768,0.0710,13.0000
FLD0098,2025-12-04,0.7225,0.7894,0.4411,1.3824,714.5325,0.0642,15.0000
FLD0100,2025-12-04,0.5000,0.8584,0.4987,1.6690,715.3153,,1.0000
FLD0101,2025-12-04,0.7458,0.8759,0.4752,1.6162,715.3581,0.0447,2.0000
FLD0108,2025-12-04,0.5000,0.8997,0.5839,2.5771,719.8051,,1.0000
FLD0109,2025-12-04,0.6215,0.8861,0.5597,2.3379,718.5902,0.0492,13.0000
FLD0110,2025-12-04,0.7690,0.8754,0.4885,1.6968,715.3603,0.0585,9.0000
FLD0112,2025-12-04,0.7869,0.7959,0.4751,1.6954,716.8790,0.0684,45.0000
FLD0113,2025-12-04,0.8306,0.8559,0.4981,1.7553,716.3983,0.0597,21.0000
FLD0116,2025-12-04,0.5446,0.8303,0.4853,1.5577,715.9219,0.0617,14.0000
FLD0120,2025-12-04,0.7958,0.8769,0.5329,2.0384,717.7252,0.0511,50.0000
FLD0121,2025-12-04,0.8317,0.8631,0.5135,1.8562,717.1252,0.0504,25.0000
FLD0122,2025-12-04,0.5016,0.8208,0.4668,1.5788,715.3702,0.0607,32.0000
FLD0123,2025-12-04,0.5106,0.8471,0.4954,1.7190,716.1064,0.0571,17.0000
FLD0124,2025-12-04,0.7235,0.7998,0.4508,1.4189,714.3843,0.0796,30.0000
FLD0127,2025-12-04,0.8937,0.8494,0.4673,1.5223,714.8003,0.0693,8.0000
FLD0128,2025-12-04,0.7808,0.9038,0.5623,2.4094,719.0427,0.0560,5.0000
FLD0129,2025-12-04,1.0000,0.7001,0.4303,1.2851,716.3009,0.0874,3.0000
FLD0130,2025-12-04,1.0000,0.5965,0.3507,0.8593,713.6112,0.0217,2.0000
FLD0131,2025-12-04,0.7458,0.7683,0.3918,1.2210,712.5755,0.0499,20.0000
FLD0132,2025-12-04,0.6578,0.7581,0.4462,1.5503,715.7438,0.0964,41.0000
FLD0133,2025-12-04,0.5345,0.7829,0.4283,1.4517,714.4049,0.0829,15.0000
FLD0135,2025-12-04,0.7875,0.8425,0.4579,1.4771,714.0050,0.0478,8.0000
FLD0137,2025-12-04,0.6604,0.8539,0.4704,1.5288,715.1548,0.0417,5.0000
FLD0139,2025-12-04,1.0000,0.6280,0.3567,1.0350,714.4521,,1.0000
FLD0141,2025-12-04,1.0000,0.8505,0.5291,1.9283,718.3064,0.0713,2.0000
FLD0142,2025-12-04,1.0000,0.9277,0.5647,2.3207,718.6033,,1.0000
FLD0143,2025-12-04,0.9458,0.7963,0.4943,1.8017,717.8181,0.0833,62.0000
FLD0144,2025-12-04,0.5552,0.9500,0.5831,2.2718,718.2476,0.0592,8.0000
FLD0145,2025-12-04,0.5362,0.8611,0.5125,1.8786,717.1177,0.0998,11.0000
FLD0146,2025-12-04,0.5260,0.7391,0.4503,1.4862,716.4483,0.0865,9.0000
FLD0147,2025-12-04,0.8533,0.7138,0.4486,1.4446,716.4699,0.0557,10.0000
FLD0148,2025-12-04,0.9002,0.7374,0.4183,1.2709,714.4588,0.0830,42.0000
FLD0149,2025-12-04,0.9370,0.8307,0.4835,1.5385,715.7609,0.0527,14.0000
FLD0150,2025-12-04,0.9566,0.7148,0.4299,1.4705,715.7817,0.1140,18.0000
FLD0151,2025-12-04,1.0000,0.7301,0.4318,1.3589,715.7729,0.0667,14.0000
FLD0152,2025-12-04,0.9814,0.7958,0.4841,1.5864,716.9222,0.0680,11.0000
FLD0153,2025-12-04,0.9680,0.6844,0.3988,1.2674,714.5887,0.1237,31.0000
FLD0154,2025-12-04,0.9387,0.8588,0.4907,1.7192,716.0804,0.0456,7.0000
FLD0155,2025-12-04,0.9465,0.7538,0.4121,1.2456,713.6001,0.0690,11.0000
FLD0156,2025-12-04,0.9660,0.6637,0.3768,1.0270,713.1613,0.0600,17.0000
FLD0158,2025-12-04,0.7660,0.8563,0.4748,1.6036,715.0221,0.0776,3.0000
FLD0159,2025-12-04,0.9893,0.6611,0.3599,1.0107,712.7350,0.0338,9.0000
FLD0160,2025-12-04,0.9689,0.5957,0.3368,0.8325,712.7553,0.0445,5.0000
FLD0161,2025-12-04,0.9837,0.7159,0.4103,1.2405,714.4740,0.0639,30.0000
FLD0162,2025-12-04,1.0000,0.6733,0.4101,1.1358,715.1645,,1.0000
FLD0163,2025-12-04,1.0000,0.4848,0.2677,0.6356,709.9154,0.0000,2.0000
FLD0164,2025-12-04,1.0000,0.6284,0.3423,0.9803,713.2501,0.0164,3.0000
FLD0165,2025-12-04,0.9904,0.6907,0.3991,1.2180,714.5935,0.0914,18.0000
FLD0166,2025-12-04,1.0000,0.7793,0.4564,1.4765,716.0475,0.0727,13.0000
FLD0167,2025-12-04,0.8113,0.8051,0.4393,1.4668,713.9771,0.0993,36.0000
FLD0168,2025-12-04,0.8456,0.6770,0.3968,1.3157,713.9732,0.1341,17.0000
FLD0169,2025-12-04,1.0000,0.4771,0.2620,0.6125,709.8773,,1.0000
FLD0172,2025-12-04,1.0000,0.6957,0.4216,1.2591,715.5459,0.0451,4.0000
FLD0173,2025-12-04,0.9888,0.6933,0.3887,1.1245,713.2031,0.0814,24.0000
FLD0174,2025-12-04,1.0000,0.6404,0.3877,1.0670,715.5203,0.0501,5.0000
FLD0175,2025-12-04,1.0000,0.5325,0.3002,0.7181,711.4761,0.0163,10.0000
FLD0176,2025-12-04,0.9928,0.5381,0.3070,0.8318,712.3741,0.1156,14.0000
FLD0177,2025-12-04,1.0000,0.3642,0.2061,0.4567,709.1970,0.0550,6.0000
FLD0178,2025-12-04,1.0000,0.3401,0.2054,0.4262,710.0096,0.0123,2.0000
FLD0179,2025-12-04,1.0000,0.5045,0.2750,0.7192,711.4698,0.0241,3.0000
FLD0180,2025-12-04,1.0000,0.4835,0.2688,0.6263,709.9166,,1.0000
FLD0181,2025-12-04,1.0000,0.6851,0.4001,1.2095,714.8720,0.0720,15.0000
FLD0182,2025-12-04,1.0000,0.7568,0.4696,1.4747,717.0622,0.0411,7.0000
FLD0183,2025-12-04,1.0000,0.7501,0.4497,1.3858,715.9945,0.0462,19.0000
FLD0184,2025-12-04,1.0000,0.7155,0.4274,1.2901,715.2032,0.0638,5.0000
FLD0185,2025-12-04,1.0000,0.8693,0.5208,1.8512,717.3862,0.0508,2.0000
FLD0188,2025-12-04,0.9599,0.6345,0.3698,1.0515,713.9535,0.0805,35.0000
FLD0189,2025-12-04,1.0000,0.6246,0.3608,1.0155,714.5360,0.0918,3.0000
FLD0190,2025-12-04,1.0000,0.7987,0.4633,1.4553,715.9127,0.0673,7.0000
FLD0191,2025-12-04,0.9498,0.8148,0.4838,1.6705,716.6751,0.0661,31.0000
FLD0192,2025-12-04,0.9263,0.8760,0.5219,1.9129,717.1340,0.0708,30.0000
FLD0193,2025-12-04,0.9326,0.7974,0.4587,1.5753,715.5189,0.0782,14.0000
FLD0194,2025-12-04,1.0000,0.6817,0.3942,1.2406,714.3777,0.0635,7.0000
FLD0195,2025-12-04,0.6812,0.7681,0.4453,1.4532,715.1856,0.0573,4.0000
FLD0196,2025-12-04,0.9857,0.8686,0.4449,1.3527,713.0044,0.0322,3.0000
FLD0197,2025-12-04,1.0000,0.7088,0.4217,1.3444,714.7211,0.1380,12.0000
FLD0198,2025-12-04,1.0000,0.3725,0.2525,0.6359,720.5447,,1.0000
FLD0202,2025-12-04,0.7778,0.7340,0.3966,1.1899,714.1621,0.0832,3.0000
FLD0203,2025-12-04,0.6596,0.6598,0.3580,1.0608,713.4927,0.1316,23.0000
FLD0204,2025-12-04,0.8654,0.7994,0.4522,1.5123,715.2666,0.0637,12.0000
FLD0205,2025-12-04,0.7342,0.9417,0.5225,1.9029,715.8430,,1.0000
FLD0207,2025-12-04,1.0000,0.5607,0.3336,0.9051,714.7706,0.0246,4.0000
FLD0208,2025-12-04,1.0000,0.6490,0.4212,1.3691,717.8240,0.1200,2.0000
FLD0209,2025-12-04,1.0000,0.6763,0.3830,1.1690,714.8191,0.0883,5.0000
FLD0212,2025-12-04,1.0000,0.7845,0.4355,1.2067,712.5542,,1.0000
FLD0214,2025-12-04,0.7500,0.7535,0.4650,1.5649,718.1957,0.0056,2.0000
FLD0216,2025-12-04,0.5161,0.7260,0.4410,1.4671,716.6416,0.0437,5.0000
FLD0217,2025-12-04,1.0000,0.9330,0.5488,2.0069,717.0092,0.0264,4.0000
FLD0219,2025-12-04,1.0000,0.7797,0.4520,1.4796,715.7203,0.0826,2.0000
FLD0220,2025-12-04,1.0000,0.6949,0.4105,1.2308,714.6488,0.1158,3.0000
FLD0221,2025-12-04,0.8333,0.5578,0.3737,1.1853,715.1806,,1.0000
FLD0222,2025-12-04,1.0000,0.8337,0.4412,1.3727,713.8883,0.0267,9.0000
FLD0223,2025-12-04,1.0000,0.6492,0.4041,1.2112,715.4449,,1.0000
FLD0225,2025-12-04,0.8886,0.9062,0.5475,2.0951,717.8169,0.0313,14.0000
FLD0226,2025-12-04,0.8033,0.8254,0.4658,1.4893,715.2233,0.0937,8.0000
FLD0227,2025-12-04,0.5500,0.8814,0.5084,1.8158,716.1532,0.0331,5.0000
FLD0228,2025-12-04,0.8837,0.6943,0.3938,1.1148,713.7109,0.0593,16.0000
FLD0229,2025-12-04,1.0000,0.7660,0.4083,1.1534,713.0059,0.0463,7.0000
FLD0230,2025-12-04,0.9091,0.4936,0.2724,0.7791,711.8947,0.1672,2.0000
FLD0231,2025-12-04,1.0000,0.7387,0.4027,1.1536,713.2161,0.0389,15.0000
FLD0235,2025-12-04,0.7674,0.6734,0.3673,1.1668,712.8660,0.0925,4.0000
FLD0238,2025-12-04,1.0000,0.3645,0.2854,0.7618,721.5953,,1.0000
FLD0242,2025-12-04,0.8614,0.8343,0.4603,1.3549,713.6106,,1.0000
FLD0244,2025-12-04,1.0000,0.7532,0.4202,1.1515,713.1299,0.0290,2.0000
FLD0245,2025-12-04,1.0000,0.7996,0.4248,1.1901,712.5376,0.0353,4.0000
FLD0246,2025-12-04,0.9731,0.7594,0.4266,1.2735,714.0880,0.0551,15.0000
FLD0247,2025-12-04,0.9391,0.8099,0.4557,1.3848,714.1269,0.0557,23.0000
FLD0248,2025-12-04,0.7733,0.8333,0.4692,1.4758,714.4869,0.0613,8.0000
FLD0250,2025-12-04,0.9556,0.5031,0.3163,0.7580,714.1234,0.1229,21.0000
FLD0251,2025-12-04,0.9885,0.6743,0.4049,1.3028,714.8677,0.1478,39.0000
FLD0252,2025-12-04,1.0000,0.8877,0.5641,2.2279,719.1680,0.0270,12.0000
FLD0253,2025-12-04,0.9622,0.3741,0.2188,0.4447,709.1377,0.0752,18.0000
FLD0254,2025-12-04,0.9372,0.7843,0.4620,1.4486,715.1305,0.0711,14.0000
FLD0256,2025-12-04,0.8889,0.3686,0.2249,0.5076,712.3937,0.1266,6.0000
FLD0257,2025-12-04,1.0000,0.4773,0.2774,0.6020,710.8450,0.0359,5.0000
FLD0258,2025-12-04,1.0000,0.5949,0.3542,0.9529,715.8699,0.1075,2.0000
FLD0259,2025-12-04,0.9437,0.3994,0.2359,0.5402,710.6491,0.0979,23.0000
FLD0260,2025-12-04,0.8818,0.8868,0.5396,2.0760,718.0096,0.0376,8.0000
FLD0261,2025-12-04,0.9888,0.7124,0.4021,1.2816,714.0970,0.0890,10.0000
FLD0264,2025-12-04,0.8899,0.6926,0.4072,1.1686,714.3774,0.0762,30.0000
FLD0265,2025-12-04,0.9508,0.7563,0.4398,1.3820,714.9387,0.0919,48.0000
FLD0266,2025-12-04,0.9786,0.5915,0.3384,0.9221,712.4774,0.0984,96.0000
FLD0268,2025-12-04,1.0000,0.5996,0.3361,0.9772,712.9920,0.1055,7.0000
FLD0269,2025-12-04,1.0000,0.8299,0.5111,1.8664,717.6259,0.0882,7.0000
FLD0270,2025-12-04,1.0000,0.5971,0.3400,0.9991,713.3051,0.1014,14.0000
FLD0271,2025-12-04,0.9669,0.7736,0.4510,1.5756,715.7831,0.0872,9.0000
FLD0272,2025-12-04,1.0000,0.7198,0.4063,1.2151,714.0446,0.0781,9.0000
FLD0273,2025-12-04,0.9820,0.7706,0.4565,1.4481,715.8219,0.0395,8.0000
FLD0274,2025-12-04,0.7702,0.7333,0.4243,1.3184,714.8669,0.0666,8.0000
FLD0275,2025-12-04,0.8504,0.7730,0.4422,1.4633,715.0716,0.0936,12.0000
FLD0276,2025-12-04,0.6502,0.8155,0.4550,1.5881,715.1130,0.1063,5.0000
FLD0277,2025-12-04,0.9790,0.7196,0.4149,1.3295,714.5211,0.0948,23.0000
FLD0278,2025-12-04,0.9502,0.7201,0.4186,1.2955,714.9129,0.0725,23.0000
FLD0279,2025-12-04,0.9722,0.6178,0.3530,0.9736,712.6963,0.1071,19.0000
FLD0280,2025-12-04,0.9783,0.6579,0.3823,1.1779,714.1636,0.0848,16.0000
FLD0281,2025-12-04,1.0000,0.7115,0.4200,1.3273,716.1651,0.0088,2.0000
FLD0282,2025-12-04,0.7836,0.7273,0.4511,1.4330,716.4178,0.0891,11.0000
FLD0283,2025-12-04,0.8057,0.7747,0.4443,1.4797,715.0668,0.0845,21.0000
FLD0284,2025-12-04,0.9790,0.6389,0.3580,0.9710,712.7363,0.0680,22.0000
FLD0285,2025-12-04,0.8846,0.9286,0.4976,1.6656,714.5618,0.0623,2.0000
FLD0286,2025-12-04,0.8817,0.7761,0.3922,1.1608,712.0863,0.0453,2.0000
FLD0288,2025-12-04,1.0000,0.8683,0.4935,1.5985,715.5581,0.0163,3.0000
FLD0289,2025-12-04,1.0000,0.8332,0.5032,1.7463,716.8114,0.0724,3.0000
FLD0290,2025-12-04,0.9478,0.7789,0.4395,1.4146,714.5134,0.0705,36.0000
FLD0291,2025-12-04,1.0000,0.8905,0.4873,1.5801,714.4741,,1.0000
FLD0292,2025-12-04,1.0000,0.8851,0.5003,1.7046,715.4748,0.0884,2.0000
FLD0293,2025-12-04,0.8864,0.9111,0.5498,2.0116,717.5247,0.0374,3.0000
FLD0294,2025-12-04,0.8889,0.8627,0.4898,1.6025,715.3807,0.0559,5.0000
FLD0295,2025-12-04,1.0000,0.7132,0.4026,1.1887,713.9793,0.0536,3.0000
FLD0296,2025-12-04,1.0000,0.7406,0.4463,1.4977,716.2568,0.0809,2.0000
FLD0297,2025-12-04,0.9630,0.7738,0.4411,1.4595,715.8892,0.0339,3.0000
FLD0298,2025-12-04,0.9701,0.7909,0.4367,1.4641,715.0987,0.0476,7.0000
FLD0300,2025-12-04,1.0000,0.6788,0.3947,1.1643,714.2791,0.1053,9.0000
FLD0301,2025-12-04,1.0000,0.6541,0.3898,1.3143,714.8522,0.1158,7.0000
FLD0302,2025-12-04,0.9884,0.7356,0.4318,1.4188,715.6386,0.0817,21.0000
FLD0303,2025-12-04,0.9318,0.7599,0.4451,1.5240,715.7561,0.0877,70.0000
FLD0307,2025-12-04,0.7524,0.8826,0.5077,1.7717,716.0448,0.0332,6.0000
FLD0309,2025-12-04,0.7917,0.8461,0.4902,1.6911,716.6100,0.0360,4.0000
FLD0311,2025-12-04,0.9551,0.8761,0.5174,1.7819,716.5067,0.0404,11.0000
FLD0312,2025-12-04,1.0000,0.8048,0.4659,1.4180,715.3039,0.0298,2.0000
FLD0313,2025-12-04,0.5385,0.8127,0.4782,1.6071,716.4847,0.0812,4.0000
FLD0314,2025-12-04,0.9412,0.8650,0.4547,1.3915,713.5743,0.0380,5.0000
FLD0315,2025-12-04,0.7727,0.8644,0.4900,1.6773,715.4550,0.0170,2.0000
FLD0316,2025-12-04,0.5368,0.8068,0.4718,1.6997,716.2271,0.1051,20.0000
FLD0317,2025-12-04,0.6667,0.7186,0.4090,1.4129,714.2600,0.1442,8.0000
FLD0318,2025-12-04,0.9270,0.6883,0.3848,1.1972,713.8018,0.0863,23.0000
FLD0322,2025-12-04,0.8451,0.7947,0.4466,1.3623,714.1676,0.0682,9.0000
FLD0325,2025-12-04,1.0000,0.5742,0.3418,0.8665,713.2950,0.0620,8.0000
FLD0326,2025-12-04,1.0000,0.7682,0.4362,1.4362,714.2113,0.0749,9.0000
FLD0327,2025-12-04,0.7405,0.7379,0.4235,1.4512,714.8773,0.1255,3.0000
FLD0328,2025-12-04,0.8259,0.7189,0.3915,1.2872,712.5123,0.1426,23.0000
FLD0329,2025-12-04,0.8283,0.8139,0.4573,1.6121,715.4624,0.0995,31.0000
FLD0330,2025-12-04,0.9730,0.5511,0.3139,0.8433,712.3217,0.1152,11.0000
FLD0333,2025-12-04,1.0000,0.7166,0.3945,1.0390,712.1086,0.0379,6.0000
FLD0334,2025-12-04,0.9457,0.3996,0.2029,0.4921,705.6590,0.0818,26.0000
FLD0335,2025-12-04,0.8220,0.8083,0.4351,1.3200,713.0007,0.0685,44.0000
FLD0336,2025-12-04,0.9739,0.7301,0.4169,1.1973,713.4894,0.1099,11.0000
FLD0337,2025-12-04,0.6667,0.1988,0.0921,0.2089,701.6870,0.0099,2.0000
FLD0338,2025-12-04,0.8582,0.4418,0.2319,0.4954,706.7957,0.0978,9.0000
FLD0339,2025-12-04,0.9145,0.5270,0.2851,0.6424,710.0626,0.0977,8.0000
FLD0340,2025-12-04,0.9571,0.4195,0.2152,0.4758,706.0789,0.0743,8.0000
FLD0341,2025-12-04,0.8852,0.4331,0.2136,0.5190,707.8697,0.1430,5.0000
FLD0343,2025-12-04,0.6085,0.7192,0.3447,0.9426,709.9520,0.0735,7.0000
FLD0344,2025-12-04,0.6190,0.8173,0.4847,1.5355,715.0828,,1.0000
FLD0345,2025-12-04,0.8937,0.6439,0.3594,0.9579,712.9762,0.0632,15.0000
FLD0346,2025-12-04,1.0000,0.7635,0.4182,1.1442,713.1238,0.0446,7.0000
FLD0348,2025-12-04,0.8293,0.2919,0.1654,0.3183,707.6138,0.0743,7.0000
FLD0351,2025-12-04,0.9137,0.3379,0.2622,0.5088,720.0977,0.1354,16.0000
FLD0352,2025-12-04,0.9563,0.5013,0.3093,0.9152,716.8456,0.1210,13.0000
FLD0353,2025-12-04,0.9720,0.3990,0.2513,0.6110,715.4111,0.0927,10.0000
FLD0354,2025-12-04,0.9487,0.4411,0.2749,0.8055,717.0369,0.1380,17.0000
FLD0355,2025-12-04,0.7067,0.2520,0.1518,0.3191,714.3787,0.0469,10.0000
FLD0356,2025-12-04,0.9715,0.4390,0.2715,0.6857,711.4234,0.1240,30.0000
FLD0357,2025-12-04,0.9865,0.3960,0.2396,0.4726,710.5448,0.0534,9.0000
FLD0358,2025-12-04,0.8889,0.3457,0.2128,0.4703,712.6942,0.0687,5.0000
FLD0359,2025-12-04,1.0000,0.4142,0.2681,0.7297,717.2502,0.0779,3.0000
FLD0360,2025-12-04,0.8889,0.4018,0.2473,0.6319,714.7242,0.1150,15.0000
FLD0361,2025-12-04,0.9600,0.4756,0.3018,0.9093,715.4894,0.1866,9.0000
FLD0362,2025-12-04,1.0000,0.5734,0.3418,0.9589,713.8593,0.1244,10.0000
FLD0363,2025-12-04,1.0000,0.6407,0.3932,1.1603,715.4338,0.0677,7.0000
FLD0365,2025-12-04,1.0000,0.6782,0.4354,1.3417,716.8974,0.1029,2.0000
FLD0366,2025-12-04,1.0000,0.8235,0.5013,1.7107,717.2364,0.0682,5.0000
FLD0367,2025-12-04,1.0000,0.6075,0.3379,0.8992,712.1202,0.0859,21.0000
FLD0368,2025-12-04,0.9800,0.7828,0.4348,1.2539,713.8318,0.0416,6.0000
FLD0369,2025-12-04,0.6452,0.8452,0.4756,1.5585,715.2942,0.0048,2.0000
FLD0371,2025-12-04,0.9413,0.7717,0.4441,1.4013,714.9787,0.0953,44.0000
FLD0374,2025-12-04,0.9549,0.3886,0.2160,0.4621,707.9392,0.0856,102.0000
FLD0375,2025-12-04,1.0000,0.5403,0.3033,0.6817,710.6487,0.0458,3.0000
FLD0377,2025-12-04,0.9318,0.3238,0.1641,0.3277,704.9258,0.0705,5.0000
FLD0378,2025-12-04,0.7500,0.2914,0.1568,0.3405,708.4124,0.0986,11.0000
FLD0379,2025-12-04,0.9767,0.3971,0.1920,0.4483,704.8961,0.0761,8.0000
FLD0380,2025-12-04,1.0000,0.6967,0.3916,1.0947,713.3533,0.0734,68.0000
FLD0381,2025-12-04,0.9905,0.6588,0.3823,1.0438,713.3836,0.0928,18.0000
FLD0382,2025-12-04,0.8810,0.4613,0.2607,0.5883,711.2035,0.0784,6.0000
FLD0383,2025-12-04,0.9113,0.4351,0.2459,0.5115,709.3995,0.0704,33.0000
FLD0384,2025-12-04,0.8743,0.8633,0.5355,2.1634,717.8551,0.1079,15.0000
FLD0385,2025-12-04,1.0000,0.8230,0.4454,1.3396,713.6579,0.0375,12.0000
FLD0386,2025-12-04,0.8618,0.7783,0.4422,1.4205,715.0258,0.0643,23.0000
FLD0387,2025-12-04,0.9023,0.8555,0.4781,1.6386,715.5141,0.0541,10.0000
FLD0388,2025-12-04,0.9333,0.7379,0.4080,1.1670,713.6796,0.0514,3.0000
FLD0389,2025-12-04,0.7293,0.6789,0.4165,1.2072,716.6276,0.0455,9.0000
FLD0390,2025-12-04,1.0000,0.8016,0.4700,1.5373,715.9690,0.0629,16.0000
FLD0391,2025-12-04,0.9593,0.8443,0.5098,1.7078,717.2053,0.0249,4.0000
FLD0392,2025-12-04,0.8481,0.6935,0.4034,1.2853,714.1310,0.1081,25.0000
FLD0393,2025-12-04,1.0000,0.6308,0.3974,1.1081,716.3245,0.0567,7.0000
FLD0395,2025-12-04,0.5932,0.7448,0.4434,1.4097,715.4877,0.0836,63.0000
FLD0397,2025-12-04,0.9485,0.8147,0.4599,1.4641,715.0281,0.0364,5.0000
FLD0398,2025-12-04,0.5530,0.8479,0.5023,1.7146,716.0933,0.0627,8.0000
FLD0402,2025-12-04,0.9815,0.6998,0.3891,1.1704,713.7553,0.0907,13.0000
FLD0403,2025-12-04,0.9130,0.8555,0.5001,1.7476,716.3557,0.0262,5.0000
FLD0404,2025-12-04,1.0000,0.8013,0.4615,1.4169,715.3551,0.0052,2.0000
FLD0405,2025-12-04,1.0000,0.6584,0.3723,1.0728,713.8096,0.0220,4.0000
FLD0406,2025-12-04,1.0000,0.5218,0.3321,0.8268,715.5199,0.0234,2.0000
FLD0407,2025-12-04,0.9091,0.7660,0.4693,1.6885,716.7344,0.0940,5.0000
FLD0408,2025-12-04,1.0000,0.6558,0.3495,0.9358,710.2501,,1.0000
FLD0409,2025-12-04,1.0000,0.8291,0.4836,1.4911,715.1992,,1.0000
FLD0410,2025-12-04,1.0000,0.8982,0.5431,1.8867,717.7735,,1.0000
FLD0411,2025-12-04,0.8605,0.9177,0.5624,2.0643,717.5923,0.0518,3.0000
FLD0413,2025-12-04,0.8764,0.8384,0.4597,1.4522,714.2407,0.0345,6.0000
FLD0414,2025-12-04,0.8739,0.8648,0.4772,1.6509,714.8227,0.0542,10.0000
FLD0417,2025-12-04,0.8824,0.9225,0.5113,1.8044,715.3107,0.0039,2.0000
FLD0418,2025-12-04,1.0000,0.8275,0.4729,1.5236,715.1780,0.0546,3.0000
FLD0419,2025-12-04,1.0000,0.8962,0.4968,1.6549,715.3708,0.0430,4.0000
FLD0420,2025-12-04,1.0000,0.8664,0.5051,1.7016,716.3103,0.0814,3.0000
FLD0421,2025-12-04,0.8148,0.9109,0.4700,1.5374,713.5315,0.0186,3.0000
FLD0423,2025-12-04,0.9333,0.6771,0.3704,0.9951,713.2630,,1.0000
FLD0425,2025-12-04,0.9788,0.8423,0.4771,1.5349,714.9773,0.0589,24.0000
FLD0426,2025-12-04,0.9930,0.6897,0.3765,0.9874,712.1902,0.0503,13.0000
FLD0427,2025-12-04,0.9752,0.6681,0.3727,0.9915,712.9478,0.0677,13.0000
FLD0428,2025-12-04,0.9431,0.6933,0.3804,1.0731,712.8587,0.0704,33.0000
FLD0430,2025-12-04,1.0000,0.6346,0.3707,0.9775,713.8938,0.0595,32.0000
FLD0431,2025-12-04,1.0000,0.8037,0.4632,1.4451,715.0696,0.0548,3.0000
FLD0432,2025-12-04,1.0000,0.5694,0.3284,0.8794,713.2660,0.0815,3.0000
FLD0433,2025-12-04,1.0000,0.6449,0.3598,1.0090,712.9353,0.0879,3.0000
FLD0434,2025-12-04,1.0000,0.7597,0.4245,1.2386,714.0213,,1.0000
FLD0436,2025-12-04,1.0000,0.8021,0.4461,1.3604,714.3005,0.0514,23.0000
FLD0437,2025-12-04,0.9944,0.7441,0.4101,1.2092,713.5330,0.0621,11.0000
FLD0438,2025-12-04,0.9783,0.7736,0.4208,1.3632,714.0741,0.1433,4.0000
FLD0439,2025-12-04,0.9222,0.8839,0.5383,1.9794,717.6906,0.0492,10.0000
FLD0440,2025-12-04,1.0000,0.8293,0.4980,1.6660,716.7943,0.0283,7.0000
FLD0441,2025-12-04,1.0000,0.7631,0.4061,1.1546,712.4760,,1.0000
FLD0442,2025-12-04,0.9688,0.8827,0.4866,1.6210,714.9950,0.0246,4.0000
FLD0443,2025-12-04,0.9091,0.9028,0.5014,1.7038,715.1343,0.0491,5.0000
FLD0445,2025-12-04,1.0000,0.9189,0.5512,1.9981,716.8597,0.0185,2.0000
FLD0446,2025-12-04,1.0000,0.5435,0.3444,0.8166,714.6311,0.0013,2.0000
FLD0447,2025-12-04,1.0000,0.8395,0.4796,1.4758,715.1913,0.0018,3.0000
FLD0448,2025-12-04,0.9853,0.8710,0.4816,1.5253,714.6806,0.0310,4.0000
FLD0449,2025-12-04,0.8608,0.9478,0.5159,1.7762,715.0878,0.0309,2.0000
FLD0451,2025-12-04,0.7576,0.8178,0.4214,1.1802,711.6843,,1.0000
FLD0452,2025-12-04,0.9434,0.8174,0.4665,1.4944,714.9683,0.0408,4.0000
FLD0453,2025-12-04,1.0000,0.6695,0.4005,1.0379,714.3543,0.0302,3.0000
FLD0454,2025-12-04,1.0000,0.8491,0.4389,1.2910,712.9843,,1.0000
FLD0456,2025-12-04,0.6552,0.9007,0.5025,1.7250,715.4660,0.0543,3.0000
FLD0457,2025-12-04,1.0000,0.6811,0.4045,1.1682,715.8428,,1.0000
FLD0458,2025-12-04,1.0000,0.7515,0.4286,1.1577,714.3406,0.0014,2.0000
FLD0459,2025-12-04,1.0000,0.5905,0.3663,0.9741,715.8886,0.0658,5.0000
FLD0460,2025-12-04,0.8462,0.8674,0.5067,1.7658,716.4736,0.0421,2.0000
FLD0463,2025-12-04,0.8462,0.9171,0.5428,2.0580,717.5654,0.0462,3.0000
FLD0464,2025-12-04,0.7692,0.8653,0.5280,1.9753,717.2104,0.0570,4.0000
FLD0465,2025-12-04,0.9583,0.8460,0.5012,1.8499,716.2170,0.0605,2.0000
FLD0466,2025-12-04,1.0000,0.6105,0.3706,1.0122,716.0426,0.0183,4.0000
FLD0467,2025-12-04,1.0000,0.8263,0.4934,1.7450,716.7411,0.0665,8.0000
FLD0468,2025-12-04,1.0000,0.6853,0.4172,1.3024,716.8987,0.0515,2.0000
FLD0130,2025-12-09,0.7692,0.6960,0.4221,1.0960,717.2261,0.0144,2.0000
FLD0177,2025-12-09,0.5732,0.3685,0.2223,0.5207,712.7307,0.1956,3.0000
FLD0178,2025-12-09,0.5000,0.2538,0.2167,0.3364,718.0815,,1.0000
FLD0207,2025-12-09,0.8462,0.5716,0.4039,1.3293,725.4789,0.0377,3.0000
FLD0214,2025-12-09,0.5000,0.7587,0.5862,2.6855,726.8016,,1.0000
FLD0221,2025-12-09,0.6667,0.4592,0.3904,1.4395,729.3374,,1.0000
FLD0223,2025-12-09,0.7273,0.6522,0.4328,1.5868,721.5798,,1.0000
FLD0238,2025-12-09,0.8000,0.2340,0.3223,0.7761,735.3462,,1.0000
FLD0250,2025-12-09,0.7099,0.4413,0.3086,0.6244,717.7617,0.0573,10.0000
FLD0253,2025-12-09,0.6432,0.5294,0.3378,0.8199,718.0827,0.1158,9.0000
FLD0256,2025-12-09,0.5481,0.4317,0.2907,0.7958,722.4101,0.0629,2.0000
FLD0257,2025-12-09,0.5185,0.7160,0.4440,1.3145,719.0908,0.0585,2.0000
FLD0334,2025-12-09,0.5426,0.4129,0.1972,0.4090,708.3115,0.0902,16.0000
FLD0348,2025-12-09,0.5447,0.5001,0.2826,0.6575,716.2721,0.0757,4.0000
FLD0353,2025-12-09,0.5794,0.4921,0.3343,1.0453,721.1467,0.0666,3.0000
FLD0356,2025-12-09,0.5112,0.6422,0.4071,1.1602,717.8569,0.1171,17.0000
FLD0357,2025-12-09,0.9054,0.6153,0.3793,0.9424,716.7899,0.1113,8.0000
FLD0358,2025-12-09,0.7037,0.4938,0.2866,0.7852,720.1172,0.0536,3.0000
FLD0359,2025-12-09,0.7222,0.3930,0.3295,1.4958,731.8506,0.2157,3.0000
FLD0374,2025-12-09,0.5138,0.5761,0.3375,0.8849,716.0463,0.1407,50.0000
FLD0375,2025-12-09,0.7000,0.7952,0.5602,2.0236,719.0567,0.0993,2.0000
FLD0377,2025-12-09,0.7273,0.5151,0.3021,0.5391,709.8886,,1.0000
FLD0383,2025-12-09,0.5588,0.6140,0.3666,0.9184,715.6685,0.0681,22.0000
FLD0393,2025-12-09,0.7333,0.6913,0.5120,2.0291,726.0811,0.0615,5.0000
FLD0427,2025-12-09,0.6942,0.8383,0.4826,1.5490,716.0557,0.0650,9.0000
FLD0446,2025-12-09,0.8125,0.7371,0.5410,2.0437,721.2824,0.0133,2.0000
FLD0459,2025-12-09,0.6364,0.6083,0.4830,1.6824,725.0640,0.1368,3.0000
FLD0466,2025-12-09,0.6000,0.7716,0.5891,2.6957,724.9698,0.1705,2.0000
FLD0053,2025-12-14,0.6889,0.5022,0.3268,1.0242,719.0464,0.1555,5.0000
FLD0079,2025-12-14,0.5538,0.5437,0.3298,0.8095,714.5666,0.0629,11.0000
FLD0102,2025-12-14,0.5217,0.5311,0.3584,0.8427,716.2614,,1.0000
FLD0130,2025-12-14,0.7692,0.5865,0.3508,0.7708,716.1172,0.0190,2.0000
FLD0139,2025-12-14,0.5714,0.5972,0.4101,1.3517,719.6412,,
FLD0177,2025-12-14,0.5915,0.3862,0.2221,0.4754,707.9878,0.1474,3.0000
FLD0178,2025-12-14,0.8571,0.2602,0.1878,0.3486,718.2851,,1.0000
FLD0188,2025-12-14,0.5244,0.6360,0.3804,1.0021,713.7960,0.1009,19.0000
FLD0189,2025-12-14,0.5000,0.7279,0.4381,1.2447,717.0840,,1.0000
FLD0207,2025-12-14,0.6923,0.5872,0.3914,1.1387,721.4798,0.0713,3.0000
FLD0221,2025-12-14,0.6667,0.5108,0.3335,0.8039,713.2782,,1.0000
FLD0223,2025-12-14,0.7273,0.6429,0.4119,1.1436,716.6542,,1.0000
FLD0238,2025-12-14,0.8000,0.2372,0.2707,0.8266,733.2712,,1.0000
FLD0250,2025-12-14,0.6997,0.3966,0.2806,0.5033,715.3691,0.0412,9.0000
FLD0253,2025-12-14,0.5784,0.5739,0.3432,0.7867,713.2863,0.1371,6.0000
FLD0257,2025-12-14,0.6296,0.7162,0.3970,0.9490,711.9377,0.0176,3.0000
FLD0259,2025-12-14,0.5739,0.5506,0.3389,0.9165,715.2589,0.0919,12.0000
FLD0266,2025-12-14,0.5036,0.6519,0.3624,0.8453,710.8280,0.0752,45.0000
FLD0340,2025-12-14,0.5429,0.4756,0.3138,0.7785,720.9101,0.0866,2.0000
FLD0348,2025-12-14,0.5854,0.4437,0.2502,0.5072,711.2450,0.0656,4.0000
FLD0352,2025-12-14,0.5825,0.5075,0.3207,0.7850,718.6398,0.1013,7.0000
FLD0353,2025-12-14,0.6729,0.4827,0.3083,0.8722,718.9231,0.1785,4.0000
FLD0356,2025-12-14,0.5397,0.5783,0.3625,0.8612,714.6516,0.1003,16.0000
FLD0357,2025-12-14,0.9054,0.5790,0.3450,0.7354,713.8085,0.0492,7.0000
FLD0358,2025-12-14,0.6296,0.4567,0.2618,0.6272,720.0546,0.0549,2.0000
FLD0359,2025-12-14,0.6667,0.4384,0.3289,1.1616,723.5414,0.2056,2.0000
FLD0360,2025-12-14,0.5444,0.4844,0.2993,0.9014,717.0055,0.1403,8.0000
FLD0366,2025-12-14,0.5484,0.6032,0.4118,1.2730,719.5430,,1.0000
FLD0374,2025-12-14,0.5325,0.5773,0.3227,0.7121,711.4510,0.1147,52.0000
FLD0375,2025-12-14,0.8000,0.6313,0.3954,1.0166,717.9574,0.0523,2.0000
FLD0377,2025-12-14,0.7500,0.4145,0.2416,0.3795,706.5701,,1.0000
FLD0379,2025-12-14,0.7209,0.6463,0.3911,1.0106,710.7697,0.0713,7.0000
FLD0383,2025-12-14,0.6371,0.5689,0.3194,0.7059,711.3376,0.0739,25.0000
FLD0446,2025-12-14,0.8750,0.7252,0.4741,1.3833,717.6896,0.0040,2.0000
FLD0453,2025-12-14,0.6364,0.5782,0.3580,0.7050,714.8214,,1.0000
FLD0459,2025-12-14,0.6818,0.6000,0.4099,1.1126,724.3615,0.1377,3.0000
FLD0466,2025-12-14,0.6000,0.7593,0.5597,2.1282,722.9357,0.1207,2.0000
FLD0042,2025-12-16,0.5000,0.8261,0.4767,1.6145,716.4523,0.0573,9.0000
FLD0048,2025-12-16,0.6288,0.4700,0.3227,0.6844,718.1070,0.0124,2.0000
FLD0053,2025-12-16,0.6889,0.5275,0.3298,1.0470,719.4540,0.1344,6.0000
FLD0070,2025-12-16,0.5750,0.6912,0.4420,1.2359,717.1961,0.0529,4.0000
FLD0079,2025-12-16,0.5781,0.5303,0.3249,0.8187,715.0885,0.0773,12.0000
FLD0130,2025-12-16,0.9231,0.5621,0.3314,0.7322,718.8574,0.0310,2.0000
FLD0139,2025-12-16,0.5714,0.6272,0.3273,0.8928,714.6859,,1.0000
FLD0152,2025-12-16,0.5155,0.5224,0.3512,0.8040,715.8616,0.0892,7.0000
FLD0177,2025-12-16,0.5488,0.3645,0.2095,0.4678,708.4797,0.1819,3.0000
FLD0178,2025-12-16,0.7143,0.3263,0.2281,0.3511,712.3632,,1.0000
FLD0188,2025-12-16,0.5569,0.6132,0.3703,0.9944,714.9083,0.0895,18.0000
FLD0189,2025-12-16,0.5000,0.7087,0.4347,1.3897,718.9646,,1.0000
FLD0190,2025-12-16,0.5000,0.8004,0.4686,1.3787,716.6765,0.0989,2.0000
FLD0196,2025-12-16,0.7143,0.8546,0.4308,1.2162,710.1414,0.0277,2.0000
FLD0198,2025-12-16,1.0000,0.1988,0.1588,0.4116,727.0420,,1.0000
FLD0207,2025-12-16,0.9231,0.5682,0.3757,1.1075,720.4334,0.0280,3.0000
FLD0209,2025-12-16,0.6000,0.5031,0.3469,1.2715,720.1507,0.0728,3.0000
FLD0214,2025-12-16,0.5000,0.7463,0.5099,1.8331,721.8019,,1.0000
FLD0220,2025-12-16,0.5556,0.6080,0.4450,1.6095,727.9833,,1.0000
FLD0221,2025-12-16,0.8333,0.5203,0.3855,1.9331,720.1100,,1.0000
FLD0222,2025-12-16,0.7368,0.8098,0.4534,1.4954,716.1800,0.0470,7.0000
FLD0223,2025-12-16,1.0000,0.6507,0.4301,1.4583,720.0326,,1.0000
FLD0230,2025-12-16,0.6364,0.3100,0.1278,0.3394,709.8450,,1.0000
FLD0231,2025-12-16,0.5468,0.7564,0.4271,1.2585,715.0821,0.0481,8.0000
FLD0238,2025-12-16,0.8000,0.2728,0.3180,0.8028,732.2845,,1.0000
FLD0250,2025-12-16,0.7474,0.4100,0.2814,0.5070,715.6864,0.0606,10.0000
FLD0253,2025-12-16,0.6378,0.5605,0.3377,0.8060,715.0022,0.1303,7.0000
FLD0256,2025-12-16,0.6148,0.3967,0.2449,0.5791,717.0078,0.1532,3.0000
FLD0257,2025-12-16,0.7222,0.6245,0.3875,0.9723,715.0833,0.0631,4.0000
FLD0259,2025-12-16,0.6373,0.5306,0.3269,0.8852,716.2737,0.1053,13.0000
FLD0266,2025-12-16,0.6057,0.6450,0.3654,0.9251,712.3096,0.0673,59.0000
FLD0300,2025-12-16,0.5433,0.7328,0.4184,1.2011,715.9800,0.0386,4.0000
FLD0338,2025-12-16,0.5887,0.5880,0.3206,0.7821,713.4237,0.1183,6.0000
FLD0339,2025-12-16,0.6974,0.6258,0.3367,0.7566,710.8645,0.1004,6.0000
FLD0348,2025-12-16,0.5772,0.3796,0.2072,0.4226,712.4489,0.0590,3.0000
FLD0352,2025-12-16,0.6165,0.5024,0.3294,0.8503,718.5897,0.0891,6.0000
FLD0353,2025-12-16,0.6916,0.4792,0.3204,0.9325,721.2411,0.1239,7.0000
FLD0356,2025-12-16,0.5804,0.5288,0.3334,0.7904,715.7825,0.0840,18.0000
FLD0357,2025-12-16,0.9324,0.5227,0.3195,0.6656,713.5458,0.0911,8.0000
FLD0358,2025-12-16,0.7407,0.4250,0.2369,0.6130,717.2151,0.1234,3.0000
FLD0359,2025-12-16,0.8889,0.4579,0.3234,1.0302,728.2194,0.1475,3.0000
FLD0360,2025-12-16,0.5111,0.4614,0.2899,0.8562,718.9145,0.1703,8.0000
FLD0366,2025-12-16,0.6452,0.5775,0.4670,2.0696,723.9093,,1.0000
FLD0374,2025-12-16,0.6161,0.5216,0.2928,0.6846,712.1674,0.1055,63.0000
FLD0375,2025-12-16,0.9000,0.6829,0.4580,1.3920,716.5194,0.1733,3.0000
FLD0377,2025-12-16,0.7045,0.4268,0.2528,0.4301,707.9180,,1.0000
FLD0379,2025-12-16,0.6744,0.6618,0.3963,1.0341,715.0675,0.0629,6.0000
FLD0383,2025-12-16,0.6948,0.5421,0.3103,0.7195,713.3194,0.0564,25.0000
FLD0426,2025-12-16,0.5245,0.8288,0.4692,1.4740,715.3662,0.0343,7.0000
FLD0427,2025-12-16,0.7107,0.7793,0.4190,1.1982,713.5597,0.0546,9.0000
FLD0446,2025-12-16,0.9375,0.6988,0.4758,1.4469,718.6069,0.0006,2.0000
FLD0453,2025-12-16,0.7273,0.6098,0.3887,0.8965,716.2257,,1.0000
FLD0459,2025-12-16,0.7273,0.6706,0.4803,1.5686,721.5111,0.0946,3.0000
FLD0466,2025-12-16,0.7333,0.7059,0.5270,1.7708,722.9023,0.0858,3.0000
FLD0079,2025-12-19,0.5436,0.5468,0.3481,0.9029,717.9803,0.0667,11.0000
FLD0130,2025-12-19,0.8462,0.6437,0.3944,1.0026,720.3995,0.0114,2.0000
FLD0139,2025-12-19,0.5000,0.5599,0.4022,1.3631,726.9755,,
FLD0152,2025-12-19,0.6925,0.5022,0.3387,0.7738,718.5708,0.0836,10.0000
FLD0177,2025-12-19,0.6280,0.3922,0.2281,0.5685,713.5725,0.1731,3.0000
FLD0178,2025-12-19,0.5714,0.2715,0.2150,0.2680,711.6781,,1.0000
FLD0196,2025-12-19,0.8286,0.6875,0.4150,1.0908,714.7036,0.0730,2.0000
FLD0198,2025-12-19,0.8000,0.2162,0.1467,0.3992,739.6656,,1.0000
FLD0207,2025-12-19,0.7692,0.6319,0.3865,1.1804,722.6301,0.0858,3.0000
FLD0214,2025-12-19,0.5000,0.8525,0.5946,2.8746,723.3273,,1.0000
FLD0221,2025-12-19,0.6667,0.5439,0.4020,1.1474,721.2060,,1.0000
FLD0223,2025-12-19,0.7273,0.6614,0.4552,1.7963,721.1732,,1.0000
FLD0238,2025-12-19,0.8000,0.2909,0.3163,0.7878,733.8795,,1.0000
FLD0253,2025-12-19,0.6162,0.5510,0.3477,0.8956,718.3389,0.1216,8.0000
FLD0256,2025-12-19,0.5259,0.3972,0.2825,0.6452,721.7739,0.0830,2.0000
FLD0257,2025-12-19,0.7778,0.6995,0.3974,1.0323,714.8537,0.1003,4.0000
FLD0259,2025-12-19,0.5634,0.5968,0.3711,1.1636,718.6965,0.1327,12.0000
FLD0300,2025-12-19,0.5363,0.6270,0.3861,0.9743,717.4337,0.0867,4.0000
FLD0325,2025-12-19,0.5128,0.5080,0.3215,0.7498,717.6873,0.1225,5.0000
FLD0334,2025-12-19,0.5814,0.3541,0.1681,0.3397,708.6522,0.0615,16.0000
FLD0339,2025-12-19,0.5197,0.7447,0.4282,1.1104,714.9457,0.0633,4.0000
FLD0340,2025-12-19,0.5000,0.4719,0.3120,0.7630,718.6079,0.0421,2.0000
FLD0348,2025-12-19,0.5772,0.4739,0.2742,0.5953,716.3118,0.0490,5.0000
FLD0353,2025-12-19,0.6542,0.4932,0.3186,0.8805,722.3989,0.1988,4.0000
FLD0356,2025-12-19,0.5580,0.5883,0.3798,1.0134,717.9319,0.1103,17.0000
FLD0357,2025-12-19,0.9459,0.5512,0.3412,0.7434,717.0734,0.0898,8.0000
FLD0358,2025-12-19,0.6667,0.4268,0.2438,0.6465,721.2439,0.1970,3.0000
FLD0359,2025-12-19,0.7778,0.4804,0.3232,1.2135,724.3619,,1.0000
FLD0360,2025-12-19,0.5444,0.4891,0.2950,0.8594,720.2393,0.1209,8.0000
FLD0366,2025-12-19,0.5484,0.5431,0.4351,1.4621,725.8603,,1.0000
FLD0374,2025-12-19,0.5358,0.5566,0.3315,0.7963,715.5913,0.1222,59.0000
FLD0375,2025-12-19,0.8000,0.6192,0.4164,1.0185,719.3201,0.0620,2.0000
FLD0377,2025-12-19,0.7159,0.4420,0.2746,0.5070,715.4616,,1.0000
FLD0379,2025-12-19,0.7674,0.7048,0.4434,1.3590,720.0981,0.0657,7.0000
FLD0383,2025-12-19,0.6206,0.5620,0.3358,0.8021,715.4269,0.0659,25.0000
FLD0420,2025-12-19,0.5455,0.6835,0.4457,1.2798,720.5555,0.0992,2.0000
FLD0427,2025-12-19,0.6281,0.8459,0.4893,1.6271,715.9655,0.0746,8.0000
FLD0446,2025-12-19,0.8750,0.6913,0.4959,1.5283,721.5911,0.0168,2.0000
FLD0453,2025-12-19,0.6636,0.5558,0.3639,0.7675,719.8572,,1.0000
FLD0459,2025-12-19,0.6818,0.6403,0.4440,1.4069,723.5174,0.1521,3.0000
FLD0466,2025-12-19,0.5333,0.7083,0.6014,2.7632,729.2195,0.0649,2.0000
FLD0053,2025-12-29,0.6889,0.5637,0.3166,1.0507,717.7991,0.1035,6.0000
FLD0059,2025-12-29,0.5314,0.8075,0.4763,1.3804,717.1151,0.0136,5.0000
FLD0079,2025-12-29,0.6024,0.5627,0.3491,0.9337,717.1774,0.0701,12.0000
FLD0130,2025-12-29,1.0000,0.6157,0.3651,0.9102,718.1779,0.0444,2.0000
FLD0139,2025-12-29,0.6429,0.6629,0.3934,1.3794,719.8765,,1.0000
FLD0141,2025-12-29,0.5714,0.8323,0.6064,2.7288,723.5511,,1.0000
FLD0152,2025-12-29,0.5124,0.5009,0.3210,0.6939,716.0411,0.0577,7.0000
FLD0175,2025-12-29,0.5429,0.6810,0.4010,1.0951,716.5425,0.0327,3.0000
FLD0177,2025-12-29,0.6341,0.3547,0.2095,0.5257,712.5942,0.1607,4.0000
FLD0178,2025-12-29,0.6429,0.3040,0.2013,0.2978,712.2950,,1.0000
FLD0188,2025-12-29,0.5657,0.6220,0.3625,1.0502,716.3059,0.0839,18.0000
FLD0189,2025-12-29,0.5000,0.6839,0.4182,1.2639,719.9512,,1.0000
FLD0190,2025-12-29,0.5862,0.8226,0.4874,1.5752,718.3905,0.2068,2.0000
FLD0193,2025-12-29,0.5880,0.4967,0.3112,0.6524,715.9376,0.0554,7.0000
FLD0196,2025-12-29,0.8571,0.5065,0.3556,0.9900,717.0547,0.0647,2.0000
FLD0197,2025-12-29,0.5819,0.5226,0.3242,0.7629,715.7119,0.1105,8.0000
FLD0198,2025-12-29,0.8000,0.2418,0.1450,0.3628,736.4036,,1.0000
FLD0207,2025-12-29,0.9231,0.5753,0.3603,1.0330,720.1437,0.0128,3.0000
FLD0209,2025-12-29,0.6500,0.6111,0.3732,1.1956,718.9793,0.1850,5.0000
FLD0214,2025-12-29,0.5000,0.6366,0.5226,2.0196,727.6392,,1.0000
FLD0220,2025-12-29,0.5556,0.6628,0.4203,1.4521,726.3302,,1.0000
FLD0221,2025-12-29,0.6667,0.4526,0.3168,0.8088,720.1651,,1.0000
FLD0222,2025-12-29,0.5789,0.8286,0.4554,1.4949,716.5420,0.0331,4.0000
FLD0223,2025-12-29,0.8182,0.6477,0.4431,1.7621,719.9565,,1.0000
FLD0230,2025-12-29,0.5455,0.3082,0.1356,0.3400,712.0569,,1.0000
FLD0231,2025-12-29,0.6871,0.7081,0.4032,1.0931,715.5939,0.0618,10.0000
FLD0238,2025-12-29,1.0000,0.2799,0.2693,0.7114,736.1332,,1.0000
FLD0247,2025-12-29,0.6453,0.5981,0.3581,0.8004,714.0039,0.0637,9.0000
FLD0253,2025-12-29,0.5730,0.5805,0.3421,0.9073,715.9561,0.1518,7.0000
FLD0256,2025-12-29,0.6222,0.3828,0.2382,0.5575,717.2905,0.0696,2.0000
FLD0257,2025-12-29,0.8519,0.5601,0.3378,0.7475,715.6231,0.0251,4.0000
FLD0258,2025-12-29,0.6250,0.6480,0.4637,1.8756,722.4953,0.2512,2.0000
FLD0259,2025-12-29,0.6655,0.5121,0.3135,0.8173,717.0608,0.1009,14.0000
FLD0266,2025-12-29,0.5849,0.5972,0.3572,1.0041,715.1741,0.1049,52.0000
FLD0289,2025-12-29,0.7143,0.5362,0.3452,0.7659,716.2436,0.0695,2.0000
FLD0304,2025-12-29,0.6087,0.7276,0.5712,2.7572,722.1474,0.1758,3.0000
FLD0318,2025-12-29,0.5351,0.6694,0.3783,1.2027,714.8076,0.1258,5.0000
FLD0325,2025-12-29,0.7436,0.6100,0.3494,0.8692,714.9923,0.1091,7.0000
FLD0338,2025-12-29,0.5106,0.5513,0.2915,0.6857,713.5542,0.1121,4.0000
FLD0339,2025-12-29,0.7434,0.6157,0.3358,0.7618,713.2937,0.0456,7.0000
FLD0348,2025-12-29,0.5285,0.3183,0.1989,0.3780,715.2697,0.0464,3.0000
FLD0353,2025-12-29,0.7383,0.4427,0.2695,0.6908,718.1988,0.1050,7.0000
FLD0356,2025-12-29,0.6069,0.4783,0.3023,0.6996,716.1900,0.0660,16.0000
FLD0357,2025-12-29,0.9054,0.4293,0.2727,0.5280,716.1178,0.0739,8.0000
FLD0358,2025-12-29,0.6296,0.3849,0.2323,0.5708,719.9157,0.0185,2.0000
FLD0359,2025-12-29,0.8889,0.4127,0.2968,0.9521,724.7014,0.1324,2.0000
FLD0360,2025-12-29,0.5556,0.3987,0.2551,0.7340,721.8020,0.1212,8.0000
FLD0366,2025-12-29,0.6774,0.6250,0.4638,1.7229,722.2785,0.1175,2.0000
FLD0374,2025-12-29,0.5721,0.4884,0.2802,0.6659,712.9197,0.0991,59.0000
FLD0375,2025-12-29,0.8000,0.5438,0.3552,0.8200,715.3669,0.0576,2.0000
FLD0377,2025-12-29,0.6932,0.3552,0.2112,0.3361,706.9921,,1.0000
FLD0379,2025-12-29,0.7209,0.5143,0.3120,0.7570,716.3533,0.0394,6.0000
FLD0382,2025-12-29,0.5655,0.6183,0.3753,1.0177,716.9175,0.0453,2.0000
FLD0383,2025-12-29,0.7175,0.5061,0.2906,0.6476,713.5902,0.0547,26.0000
FLD0391,2025-12-29,0.8537,0.4375,0.3060,0.5627,717.2719,,1.0000
FLD0404,2025-12-29,0.5238,0.7476,0.4851,1.5768,718.3758,0.0419,2.0000
FLD0423,2025-12-29,0.7333,0.8437,0.4685,1.3434,715.2503,,1.0000
FLD0426,2025-12-29,0.5524,0.7657,0.4381,1.3062,715.8267,0.0536,7.0000
FLD0427,2025-12-29,0.8182,0.6433,0.3801,1.0819,714.4647,0.1069,9.0000
FLD0446,2025-12-29,0.9688,0.6711,0.4265,1.1241,719.0184,0.0182,2.0000
FLD0458,2025-12-29,0.6000,0.8393,0.4480,1.1794,714.3848,0.0024,2.0000
FLD0459,2025-12-29,0.8182,0.6228,0.4449,1.5304,721.9911,0.1176,3.0000
FLD0466,2025-12-29,0.6667,0.7048,0.4664,1.6549,722.6492,0.1240,2.0000
FLD0003,2026-01-03,0.5122,0.7841,0.4257,1.1256,712.0943,0.0593,7.0000
FLD0051,2026-01-03,0.5556,0.5721,0.3388,0.9070,713.6459,0.0218,2.0000
FLD0053,2026-01-03,0.7111,0.5671,0.3209,0.8233,711.8373,0.0549,6.0000
FLD0076,2026-01-03,0.6000,0.8131,0.4643,1.2694,713.3927,,1.0000
FLD0079,2026-01-03,0.5538,0.6036,0.3563,0.8457,712.0305,0.0635,11.0000
FLD0118,2026-01-03,0.7295,0.5351,0.3606,0.8139,714.6719,0.0204,7.0000
FLD0124,2026-01-03,0.5436,0.6899,0.4050,1.0429,712.8286,0.0894,20.0000
FLD0129,2026-01-03,0.6923,0.7449,0.4231,1.2714,713.8098,0.1349,2.0000
FLD0130,2026-01-03,0.9231,0.5899,0.3392,0.7177,711.8741,0.0018,2.0000
FLD0139,2026-01-03,0.7143,0.6782,0.3836,1.0387,713.4388,,1.0000
FLD0141,2026-01-03,0.5714,0.8016,0.4937,1.7919,719.9043,,1.0000
FLD0152,2026-01-03,0.5435,0.6235,0.3719,0.8453,711.5130,0.0533,8.0000
FLD0175,2026-01-03,0.6816,0.7144,0.3995,1.0181,711.8128,0.0547,4.0000
FLD0177,2026-01-03,0.7073,0.3927,0.2294,0.5202,706.6489,0.1217,4.0000
FLD0178,2026-01-03,0.9286,0.4259,0.2481,0.4903,706.6826,0.0160,2.0000
FLD0182,2026-01-03,0.6772,0.6279,0.4018,0.9506,713.8095,0.0736,3.0000
FLD0188,2026-01-03,0.6108,0.6529,0.3628,0.9213,710.7864,0.0484,23.0000
FLD0189,2026-01-03,0.7000,0.8054,0.4402,1.1300,712.1307,0.0162,2.0000
FLD0196,2026-01-03,0.9571,0.5503,0.3531,0.8274,711.5582,0.0361,2.0000
FLD0198,2026-01-03,1.0000,0.3450,0.2093,0.4830,716.5906,,1.0000
FLD0207,2026-01-03,0.9231,0.6497,0.3836,1.0098,713.1211,0.0237,3.0000
FLD0209,2026-01-03,0.7500,0.6554,0.3559,0.9993,711.5115,0.1473,5.0000
FLD0214,2026-01-03,0.5000,0.8049,0.4768,1.5118,716.0533,,1.0000
FLD0220,2026-01-03,0.5556,0.7440,0.4146,1.1433,715.0861,,1.0000
FLD0221,2026-01-03,0.6667,0.5840,0.3453,0.9812,714.7162,,1.0000
FLD0222,2026-01-03,0.5263,0.8284,0.4364,1.1980,711.8743,0.0253,4.0000
FLD0223,2026-01-03,0.7273,0.6463,0.3704,0.9991,713.4664,,1.0000
FLD0230,2026-01-03,0.7273,0.3894,0.1831,0.4522,708.8160,,1.0000
FLD0231,2026-01-03,0.5497,0.7987,0.4092,1.0500,710.4823,0.0497,8.0000
FLD0238,2026-01-03,1.0000,0.3815,0.3282,0.9034,722.4100,,1.0000
FLD0247,2026-01-03,0.6469,0.6330,0.3559,0.7453,708.8999,0.0728,9.0000
FLD0250,2026-01-03,0.5290,0.4875,0.3200,0.5889,712.8202,0.0780,8.0000
FLD0251,2026-01-03,0.6691,0.4426,0.2815,0.5267,710.3523,0.0807,22.0000
FLD0252,2026-01-03,0.6842,0.4109,0.2815,0.4797,712.0508,0.0316,5.0000
FLD0253,2026-01-03,0.6000,0.5636,0.3175,0.7157,710.0448,0.1307,12.0000
FLD0256,2026-01-03,0.6296,0.3772,0.2403,0.4833,711.4220,0.0680,2.0000
FLD0257,2026-01-03,0.8889,0.5603,0.3144,0.6077,707.4354,0.0187,4.0000
FLD0258,2026-01-03,0.6250,0.6074,0.4050,1.2251,716.0228,0.1468,2.0000
FLD0259,2026-01-03,0.8169,0.4736,0.2838,0.6192,710.2301,0.0816,18.0000
FLD0266,2026-01-03,0.5576,0.6211,0.3576,0.8342,710.3424,0.0683,50.0000
FLD0284,2026-01-03,0.5798,0.8028,0.4067,1.0797,709.9885,0.0618,11.0000
FLD0289,2026-01-03,0.8095,0.5486,0.3445,0.6976,711.7590,0.0619,2.0000
FLD0325,2026-01-03,0.6410,0.6002,0.3313,0.7338,710.3880,0.0697,6.0000
FLD0334,2026-01-03,0.5271,0.3312,0.1718,0.2903,699.9773,0.0619,15.0000
FLD0338,2026-01-03,0.6667,0.4957,0.2653,0.5106,706.5004,0.1374,6.0000
FLD0339,2026-01-03,0.8158,0.5165,0.2920,0.5118,705.3209,0.0864,8.0000
FLD0340,2026-01-03,0.5857,0.4437,0.2598,0.5175,708.2369,0.1140,4.0000
FLD0341,2026-01-03,0.5164,0.5384,0.2951,0.6416,709.8239,0.0856,3.0000
FLD0345,2026-01-03,0.5024,0.6806,0.4070,0.9435,713.9398,0.0574,10.0000
FLD0348,2026-01-03,0.5041,0.2846,0.1856,0.2706,705.3755,0.0504,4.0000
FLD0353,2026-01-03,0.8972,0.4364,0.2696,0.6190,715.0051,0.1020,10.0000
FLD0354,2026-01-03,0.5769,0.4044,0.2467,0.5604,715.0552,0.1238,12.0000
FLD0356,2026-01-03,0.7393,0.4152,0.2628,0.5222,709.8518,0.0927,21.0000
FLD0357,2026-01-03,0.9595,0.4201,0.2605,0.4715,709.0269,0.0516,8.0000
FLD0358,2026-01-03,0.8148,0.3165,0.2189,0.4026,715.2106,0.0479,5.0000
FLD0359,2026-01-03,0.9444,0.3990,0.2839,0.6847,722.0744,0.0617,3.0000
FLD0360,2026-01-03,0.6111,0.3873,0.2444,0.5151,712.5611,0.1300,11.0000
FLD0361,2026-01-03,0.6400,0.3992,0.2552,0.5835,714.7088,0.1501,5.0000
FLD0366,2026-01-03,0.6774,0.6658,0.4319,1.2564,717.2938,0.0733,2.0000
FLD0374,2026-01-03,0.6106,0.4325,0.2524,0.4956,707.3726,0.0875,71.0000
FLD0375,2026-01-03,1.0000,0.5077,0.3016,0.5851,709.5635,0.0614,3.0000
FLD0377,2026-01-03,0.8295,0.2690,0.1820,0.2695,708.8786,0.0650,5.0000
FLD0378,2026-01-03,0.6358,0.3109,0.1981,0.3605,708.9027,0.1002,6.0000
FLD0379,2026-01-03,0.9070,0.4267,0.2661,0.4830,708.6760,0.0861,8.0000
FLD0382,2026-01-03,0.7560,0.5470,0.3069,0.6620,709.0463,0.0375,5.0000
FLD0383,2026-01-03,0.7938,0.4465,0.2609,0.4864,707.2695,0.0759,29.0000
FLD0391,2026-01-03,0.8537,0.4170,0.2960,0.4966,712.5844,,1.0000
FLD0392,2026-01-03,0.5257,0.6401,0.3576,0.8433,710.2121,0.0620,17.0000
FLD0398,2026-01-03,0.6498,0.5463,0.3510,0.7051,712.6831,0.0866,9.0000
FLD0406,2026-01-03,0.7436,0.7661,0.4395,1.2287,715.0299,0.0227,2.0000
FLD0426,2026-01-03,0.5105,0.7942,0.4177,1.0786,710.4095,0.0242,6.0000
FLD0427,2026-01-03,0.8017,0.6994,0.3860,0.9558,710.1593,0.0758,9.0000
FLD0446,2026-01-03,0.9375,0.7600,0.4259,1.0905,712.7003,0.0093,2.0000
FLD0459,2026-01-03,0.8636,0.6482,0.4149,1.1102,716.7331,0.0174,3.0000
FLD0466,2026-01-03,0.7333,0.7391,0.4481,1.3534,715.1546,0.0957,3.0000
FLD0053,2026-01-05,0.7333,0.5784,0.3594,1.1185,716.2859,0.0720,6.0000
FLD0079,2026-01-05,0.5112,0.6370,0.3909,1.0771,715.3443,0.0712,11.0000
FLD0118,2026-01-05,0.7213,0.5439,0.3744,0.9435,716.8165,0.0191,7.0000
FLD0129,2026-01-05,0.5385,0.6539,0.4237,1.3376,719.2500,0.1766,2.0000
FLD0130,2026-01-05,1.0000,0.6447,0.3785,0.9064,715.4778,0.0553,2.0000
FLD0139,2026-01-05,0.5714,0.7220,0.4607,1.5962,718.5795,,1.0000
FLD0141,2026-01-05,0.5714,0.8400,0.5302,2.1504,719.1464,,1.0000
FLD0152,2026-01-05,0.5280,0.6390,0.3796,0.9314,713.5651,0.0453,7.0000
FLD0177,2026-01-05,0.5976,0.4071,0.2437,0.6154,708.0818,0.1815,3.0000
FLD0178,2026-01-05,0.6429,0.4170,0.2334,0.5369,710.3554,,1.0000
FLD0182,2026-01-05,0.8038,0.5622,0.3819,0.9483,716.5291,0.1392,3.0000
FLD0188,2026-01-05,0.5895,0.6301,0.3636,0.9690,713.1610,0.0529,21.0000
FLD0189,2026-01-05,0.7000,0.7048,0.4107,1.0809,714.2157,0.0143,2.0000
FLD0196,2026-01-05,0.9000,0.5464,0.3573,0.9892,713.2375,0.0287,2.0000
FLD0198,2026-01-05,0.8000,0.4407,0.2410,0.5433,713.5713,,1.0000
FLD0207,2026-01-05,0.9231,0.6861,0.4013,1.1446,715.5591,0.0123,3.0000
FLD0209,2026-01-05,0.6000,0.6262,0.3287,0.8794,711.5317,0.0742,3.0000
FLD0214,2026-01-05,0.5000,0.7550,0.5674,2.1590,721.0659,,1.0000
FLD0221,2026-01-05,0.6667,0.5116,0.3397,0.9215,717.5556,,1.0000
FLD0223,2026-01-05,0.7273,0.6172,0.3884,1.1151,717.9384,,1.0000
FLD0230,2026-01-05,0.6364,0.3313,0.1626,0.4312,709.1779,,1.0000
FLD0238,2026-01-05,1.0000,0.3023,0.3053,0.9086,733.9040,,1.0000
FLD0247,2026-01-05,0.6297,0.6608,0.3782,0.8779,711.9488,0.0674,9.0000
FLD0251,2026-01-05,0.5917,0.4379,0.2795,0.5532,711.9998,0.0946,18.0000
FLD0252,2026-01-05,0.6603,0.4016,0.2828,0.5027,714.1203,0.0438,5.0000
FLD0253,2026-01-05,0.5892,0.6184,0.3640,0.9986,713.6111,0.1652,10.0000
FLD0256,2026-01-05,0.5037,0.4094,0.2588,0.5853,715.1798,0.0965,2.0000
FLD0257,2026-01-05,0.8333,0.5618,0.3300,0.7384,711.0255,0.0166,4.0000
FLD0258,2026-01-05,0.6250,0.6860,0.4093,1.2654,718.3769,,1.0000
FLD0259,2026-01-05,0.7254,0.4899,0.3049,0.7569,714.0376,0.0866,16.0000
FLD0266,2026-01-05,0.5143,0.6323,0.3687,0.9287,713.0121,0.0714,48.0000
FLD0325,2026-01-05,0.5641,0.5671,0.3346,0.8451,713.8814,0.0818,5.0000
FLD0330,2026-01-05,0.6216,0.5781,0.3400,0.9278,713.9554,0.0949,5.0000
FLD0334,2026-01-05,0.5194,0.3440,0.1757,0.3749,704.7135,0.0855,17.0000
FLD0338,2026-01-05,0.5035,0.5599,0.3098,0.6715,710.1850,0.1501,6.0000
FLD0339,2026-01-05,0.7500,0.5856,0.3252,0.6765,710.6621,0.0362,7.0000
FLD0341,2026-01-05,0.5164,0.5323,0.2793,0.7320,711.5701,0.1039,2.0000
FLD0348,2026-01-05,0.5285,0.3196,0.1963,0.3591,710.4348,0.0442,4.0000
FLD0353,2026-01-05,0.7570,0.4372,0.2705,0.6400,715.5408,0.0983,7.0000
FLD0354,2026-01-05,0.5641,0.4274,0.2610,0.6844,719.1692,0.1049,11.0000
FLD0356,2026-01-05,0.6660,0.4568,0.2847,0.6434,713.2274,0.0957,19.0000
FLD0357,2026-01-05,0.8919,0.4527,0.2658,0.5022,709.0775,0.0755,7.0000
FLD0358,2026-01-05,0.7037,0.3551,0.2465,0.5403,720.8922,0.0879,5.0000
FLD0359,2026-01-05,0.9444,0.4316,0.3037,0.7726,721.9612,0.1259,3.0000
FLD0360,2026-01-05,0.5444,0.4661,0.2996,0.7657,715.9133,0.1619,8.0000
FLD0361,2026-01-05,0.5467,0.4798,0.3060,0.7907,713.3380,0.1014,3.0000
FLD0366,2026-01-05,0.6452,0.6672,0.4581,1.6144,720.1295,0.0911,2.0000
FLD0374,2026-01-05,0.5116,0.4840,0.2793,0.5878,709.2684,0.0755,55.0000
FLD0375,2026-01-05,1.0000,0.5059,0.3134,0.6610,715.7424,0.0432,3.0000
FLD0377,2026-01-05,0.7841,0.3056,0.2032,0.3271,708.3196,0.0782,3.0000
FLD0379,2026-01-05,0.7674,0.5477,0.3255,0.6964,711.0288,0.0507,7.0000
FLD0382,2026-01-05,0.7143,0.5285,0.3140,0.7403,712.9257,0.0326,3.0000
FLD0383,2026-01-05,0.7443,0.4696,0.2712,0.5646,709.8733,0.0852,26.0000
FLD0391,2026-01-05,0.8537,0.4518,0.3123,0.5768,714.7683,,1.0000
FLD0392,2026-01-05,0.5374,0.6520,0.3710,0.9528,712.8116,0.0616,14.0000
FLD0398,2026-01-05,0.8157,0.5515,0.3382,0.7080,713.1200,0.0874,12.0000
FLD0402,2026-01-05,0.5370,0.6872,0.4004,1.2575,715.6604,0.0876,7.0000
FLD0404,2026-01-05,0.7143,0.8326,0.4559,1.4147,715.2025,0.0240,2.0000
FLD0406,2026-01-05,0.7949,0.7481,0.4357,1.4307,715.7124,0.0194,2.0000
FLD0427,2026-01-05,0.7603,0.7922,0.4336,1.2843,714.1009,0.0909,9.0000
FLD0446,2026-01-05,0.8438,0.7756,0.4758,1.3850,715.5449,0.0067,2.0000
FLD0459,2026-01-05,0.7727,0.7134,0.4565,1.2776,718.6723,0.0482,3.0000
FLD0466,2026-01-05,0.6000,0.7352,0.4832,1.6152,719.2482,0.1051,2.0000
FLD0053,2026-01-08,0.6000,0.4784,0.3123,1.0298,723.9230,0.1287,5.0000
FLD0079,2026-01-08,0.5314,0.5840,0.3778,1.1111,718.7345,0.0868,11.0000
FLD0093,2026-01-08,0.5063,0.5381,0.3903,1.1759,720.9902,0.0866,7.0000
FLD0118,2026-01-08,0.6639,0.4748,0.3449,0.7602,720.1320,0.0270,7.0000
FLD0130,2026-01-08,0.9231,0.5707,0.3193,0.6996,717.0361,0.0205,2.0000
FLD0139,2026-01-08,0.5000,0.5691,0.3007,0.7650,714.0673,,1.0000
FLD0141,2026-01-08,0.5714,0.7987,0.5875,2.8364,722.0365,,1.0000
FLD0182,2026-01-08,0.7785,0.5039,0.3613,0.8347,719.3375,0.0945,2.0000
FLD0184,2026-01-08,0.6970,0.6254,0.4019,1.0875,718.2794,0.1002,5.0000
FLD0188,2026-01-08,0.5044,0.5660,0.3464,0.9143,716.5588,0.0810,17.0000
FLD0189,2026-01-08,0.5000,0.6714,0.3984,1.1471,718.5908,,1.0000
FLD0190,2026-01-08,0.6207,0.6984,0.4195,1.1847,717.7647,0.0762,3.0000
FLD0196,2026-01-08,0.9000,0.4962,0.3636,1.1361,718.9940,0.0331,2.0000
FLD0207,2026-01-08,0.8462,0.5889,0.3613,1.0628,718.7827,0.0278,3.0000
FLD0214,2026-01-08,0.5000,0.7634,0.5874,2.3205,720.8846,,1.0000
FLD0221,2026-01-08,0.6667,0.4585,0.3534,0.7954,718.8653,,1.0000
FLD0223,2026-01-08,0.7273,0.5755,0.3995,1.1562,719.5152,,1.0000
FLD0230,2026-01-08,0.6364,0.2805,0.1164,0.2931,717.8903,,1.0000
FLD0238,2026-01-08,1.0000,0.2251,0.2344,0.6812,740.5053,,1.0000
FLD0247,2026-01-08,0.6281,0.6046,0.3675,0.8414,714.8028,0.0911,9.0000
FLD0252,2026-01-08,0.6364,0.3618,0.2682,0.4628,717.7311,0.0514,5.0000
FLD0257,2026-01-08,0.7963,0.6306,0.3582,0.8207,712.6855,0.0638,4.0000
FLD0259,2026-01-08,0.5423,0.5339,0.3522,0.9095,719.5452,0.0793,11.0000
FLD0325,2026-01-08,0.7179,0.5979,0.3577,0.9138,717.9065,0.1221,7.0000
FLD0339,2026-01-08,0.7105,0.6709,0.3815,0.8865,715.0622,0.0534,6.0000
FLD0353,2026-01-08,0.6168,0.4425,0.2790,0.7047,718.5401,0.1305,4.0000
FLD0356,2026-01-08,0.5438,0.4962,0.3265,0.7846,717.0314,0.0993,16.0000
FLD0357,2026-01-08,0.9189,0.4589,0.2815,0.5627,716.1334,0.0883,8.0000
FLD0358,2026-01-08,0.5926,0.3689,0.2146,0.5732,718.6304,0.1055,4.0000
FLD0359,2026-01-08,0.6111,0.3538,0.2857,0.8622,730.8526,,1.0000
FLD0366,2026-01-08,0.5161,0.6099,0.4965,2.0166,725.4159,,1.0000
FLD0374,2026-01-08,0.5050,0.4861,0.2824,0.6148,713.0830,0.0778,49.0000
FLD0375,2026-01-08,0.8000,0.5151,0.3338,0.6369,718.0792,0.0169,2.0000
FLD0377,2026-01-08,0.7727,0.3108,0.1901,0.3342,714.2038,0.0949,3.0000
FLD0379,2026-01-08,0.6744,0.5432,0.3534,0.9030,720.1136,0.0703,7.0000
FLD0382,2026-01-08,0.5119,0.6103,0.3848,1.0771,717.0912,0.0153,2.0000
FLD0383,2026-01-08,0.6598,0.4952,0.2902,0.6317,713.9205,0.0552,26.0000
FLD0391,2026-01-08,0.8455,0.3867,0.2782,0.4701,717.9764,,1.0000
FLD0392,2026-01-08,0.6916,0.5496,0.3355,0.8309,715.6853,0.0733,18.0000
FLD0398,2026-01-08,0.5300,0.5521,0.3628,0.7779,719.4131,0.1337,7.0000
FLD0404,2026-01-08,0.5238,0.7689,0.4962,1.6914,719.9007,0.0344,2.0000
FLD0427,2026-01-08,0.8099,0.7009,0.4235,1.2547,717.2802,0.0948,9.0000
FLD0446,2026-01-08,0.9375,0.7145,0.4649,1.4790,720.1240,0.0183,2.0000
FLD0459,2026-01-08,0.6818,0.5786,0.4292,1.3426,727.2639,0.1220,3.0000
FLD0466,2026-01-08,0.6000,0.6243,0.4681,1.6482,725.2673,0.1185,2.0000
FLD0003,2026-01-13,0.5610,0.7188,0.4021,1.0382,712.0831,0.0757,7.0000
FLD0053,2026-01-13,0.7111,0.4700,0.3066,0.8879,717.3998,0.1098,6.0000
FLD0059,2026-01-13,0.5894,0.7342,0.4309,1.0132,712.3619,0.0256,5.0000
FLD0076,2026-01-13,0.6667,0.7416,0.4226,1.0255,711.7611,,1.0000
FLD0079,2026-01-13,0.5517,0.5808,0.3617,0.8897,712.6305,0.0672,12.0000
FLD0093,2026-01-13,0.6569,0.4612,0.3441,0.8384,715.2823,0.0576,8.0000
FLD0095,2026-01-13,0.6647,0.4878,0.3253,0.6763,712.8140,0.0752,7.0000
FLD0118,2026-01-13,0.6721,0.4370,0.3256,0.7125,714.5368,0.0357,7.0000
FLD0129,2026-01-13,0.6154,0.6045,0.3704,1.0248,717.4479,0.2018,2.0000
FLD0130,2026-01-13,0.9231,0.4622,0.2923,0.5446,714.4756,0.0199,2.0000
FLD0139,2026-01-13,0.6429,0.5375,0.3315,0.9477,716.0669,,1.0000
FLD0141,2026-01-13,0.5714,0.7589,0.5295,2.0862,719.6673,,1.0000
FLD0149,2026-01-13,0.5244,0.6125,0.3755,0.8692,712.8118,0.0899,6.0000
FLD0151,2026-01-13,0.5265,0.6981,0.3941,1.1381,712.7632,0.0557,7.0000
FLD0152,2026-01-13,0.5124,0.4958,0.3207,0.6758,711.1028,0.0467,6.0000
FLD0168,2026-01-13,0.5622,0.5010,0.3345,0.9360,712.5387,0.1098,11.0000
FLD0169,2026-01-13,1.0000,0.5299,0.3197,0.8388,709.8532,,1.0000
FLD0174,2026-01-13,0.6296,0.5063,0.3837,1.0220,718.8085,0.1137,3.0000
FLD0175,2026-01-13,0.6041,0.6484,0.3788,0.9438,711.6877,0.0358,3.0000
FLD0177,2026-01-13,0.5793,0.3385,0.2142,0.4521,705.6061,0.1319,4.0000
FLD0178,2026-01-13,0.5714,0.3042,0.1734,0.2815,703.4931,,1.0000
FLD0182,2026-01-13,0.8291,0.4766,0.3399,0.7165,713.9055,0.1382,3.0000
FLD0184,2026-01-13,0.8030,0.6883,0.4043,1.0134,711.8343,0.0706,5.0000
FLD0188,2026-01-13,0.6295,0.5664,0.3277,0.8182,709.4355,0.0650,25.0000
FLD0189,2026-01-13,0.7000,0.6719,0.4152,1.0345,714.4964,0.0141,2.0000
FLD0190,2026-01-13,0.6724,0.6214,0.3653,0.8477,712.8327,0.0492,4.0000
FLD0193,2026-01-13,0.5094,0.5671,0.3252,0.7667,709.8744,0.0849,8.0000
FLD0194,2026-01-13,0.5211,0.7126,0.4145,1.3136,713.3612,0.0978,3.0000
FLD0196,2026-01-13,0.8143,0.4520,0.3292,0.8287,712.4679,0.0481,2.0000
FLD0198,2026-01-13,0.8000,0.1802,0.1270,0.2531,721.6636,,1.0000
FLD0207,2026-01-13,1.0000,0.6143,0.3451,0.8676,713.1053,0.0477,4.0000
FLD0209,2026-01-13,0.7500,0.5345,0.3237,0.8731,713.1974,0.1587,5.0000
FLD0214,2026-01-13,0.5000,0.7083,0.5002,1.7045,721.8281,,1.0000
FLD0217,2026-01-13,0.7931,0.4638,0.3210,0.6133,715.4608,0.0521,3.0000
FLD0221,2026-01-13,0.6667,0.4703,0.2931,0.6009,711.8721,,1.0000
FLD0222,2026-01-13,0.6316,0.7815,0.4263,1.1661,712.3696,0.0282,5.0000
FLD0223,2026-01-13,0.9091,0.6119,0.4023,1.1839,714.9932,,1.0000
FLD0226,2026-01-13,0.5467,0.6055,0.3460,0.7124,710.0066,0.0990,4.0000
FLD0231,2026-01-13,0.5965,0.7218,0.4077,1.0207,711.4952,0.0607,9.0000
FLD0238,2026-01-13,1.0000,0.3151,0.2730,0.7105,727.6211,,1.0000
FLD0245,2026-01-13,0.6154,0.9116,0.4593,1.1626,709.2504,0.0060,2.0000
FLD0247,2026-01-13,0.7156,0.5544,0.3463,0.7131,710.2702,0.0623,12.0000
FLD0251,2026-01-13,0.6132,0.4130,0.2742,0.5599,709.9034,0.0968,21.0000
FLD0252,2026-01-13,0.6794,0.3289,0.2515,0.4193,711.2485,0.0358,5.0000
FLD0256,2026-01-13,0.5630,0.3418,0.2398,0.4593,711.9119,0.0823,2.0000
FLD0257,2026-01-13,0.8519,0.5390,0.3220,0.6374,708.6778,0.0342,4.0000
FLD0259,2026-01-13,0.6690,0.4330,0.2888,0.6409,712.8184,0.0799,14.0000
FLD0266,2026-01-13,0.5588,0.5308,0.3330,0.8000,710.9092,0.0920,52.0000
FLD0312,2026-01-13,0.5361,0.6336,0.3961,0.9159,714.0463,,1.0000
FLD0314,2026-01-13,0.5294,0.8570,0.4573,1.2720,711.5711,0.0826,4.0000
FLD0318,2026-01-13,0.5135,0.5877,0.3212,0.7297,708.2047,0.0691,5.0000
FLD0325,2026-01-13,0.7949,0.5342,0.3237,0.7180,711.9089,0.0668,6.0000
FLD0330,2026-01-13,0.5495,0.5184,0.3228,0.8753,712.3646,0.1116,4.0000
FLD0338,2026-01-13,0.5248,0.5079,0.2879,0.5588,707.2923,0.0950,4.0000
FLD0339,2026-01-13,0.8224,0.5442,0.3059,0.5625,705.7626,0.0301,7.0000
FLD0340,2026-01-13,0.7000,0.4294,0.2655,0.5863,711.0158,0.1217,4.0000
FLD0345,2026-01-13,0.5435,0.6105,0.3868,0.8920,714.4004,0.0497,10.0000
FLD0348,2026-01-13,0.5610,0.2982,0.2004,0.3535,709.2534,0.1003,4.0000
FLD0353,2026-01-13,0.8224,0.3662,0.2417,0.5360,713.7265,0.1022,9.0000
FLD0356,2026-01-13,0.7454,0.3933,0.2636,0.4904,710.5564,0.0517,19.0000
FLD0357,2026-01-13,0.8649,0.3656,0.2451,0.4006,708.4944,0.0644,8.0000
FLD0358,2026-01-13,0.7407,0.2889,0.2072,0.4346,717.2483,0.0127,3.0000
FLD0359,2026-01-13,0.8889,0.2774,0.2507,0.6128,723.3290,0.1110,3.0000
FLD0360,2026-01-13,0.6000,0.3517,0.2412,0.5710,714.9134,0.0949,9.0000
FLD0361,2026-01-13,0.5600,0.3352,0.2454,0.5783,715.1574,0.0840,4.0000
FLD0366,2026-01-13,0.6452,0.5695,0.4426,1.4461,718.6898,,1.0000
FLD0374,2026-01-13,0.5600,0.4087,0.2471,0.4928,707.5503,0.0882,59.0000
FLD0375,2026-01-13,0.9000,0.4979,0.3025,0.5926,709.8564,0.0560,2.0000
FLD0377,2026-01-13,0.7159,0.2825,0.1953,0.2987,706.1716,0.1206,2.0000
FLD0378,2026-01-13,0.5031,0.3198,0.2026,0.4039,710.3618,0.0857,5.0000
FLD0379,2026-01-13,0.7442,0.4712,0.3108,0.6412,710.2345,0.0404,7.0000
FLD0382,2026-01-13,0.6786,0.5065,0.3002,0.6577,710.7159,0.0530,3.0000
FLD0383,2026-01-13,0.7113,0.4141,0.2501,0.4687,708.2672,0.0436,22.0000
FLD0390,2026-01-13,0.5570,0.4406,0.3065,0.6268,713.2799,0.1198,6.0000
FLD0391,2026-01-13,0.8537,0.3683,0.2768,0.4465,713.1773,,1.0000
FLD0392,2026-01-13,0.7453,0.5117,0.3088,0.6764,710.0357,0.0809,22.0000
FLD0404,2026-01-13,0.7143,0.8140,0.4465,1.2625,712.8349,0.0289,2.0000
FLD0406,2026-01-13,0.5641,0.7567,0.4497,1.2342,713.1549,0.0346,2.0000
FLD0423,2026-01-13,0.6333,0.8265,0.4764,1.3087,713.3635,,1.0000
FLD0426,2026-01-13,0.5734,0.7354,0.4139,1.1312,712.0384,0.0304,7.0000
FLD0427,2026-01-13,0.8182,0.6687,0.3893,0.9832,711.9114,0.0711,9.0000
FLD0439,2026-01-13,0.5210,0.4466,0.3111,0.6468,714.5712,0.1115,4.0000
FLD0459,2026-01-13,0.8182,0.6258,0.4185,1.2494,717.8224,0.0601,3.0000
FLD0466,2026-01-13,0.6667,0.6596,0.4534,1.4114,717.5157,0.0531,2.0000
FLD0003,2026-01-18,0.5854,0.7414,0.4522,1.3907,718.4661,0.0837,7.0000
FLD0005,2026-01-18,0.5085,0.6916,0.4180,1.0636,718.6963,0.0289,2.0000
FLD0038,2026-01-18,0.5546,0.7730,0.4715,1.5523,718.9049,0.0631,14.0000
FLD0053,2026-01-18,0.6000,0.5037,0.3344,1.1511,724.8325,0.1019,4.0000
FLD0056,2026-01-18,0.6260,0.7002,0.4285,1.1922,716.8422,0.0711,6.0000
FLD0059,2026-01-18,0.5990,0.7340,0.4519,1.2415,717.5056,0.0245,5.0000
FLD0076,2026-01-18,0.6000,0.7701,0.4674,1.3348,717.5796,,1.0000
FLD0079,2026-01-18,0.5132,0.6016,0.3831,1.0571,718.5053,0.0668,10.0000
FLD0093,2026-01-18,0.6485,0.5510,0.3814,1.1911,720.3922,0.0759,8.0000
FLD0095,2026-01-18,0.6616,0.5229,0.3416,0.8585,718.9972,0.0938,7.0000
FLD0102,2026-01-18,0.5000,0.7770,0.4878,1.7096,719.8767,,
FLD0127,2026-01-18,0.6232,0.6339,0.3753,1.1109,717.2014,0.0832,4.0000
FLD0129,2026-01-18,0.6923,0.6614,0.4313,1.3979,719.7263,0.1777,2.0000
FLD0130,2026-01-18,1.0000,0.5403,0.3378,0.7977,716.7931,0.0642,2.0000
FLD0137,2026-01-18,0.5094,0.7114,0.4401,1.3726,716.9000,0.0477,4.0000
FLD0139,2026-01-18,0.7857,0.6235,0.3829,1.2748,721.7623,,1.0000
FLD0141,2026-01-18,0.5714,0.7918,0.5532,1.8193,718.6100,,1.0000
FLD0149,2026-01-18,0.6762,0.5555,0.3513,0.8903,716.1304,0.0892,9.0000
FLD0151,2026-01-18,0.5850,0.7084,0.4302,1.4396,718.7476,0.0725,7.0000
FLD0152,2026-01-18,0.5683,0.5258,0.3416,0.8834,718.5646,0.0398,6.0000
FLD0159,2026-01-18,0.6845,0.6967,0.3907,1.1798,715.7043,0.0645,6.0000
FLD0168,2026-01-18,0.6060,0.5224,0.3428,1.1445,717.2983,0.1124,11.0000
FLD0169,2026-01-18,1.0000,0.4684,0.2847,0.6938,714.5173,,1.0000
FLD0175,2026-01-18,0.6204,0.6422,0.3943,1.1480,717.4303,0.0641,5.0000
FLD0177,2026-01-18,0.6585,0.3472,0.2076,0.5360,712.0211,0.1566,4.0000
FLD0178,2026-01-18,0.6429,0.3823,0.2040,0.4487,709.3607,0.0106,2.0000
FLD0182,2026-01-18,0.8608,0.4885,0.3520,0.8856,719.4772,0.1526,4.0000
FLD0188,2026-01-18,0.6796,0.5825,0.3489,1.0260,716.3330,0.0748,25.0000
FLD0189,2026-01-18,0.7000,0.6480,0.3992,1.1674,720.5325,0.0533,2.0000
FLD0190,2026-01-18,0.6207,0.6616,0.4186,1.1812,719.7364,0.0658,3.0000
FLD0193,2026-01-18,0.5468,0.6155,0.3499,1.0765,716.5355,0.0910,9.0000
FLD0196,2026-01-18,0.9286,0.4914,0.3534,1.0095,717.4522,0.0193,2.0000
FLD0198,2026-01-18,1.0000,0.2433,0.2009,0.5134,731.1084,,1.0000
FLD0207,2026-01-18,1.0000,0.6041,0.3618,1.0920,719.8651,0.0489,4.0000
FLD0209,2026-01-18,0.8500,0.5815,0.3470,1.0952,718.0990,0.1469,5.0000
FLD0214,2026-01-18,0.5000,0.7916,0.5483,2.1994,722.6209,,1.0000
FLD0217,2026-01-18,0.7586,0.4467,0.3112,0.5832,716.7698,0.0477,3.0000
FLD0221,2026-01-18,0.6667,0.4940,0.3738,0.8325,714.8059,,1.0000
FLD0222,2026-01-18,0.7105,0.7842,0.4536,1.4509,717.0977,0.0235,6.0000
FLD0223,2026-01-18,0.9091,0.6291,0.4575,1.6144,720.3880,,1.0000
FLD0230,2026-01-18,0.5455,0.3614,0.1941,0.4284,710.7895,,1.0000
FLD0231,2026-01-18,0.6170,0.7178,0.4264,1.2469,717.2759,0.0810,9.0000
FLD0235,2026-01-18,0.5349,0.4760,0.2876,0.9264,713.5691,0.1463,2.0000
FLD0238,2026-01-18,1.0000,0.2486,0.2595,0.6642,740.3851,,1.0000
FLD0245,2026-01-18,0.5385,0.8620,0.4754,1.4218,715.6231,0.0039,2.0000
FLD0247,2026-01-18,0.7422,0.5487,0.3490,0.8196,715.9345,0.0658,13.0000
FLD0251,2026-01-18,0.6189,0.4580,0.2913,0.6781,716.0073,0.0972,23.0000
FLD0252,2026-01-18,0.6555,0.3772,0.2749,0.5089,716.7056,0.0471,5.0000
FLD0253,2026-01-18,0.5838,0.6469,0.3766,1.2904,716.5444,0.1843,9.0000
FLD0254,2026-01-18,0.6120,0.6190,0.3849,0.8964,716.3419,0.0862,6.0000
FLD0256,2026-01-18,0.6222,0.3957,0.2388,0.5384,714.5291,0.1046,3.0000
FLD0257,2026-01-18,0.8889,0.5246,0.2983,0.6345,712.2295,0.0198,3.0000
FLD0258,2026-01-18,0.7500,0.6418,0.3643,1.0174,718.0394,0.2016,2.0000
FLD0259,2026-01-18,0.7289,0.4696,0.2914,0.7434,717.5348,0.0813,16.0000
FLD0266,2026-01-18,0.5487,0.5551,0.3413,0.8937,716.0738,0.0785,51.0000
FLD0312,2026-01-18,0.5258,0.6592,0.4235,1.1640,720.9194,,1.0000
FLD0318,2026-01-18,0.5108,0.5947,0.3361,0.8936,714.8886,0.0813,5.0000
FLD0325,2026-01-18,0.8205,0.5428,0.3334,0.8082,717.7292,0.0885,7.0000
FLD0330,2026-01-18,0.5405,0.6280,0.3602,1.0895,716.5995,0.1126,4.0000
FLD0334,2026-01-18,0.5426,0.3168,0.1584,0.3544,705.6654,0.0747,17.0000
FLD0336,2026-01-18,0.7217,0.6534,0.4046,1.1008,718.2002,0.0826,5.0000
FLD0338,2026-01-18,0.5816,0.5536,0.3103,0.8034,715.0110,0.1619,6.0000
FLD0339,2026-01-18,0.8421,0.5695,0.3239,0.7184,713.3989,0.0346,7.0000
FLD0340,2026-01-18,0.6857,0.4136,0.2649,0.6914,717.4499,0.1401,4.0000
FLD0345,2026-01-18,0.6377,0.6411,0.3964,1.0811,718.3604,0.0727,11.0000
FLD0348,2026-01-18,0.6016,0.2832,0.1752,0.3416,712.1674,0.0639,3.0000
FLD0353,2026-01-18,0.7850,0.4129,0.2686,0.6618,718.2921,0.1211,7.0000
FLD0356,2026-01-18,0.7699,0.4189,0.2762,0.6002,716.8637,0.0883,22.0000
FLD0357,2026-01-18,0.9189,0.3955,0.2529,0.4886,716.0624,0.0635,8.0000
FLD0358,2026-01-18,0.6667,0.3718,0.2302,0.5952,719.0779,0.0266,2.0000
FLD0359,2026-01-18,0.9444,0.3722,0.2709,0.8247,727.4540,0.1476,3.0000
FLD0360,2026-01-18,0.5889,0.3993,0.2636,0.8043,722.0116,0.1369,9.0000
FLD0361,2026-01-18,0.5467,0.4198,0.2830,0.7808,719.7977,0.1306,5.0000
FLD0374,2026-01-18,0.6040,0.4561,0.2698,0.6574,713.2448,0.0908,62.0000
FLD0375,2026-01-18,1.0000,0.5069,0.3250,0.6836,717.0299,0.0379,3.0000
FLD0377,2026-01-18,0.6932,0.3294,0.2000,0.3409,708.7669,,1.0000
FLD0378,2026-01-18,0.5247,0.3924,0.2258,0.6212,718.5426,0.1498,4.0000
FLD0379,2026-01-18,0.6744,0.5093,0.3185,0.7460,716.0498,0.0270,6.0000
FLD0381,2026-01-18,0.5521,0.6765,0.4055,1.2203,716.3779,0.1047,11.0000
FLD0382,2026-01-18,0.6548,0.5521,0.3331,0.8631,715.9660,0.0303,4.0000
FLD0383,2026-01-18,0.6701,0.4390,0.2596,0.5798,714.0998,0.0439,21.0000
FLD0391,2026-01-18,0.8455,0.3914,0.2873,0.5393,717.7037,,1.0000
FLD0392,2026-01-18,0.7944,0.5263,0.3269,0.8312,716.7604,0.0723,24.0000
FLD0397,2026-01-18,0.5155,0.6750,0.3982,1.3152,715.8620,0.0733,3.0000
FLD0398,2026-01-18,0.7465,0.5841,0.3522,0.8988,717.6561,0.0953,9.0000
FLD0399,2026-01-18,0.5000,0.7456,0.4463,1.4746,717.6260,0.0742,4.0000
FLD0402,2026-01-18,0.6759,0.6372,0.3809,1.2396,718.3427,0.1262,11.0000
FLD0404,2026-01-18,1.0000,0.7745,0.4534,1.4572,717.2788,0.0392,2.0000
FLD0405,2026-01-18,0.5000,0.7101,0.4602,1.8121,721.7945,0.1157,2.0000
FLD0406,2026-01-18,1.0000,0.6352,0.4019,1.2288,725.1991,0.0316,2.0000
FLD0423,2026-01-18,0.7333,0.8539,0.4845,1.5653,717.3175,,1.0000
FLD0427,2026-01-18,0.8347,0.7702,0.4566,1.5093,718.5184,0.0798,9.0000
FLD0458,2026-01-18,0.5000,0.9006,0.4401,1.1072,712.2283,,1.0000
FLD0459,2026-01-18,0.8182,0.5628,0.3767,1.1121,724.7208,0.1225,3.0000
FLD0466,2026-01-18,0.7333,0.6375,0.4786,1.6841,725.2270,0.0367,3.0000
FLD0005,2026-01-23,0.6441,0.7278,0.4131,1.0414,714.0819,0.0268,4.0000
FLD0038,2026-01-23,0.5126,0.7719,0.4476,1.3492,715.4053,0.0438,14.0000
FLD0053,2026-01-23,0.7556,0.4944,0.2822,0.7642,713.1782,0.0634,6.0000
FLD0056,2026-01-23,0.5984,0.6926,0.4086,1.0017,714.3130,0.0681,6.0000
FLD0059,2026-01-23,0.6280,0.7379,0.4232,1.0254,712.6014,0.0401,5.0000
FLD0076,2026-01-23,0.6889,0.7758,0.4468,1.1979,713.6828,0.0072,2.0000
FLD0079,2026-01-23,0.5132,0.6454,0.3895,1.0305,714.1568,0.0527,10.0000
FLD0090,2026-01-23,0.5563,0.5351,0.3742,1.0543,716.1560,0.1062,7.0000
FLD0095,2026-01-23,0.7764,0.5091,0.3275,0.6929,714.1592,0.0712,8.0000
FLD0129,2026-01-23,0.6154,0.6763,0.4058,1.1722,715.0628,0.1049,2.0000
FLD0130,2026-01-23,0.9231,0.6279,0.3362,0.7572,710.4535,0.0219,2.0000
FLD0139,2026-01-23,0.7143,0.6125,0.3673,1.2150,715.6257,,1.0000
FLD0152,2026-01-23,0.5000,0.5620,0.3587,0.8926,713.5363,0.0451,6.0000
FLD0168,2026-01-23,0.5829,0.5628,0.3519,1.0174,712.0629,0.1021,11.0000
FLD0177,2026-01-23,0.6707,0.3600,0.2072,0.4893,707.1560,0.1741,3.0000
FLD0178,2026-01-23,0.7857,0.3625,0.2144,0.4935,709.5107,0.0294,2.0000
FLD0182,2026-01-23,0.8165,0.5364,0.3505,0.7427,713.8563,0.0898,4.0000
FLD0184,2026-01-23,0.5303,0.7934,0.4741,1.5269,717.2466,0.0574,2.0000
FLD0188,2026-01-23,0.5469,0.6114,0.3493,0.9221,712.1036,0.0626,17.0000
FLD0189,2026-01-23,0.9000,0.6695,0.3766,0.9478,713.3004,0.0623,2.0000
FLD0190,2026-01-23,0.6207,0.6782,0.3881,0.9729,714.1104,0.0626,4.0000
FLD0196,2026-01-23,0.8429,0.5309,0.3681,1.1275,714.8020,0.0186,2.0000
FLD0198,2026-01-23,0.8000,0.3764,0.2283,0.5951,718.1527,,1.0000
FLD0207,2026-01-23,0.8462,0.5894,0.3436,0.9222,714.9316,0.0535,3.0000
FLD0209,2026-01-23,0.6000,0.6395,0.3592,1.1164,711.5135,0.1823,3.0000
FLD0214,2026-01-23,0.6250,0.8643,0.4962,1.6558,715.9872,,1.0000
FLD0217,2026-01-23,0.6207,0.5117,0.3472,0.7461,718.6693,0.0770,3.0000
FLD0221,2026-01-23,0.6667,0.4520,0.3031,0.7108,709.9490,,1.0000
FLD0222,2026-01-23,0.7632,0.7434,0.3965,1.0368,711.3766,0.0448,7.0000
FLD0223,2026-01-23,0.7273,0.5919,0.3912,1.0936,714.3070,,1.0000
FLD0226,2026-01-23,0.5433,0.5752,0.3391,0.6865,710.5836,0.0385,4.0000
FLD0230,2026-01-23,0.5455,0.2566,0.1412,0.2870,709.0004,,1.0000
FLD0231,2026-01-23,0.5936,0.7558,0.4161,1.1425,712.5990,0.0430,8.0000
FLD0238,2026-01-23,1.0000,0.2394,0.1992,0.4434,722.1797,,1.0000
FLD0245,2026-01-23,0.5385,0.7965,0.4309,1.1480,709.9143,0.1113,3.0000
FLD0247,2026-01-23,0.8172,0.5710,0.3440,0.7381,711.2974,0.0580,15.0000
FLD0251,2026-01-23,0.6117,0.4645,0.2925,0.6063,711.7406,0.1064,22.0000
FLD0252,2026-01-23,0.6890,0.4059,0.2806,0.5183,712.9496,0.0393,5.0000
FLD0254,2026-01-23,0.5601,0.6066,0.3733,0.7831,712.0432,0.0895,6.0000
FLD0256,2026-01-23,0.6741,0.3858,0.2341,0.4762,713.2016,0.0616,2.0000
FLD0257,2026-01-23,0.9074,0.5626,0.3190,0.6538,708.4924,0.0506,5.0000
FLD0258,2026-01-23,0.8750,0.6794,0.3883,0.9561,713.6142,0.0962,2.0000
FLD0259,2026-01-23,0.7042,0.4817,0.2936,0.6724,712.7315,0.0857,17.0000
FLD0266,2026-01-23,0.5416,0.5805,0.3426,0.8389,712.0008,0.0667,51.0000
FLD0280,2026-01-23,0.5404,0.6818,0.3798,1.0957,713.8770,0.0897,9.0000
FLD0284,2026-01-23,0.5126,0.7518,0.4376,1.4154,714.5675,0.0711,10.0000
FLD0293,2026-01-23,0.8636,0.5182,0.3398,0.7505,713.1618,0.1551,2.0000
FLD0294,2026-01-23,0.6667,0.7384,0.4109,0.9677,713.9830,0.0408,4.0000
FLD0312,2026-01-23,0.7423,0.6067,0.3837,0.9013,714.4666,0.0518,2.0000
FLD0325,2026-01-23,0.8718,0.5912,0.3327,0.7875,714.3832,0.0748,8.0000
FLD0326,2026-01-23,0.5828,0.5146,0.3367,0.8550,714.6593,0.0325,7.0000
FLD0334,2026-01-23,0.5659,0.3207,0.1525,0.2842,702.1011,0.0904,16.0000
FLD0336,2026-01-23,0.7130,0.5921,0.3412,0.7030,711.1154,0.0743,6.0000
FLD0338,2026-01-23,0.5532,0.5037,0.2742,0.5895,710.0687,0.1816,7.0000
FLD0339,2026-01-23,0.8289,0.5434,0.3054,0.5769,707.9273,0.0796,8.0000
FLD0340,2026-01-23,0.8000,0.3982,0.2336,0.5290,712.0187,0.1559,5.0000
FLD0345,2026-01-23,0.5604,0.6449,0.3900,0.9300,715.1737,0.0682,10.0000
FLD0348,2026-01-23,0.6260,0.2701,0.1588,0.2799,711.5526,0.0686,4.0000
FLD0353,2026-01-23,0.7944,0.4347,0.2609,0.5903,713.4381,0.1058,9.0000
FLD0354,2026-01-23,0.5897,0.3768,0.2312,0.5434,717.5538,0.0689,11.0000
FLD0356,2026-01-23,0.7963,0.4170,0.2670,0.5276,712.6652,0.0764,21.0000
FLD0357,2026-01-23,0.9459,0.4024,0.2553,0.4605,711.9252,0.0732,9.0000
FLD0358,2026-01-23,0.6667,0.3461,0.2080,0.4248,714.6767,0.0337,3.0000
FLD0359,2026-01-23,0.7778,0.4667,0.2974,0.8088,714.7857,0.1896,2.0000
FLD0360,2026-01-23,0.5778,0.3915,0.2340,0.5277,712.6663,0.0899,10.0000
FLD0361,2026-01-23,0.5333,0.4675,0.2899,0.7619,715.2763,0.0761,3.0000
FLD0374,2026-01-23,0.5468,0.4526,0.2545,0.5044,708.4299,0.0864,60.0000
FLD0375,2026-01-23,1.0000,0.5173,0.3109,0.5679,710.9843,0.0584,3.0000
FLD0377,2026-01-23,0.8295,0.3300,0.2148,0.3259,709.6501,0.0413,3.0000
FLD0378,2026-01-23,0.5586,0.4001,0.2269,0.4942,712.3797,0.1059,4.0000
FLD0379,2026-01-23,0.7907,0.4949,0.3032,0.5915,710.8740,0.0586,6.0000
FLD0381,2026-01-23,0.7571,0.5703,0.3374,0.7706,712.2458,0.1135,15.0000
FLD0382,2026-01-23,0.6964,0.5592,0.3267,0.7702,711.2539,0.0205,4.0000
FLD0383,2026-01-23,0.6763,0.4501,0.2561,0.5118,710.1366,0.0447,22.0000
FLD0391,2026-01-23,0.8374,0.4071,0.2870,0.5023,713.1428,,1.0000
FLD0392,2026-01-23,0.6846,0.6114,0.3535,0.8282,711.3412,0.0630,19.0000
FLD0404,2026-01-23,0.6667,0.8210,0.4706,1.5152,716.6639,0.0486,2.0000
FLD0406,2026-01-23,0.5641,0.7540,0.4384,1.4575,713.7138,,1.0000
FLD0409,2026-01-23,0.9565,0.5093,0.3628,0.7953,714.4836,,1.0000
FLD0410,2026-01-23,1.0000,0.4309,0.2704,0.3973,707.6647,,1.0000
FLD0411,2026-01-23,0.8605,0.5565,0.3488,0.7512,712.7975,0.0552,3.0000
FLD0423,2026-01-23,0.6667,0.8824,0.4686,1.3016,712.5732,,1.0000
FLD0427,2026-01-23,0.7025,0.8843,0.4638,1.4197,712.9726,0.0634,9.0000
FLD0458,2026-01-23,0.5000,0.8134,0.4686,1.3412,714.5444,0.1107,2.0000
FLD0459,2026-01-23,0.8182,0.6296,0.3594,0.9486,715.8566,0.1248,3.0000
FLD0466,2026-01-23,0.7333,0.6722,0.4728,1.6992,720.0565,0.0998,3.0000
FLD0003,2026-01-28,1.0000,0.6245,0.3788,1.0226,716.5002,0.0638,11.0000
FLD0004,2026-01-28,0.7037,0.6199,0.3508,1.0437,715.8089,0.1206,6.0000
FLD0005,2026-01-28,0.9322,0.5906,0.3518,0.9496,716.8771,0.0736,7.0000
FLD0006,2026-01-28,0.8889,0.6519,0.3968,1.1856,717.5850,0.0883,15.0000
FLD0007,2026-01-28,0.8443,0.6204,0.3771,1.2179,716.5759,0.1171,21.0000
FLD0013,2026-01-28,0.6875,0.7917,0.4688,1.6528,719.2812,0.1154,4.0000
FLD0016,2026-01-28,0.5385,0.8505,0.5026,1.6891,718.2095,,1.0000
FLD0020,2026-01-28,0.5970,0.8461,0.4917,1.9305,720.4231,0.0491,3.0000
FLD0021,2026-01-28,0.7027,0.6870,0.5013,2.2565,724.5909,0.1489,5.0000
FLD0022,2026-01-28,0.7926,0.7980,0.5519,2.5182,722.4400,0.1043,8.0000
FLD0023,2026-01-28,1.0000,0.7344,0.4768,1.8430,721.9986,,1.0000
FLD0024,2026-01-28,0.6770,0.7841,0.4984,1.8425,720.4415,0.0603,11.0000
FLD0025,2026-01-28,1.0000,0.5879,0.3721,1.0609,718.3384,0.0827,8.0000
FLD0027,2026-01-28,1.0000,0.6033,0.3999,1.0461,719.4411,,1.0000
FLD0028,2026-01-28,0.9524,0.6623,0.4012,1.0432,717.6950,0.0493,3.0000
FLD0029,2026-01-28,0.6228,0.7810,0.5032,2.0182,720.7979,0.0982,14.0000
FLD0031,2026-01-28,0.8098,0.7369,0.4576,1.5693,719.4515,0.0867,22.0000
FLD0032,2026-01-28,0.9133,0.8298,0.4993,1.8867,719.8719,0.0481,5.0000
FLD0033,2026-01-28,0.5581,0.7029,0.4589,1.5284,720.5415,0.0589,3.0000
FLD0035,2026-01-28,0.8462,0.8444,0.5163,1.9006,719.6259,0.0760,2.0000
FLD0036,2026-01-28,0.6557,0.8210,0.5015,1.9075,720.0883,,1.0000
FLD0038,2026-01-28,0.7353,0.7093,0.4347,1.4223,719.0649,0.0602,17.0000
FLD0041,2026-01-28,0.5983,0.7868,0.4858,1.6726,719.4253,0.0522,44.0000
FLD0042,2026-01-28,0.5000,0.8249,0.4898,1.6240,718.5895,0.0402,7.0000
FLD0043,2026-01-28,0.5285,0.7200,0.4569,1.6274,720.0623,0.0947,33.0000
FLD0047,2026-01-28,0.5577,0.8041,0.4487,1.5683,718.4589,0.0245,2.0000
FLD0051,2026-01-28,0.7778,0.7226,0.4419,1.4947,717.9709,0.1527,3.0000
FLD0052,2026-01-28,0.6053,0.7061,0.4093,1.2931,717.4355,0.0651,11.0000
FLD0053,2026-01-28,0.8889,0.5329,0.3304,1.0737,718.3163,0.0673,7.0000
FLD0054,2026-01-28,0.6778,0.7783,0.4576,1.5171,718.5317,0.0511,19.0000
FLD0055,2026-01-28,0.6282,0.7590,0.4521,1.4747,718.3491,0.0546,17.0000
FLD0056,2026-01-28,0.9843,0.6396,0.3929,1.0560,717.3641,0.0648,11.0000
FLD0057,2026-01-28,0.7338,0.8660,0.5218,1.8070,718.8208,0.0371,14.0000
FLD0058,2026-01-28,0.5898,0.6539,0.4323,1.3740,720.5642,0.0561,13.0000
FLD0059,2026-01-28,0.9903,0.6290,0.3872,1.0697,717.8578,0.0774,12.0000
FLD0060,2026-01-28,0.7500,0.6712,0.4104,1.3522,718.3935,,1.0000
FLD0061,2026-01-28,0.6724,0.8046,0.4856,1.5861,718.3666,0.0510,4.0000
FLD0068,2026-01-28,0.5603,0.7143,0.4325,1.6464,719.1808,0.1547,9.0000
FLD0070,2026-01-28,0.8500,0.6354,0.3852,1.0740,716.6950,0.0491,6.0000
FLD0073,2026-01-28,0.8462,0.7858,0.5054,1.9985,721.6269,0.1744,2.0000
FLD0075,2026-01-28,0.8421,0.8651,0.5226,2.1105,719.8423,0.0909,3.0000
FLD0076,2026-01-28,0.9111,0.6876,0.4193,1.1989,717.9802,0.0530,4.0000
FLD0078,2026-01-28,0.8767,0.7285,0.4319,1.2970,717.5482,0.0620,29.0000
FLD0079,2026-01-28,0.8682,0.6928,0.4101,1.2807,718.1999,0.0650,20.0000
FLD0080,2026-01-28,0.6898,0.6781,0.4037,1.2380,717.4916,0.1040,18.0000
FLD0081,2026-01-28,0.5745,0.7629,0.4482,1.4562,717.6905,0.0744,21.0000
FLD0082,2026-01-28,0.6777,0.7685,0.4491,1.3968,717.7517,0.0760,25.0000
FLD0084,2026-01-28,0.5220,0.7622,0.4207,1.1993,715.0551,0.0847,18.0000
FLD0085,2026-01-28,0.5974,0.7600,0.4297,1.4904,718.5856,0.0528,20.0000
FLD0086,2026-01-28,0.7196,0.6556,0.3930,1.1775,717.6606,0.0817,80.0000
FLD0087,2026-01-28,0.6630,0.7667,0.4647,1.6316,719.3228,0.0701,30.0000
FLD0088,2026-01-28,0.8182,0.7597,0.4553,1.6595,719.6479,0.0850,20.0000
FLD0090,2026-01-28,0.6093,0.5311,0.3710,1.0456,721.3611,0.0467,7.0000
FLD0093,2026-01-28,0.7657,0.6122,0.4245,1.6343,722.4971,0.1117,9.0000
FLD0094,2026-01-28,0.6844,0.7463,0.4906,2.0148,721.5329,0.0908,10.0000
FLD0095,2026-01-28,0.8701,0.5548,0.3349,0.8594,716.4016,0.0197,10.0000
FLD0096,2026-01-28,0.7854,0.7668,0.4853,1.9760,720.6648,0.1152,11.0000
FLD0097,2026-01-28,1.0000,0.6829,0.4258,1.4056,719.9930,0.0634,8.0000
FLD0098,2026-01-28,0.5164,0.7831,0.4612,1.7184,719.6293,0.0639,13.0000
FLD0100,2026-01-28,0.8750,0.8713,0.4900,1.7853,719.4143,,1.0000
FLD0102,2026-01-28,0.9783,0.6490,0.3805,1.1465,718.7116,,1.0000
FLD0106,2026-01-28,0.7049,0.8243,0.5112,1.8378,719.6695,0.0448,6.0000
FLD0112,2026-01-28,0.7458,0.7772,0.5042,1.9412,721.1614,0.0677,45.0000
FLD0113,2026-01-28,0.7240,0.7873,0.4955,1.9471,720.6306,0.0775,20.0000
FLD0114,2026-01-28,0.5641,0.8817,0.5812,2.4379,721.4122,,1.0000
FLD0115,2026-01-28,0.5867,0.6276,0.4029,1.3185,719.0371,0.0846,9.0000
FLD0116,2026-01-28,0.6487,0.7505,0.4503,1.5335,718.8920,0.0755,19.0000
FLD0121,2026-01-28,0.7889,0.7541,0.4661,1.5786,719.9924,0.0740,23.0000
FLD0122,2026-01-28,0.5208,0.7443,0.4531,1.7369,719.6727,0.0863,32.0000
FLD0123,2026-01-28,0.7716,0.7395,0.4521,1.6577,720.0748,0.0924,23.0000
FLD0124,2026-01-28,0.8504,0.7094,0.4286,1.4250,718.4141,0.0794,34.0000
FLD0125,2026-01-28,0.6067,0.7266,0.4343,1.4529,718.6997,0.0558,13.0000
FLD0126,2026-01-28,0.9394,0.7130,0.4507,1.4509,718.8600,0.0966,9.0000
FLD0127,2026-01-28,0.8019,0.7166,0.4024,1.3250,716.9642,0.0817,6.0000
FLD0129,2026-01-28,0.7692,0.6513,0.4142,1.2906,719.0571,0.1495,2.0000
FLD0130,2026-01-28,1.0000,0.5378,0.3336,0.8666,719.2855,0.0271,2.0000
FLD0134,2026-01-28,0.6257,0.8224,0.5213,2.1377,720.6696,0.0290,4.0000
FLD0135,2026-01-28,0.6438,0.6264,0.4021,1.2787,718.5179,0.0540,6.0000
FLD0136,2026-01-28,0.9854,0.7424,0.4437,1.5575,718.8023,0.0725,9.0000
FLD0137,2026-01-28,0.8491,0.6500,0.4146,1.4373,718.8521,0.1292,7.0000
FLD0139,2026-01-28,0.9286,0.5856,0.3550,1.0797,718.5624,,1.0000
FLD0141,2026-01-28,0.5714,0.7869,0.5536,2.1558,722.6100,,1.0000
FLD0143,2026-01-28,0.6267,0.7449,0.4860,1.9171,721.7570,0.0971,40.0000
FLD0144,2026-01-28,0.8867,0.7471,0.4213,1.5139,718.5360,0.0758,12.0000
FLD0145,2026-01-28,0.8284,0.6012,0.3811,1.3144,719.1831,0.1209,15.0000
FLD0146,2026-01-28,0.5703,0.7825,0.5037,2.0876,722.1349,0.0802,8.0000
FLD0147,2026-01-28,0.5022,0.8216,0.5191,2.1359,721.1251,0.0451,4.0000
FLD0148,2026-01-28,0.6560,0.7003,0.4142,1.4325,718.3566,0.0695,27.0000
FLD0149,2026-01-28,0.8481,0.6758,0.3924,1.1880,717.6981,0.0670,14.0000
FLD0151,2026-01-28,0.6351,0.7301,0.4396,1.5164,719.7060,0.0639,7.0000
FLD0152,2026-01-28,0.5466,0.6172,0.4025,1.2309,719.4884,0.0356,6.0000
FLD0153,2026-01-28,0.5233,0.6721,0.4015,1.5108,719.0053,0.1223,19.0000
FLD0159,2026-01-28,0.6524,0.7192,0.4070,1.3434,717.4654,0.0724,6.0000
FLD0162,2026-01-28,0.7143,0.8229,0.5447,2.1669,722.2696,,1.0000
FLD0165,2026-01-28,0.5096,0.6567,0.4061,1.3517,720.2023,0.0907,12.0000
FLD0166,2026-01-28,0.6484,0.5990,0.4039,1.2984,720.0426,0.1255,8.0000
FLD0167,2026-01-28,0.6364,0.5610,0.3650,1.1388,718.9504,0.1242,26.0000
FLD0168,2026-01-28,0.7604,0.5249,0.3433,1.0748,716.9686,0.1371,14.0000
FLD0169,2026-01-28,1.0000,0.4261,0.2651,0.6575,713.8910,,1.0000
FLD0173,2026-01-28,0.6732,0.6316,0.3999,1.3958,718.3073,0.0941,18.0000
FLD0175,2026-01-28,0.7143,0.6599,0.4075,1.3075,717.7746,0.0563,5.0000
FLD0177,2026-01-28,0.7744,0.3564,0.2151,0.5420,712.1643,0.1142,4.0000
FLD0178,2026-01-28,0.8571,0.3653,0.2319,0.5152,713.7619,0.0036,2.0000
FLD0181,2026-01-28,0.5082,0.7103,0.4537,1.6651,719.2629,0.1113,9.0000
FLD0182,2026-01-28,0.9241,0.5333,0.3553,0.8520,718.9526,0.0763,6.0000
FLD0183,2026-01-28,0.6108,0.7586,0.4603,1.5024,719.3180,0.0472,11.0000
FLD0184,2026-01-28,0.8333,0.7014,0.3980,1.2529,716.6205,0.0751,5.0000
FLD0185,2026-01-28,1.0000,0.6403,0.3774,0.9514,716.0169,0.0262,2.0000
FLD0188,2026-01-28,0.7747,0.6270,0.3749,1.1951,717.6091,0.0778,26.0000
FLD0189,2026-01-28,1.0000,0.6441,0.3952,1.2679,718.8474,0.1005,3.0000
FLD0190,2026-01-28,0.7586,0.5779,0.3659,1.0327,718.5802,0.1265,5.0000
FLD0191,2026-01-28,0.5714,0.7631,0.5005,2.0463,721.4924,0.1105,20.0000
FLD0193,2026-01-28,0.9139,0.6116,0.3470,1.1000,716.6524,0.0833,12.0000
FLD0194,2026-01-28,0.6056,0.7077,0.4183,1.6255,719.6199,0.1195,4.0000
FLD0195,2026-01-28,0.6667,0.7771,0.4704,1.6569,719.0785,0.0937,4.0000
FLD0196,2026-01-28,1.0000,0.4634,0.3150,0.7993,718.4751,0.0458,3.0000
FLD0197,2026-01-28,0.9831,0.6204,0.3397,1.0253,714.9508,0.1134,12.0000
FLD0198,2026-01-28,1.0000,0.2718,0.1760,0.4275,721.4553,,1.0000
FLD0202,2026-01-28,0.9444,0.7166,0.4185,1.4123,717.9308,0.1224,3.0000
FLD0203,2026-01-28,0.6085,0.6007,0.3601,1.0958,717.4510,0.0977,20.0000
FLD0205,2026-01-28,0.5823,0.8331,0.4986,1.7360,718.4009,,1.0000
FLD0207,2026-01-28,1.0000,0.5350,0.3355,0.9618,718.4627,0.0363,4.0000
FLD0208,2026-01-28,1.0000,0.6732,0.4754,1.6621,723.1982,0.1320,2.0000
FLD0209,2026-01-28,0.8500,0.6034,0.3470,1.0377,716.2821,0.1011,5.0000
FLD0212,2026-01-28,1.0000,0.8563,0.4361,1.3199,714.2737,,1.0000
FLD0214,2026-01-28,0.6250,0.7853,0.5233,1.9211,720.9410,,1.0000
FLD0217,2026-01-28,0.6207,0.7652,0.4409,1.5314,715.8776,0.0807,3.0000
FLD0219,2026-01-28,0.9200,0.8591,0.4905,1.6852,717.3878,0.0839,2.0000
FLD0220,2026-01-28,0.8889,0.6807,0.4249,1.4692,719.9472,0.1583,2.0000
FLD0221,2026-01-28,0.8333,0.5051,0.3754,1.2306,719.0001,,1.0000
FLD0222,2026-01-28,1.0000,0.6682,0.3826,1.1065,717.1272,0.0371,9.0000
FLD0223,2026-01-28,1.0000,0.6299,0.4159,1.3697,720.6550,,1.0000
FLD0226,2026-01-28,0.7000,0.5284,0.3273,0.7575,715.8958,0.0626,6.0000
FLD0228,2026-01-28,0.8295,0.7432,0.4505,1.4452,718.4828,0.0711,15.0000
FLD0229,2026-01-28,0.7368,0.8160,0.4889,1.7229,718.9170,0.0589,5.0000
FLD0230,2026-01-28,0.8182,0.4122,0.2153,0.6158,714.7264,0.1640,2.0000
FLD0231,2026-01-28,0.8538,0.6235,0.3781,1.1040,717.1446,0.0585,12.0000
FLD0235,2026-01-28,0.7907,0.5786,0.3411,1.0743,716.0650,0.0864,4.0000
FLD0238,2026-01-28,1.0000,0.3280,0.2699,0.6894,728.1754,,1.0000
FLD0242,2026-01-28,0.8614,0.7790,0.4524,1.3950,717.6425,0.0127,3.0000
FLD0244,2026-01-28,0.9756,0.6969,0.3987,1.0745,715.3539,0.0426,2.0000
FLD0245,2026-01-28,1.0000,0.6531,0.3577,0.9113,713.7791,0.0330,4.0000
FLD0246,2026-01-28,0.5484,0.6740,0.4130,1.2170,717.6177,0.0613,9.0000
FLD0247,2026-01-28,0.9219,0.5315,0.3379,0.8607,716.4481,0.0761,20.0000
FLD0248,2026-01-28,0.7956,0.6904,0.4117,1.1582,715.9450,0.0746,10.0000
FLD0249,2026-01-28,0.7857,0.9221,0.5424,1.9662,719.0472,0.0010,2.0000
FLD0250,2026-01-28,0.9659,0.5666,0.3540,0.9662,717.2469,0.0983,21.0000
FLD0251,2026-01-28,0.9083,0.4693,0.2865,0.7166,713.7406,0.0941,35.0000
FLD0252,2026-01-28,0.7847,0.4321,0.3009,0.7306,717.1179,0.1448,8.0000
FLD0253,2026-01-28,0.7838,0.5253,0.3033,0.8459,714.3895,0.1348,13.0000
FLD0254,2026-01-28,0.9262,0.5318,0.3363,0.8346,716.1973,0.0903,14.0000
FLD0256,2026-01-28,0.7259,0.3478,0.2121,0.4616,712.4091,0.1122,3.0000
FLD0257,2026-01-28,0.9630,0.4189,0.2540,0.5220,710.9915,0.0348,5.0000
FLD0258,2026-01-28,1.0000,0.5373,0.3131,0.7830,717.6194,0.0624,2.0000
FLD0259,2026-01-28,0.7782,0.3631,0.2312,0.5369,715.4479,0.0978,22.0000
FLD0261,2026-01-28,0.8966,0.7978,0.4728,1.7698,718.6992,0.0903,8.0000
FLD0265,2026-01-28,0.5340,0.6309,0.3953,1.1502,718.1892,0.0788,20.0000
FLD0266,2026-01-28,0.6336,0.6020,0.3740,1.1287,717.9774,0.0895,59.0000
FLD0274,2026-01-28,0.6025,0.6519,0.3986,1.2084,717.9545,0.0676,8.0000
FLD0275,2026-01-28,0.7411,0.6171,0.3847,1.1272,719.1202,0.1098,13.0000
FLD0276,2026-01-28,0.6158,0.6237,0.4078,1.2536,719.2840,0.1335,7.0000
FLD0277,2026-01-28,0.6636,0.8388,0.4980,1.8813,718.9665,0.0588,16.0000
FLD0278,2026-01-28,1.0000,0.6576,0.4195,1.4178,719.8075,0.0788,23.0000
FLD0279,2026-01-28,0.8854,0.6372,0.3786,1.2021,717.5307,0.0888,20.0000
FLD0280,2026-01-28,0.8185,0.6112,0.3739,1.1757,718.5561,0.0569,13.0000
FLD0281,2026-01-28,1.0000,0.7007,0.4370,1.4789,720.0931,0.0085,2.0000
FLD0284,2026-01-28,0.7143,0.6983,0.4217,1.4250,718.3642,0.0587,13.0000
FLD0286,2026-01-28,0.7634,0.7243,0.4117,1.3133,716.7643,,1.0000
FLD0288,2026-01-28,0.7850,0.8028,0.4721,1.5191,717.9839,0.0841,3.0000
FLD0289,2026-01-28,0.8214,0.6569,0.3729,1.1235,717.0601,0.0519,3.0000
FLD0290,2026-01-28,0.8337,0.6877,0.4067,1.3432,717.5546,0.0786,31.0000
FLD0291,2026-01-28,0.8592,0.9192,0.5345,1.9036,718.7886,,1.0000
FLD0292,2026-01-28,0.5882,0.9301,0.5439,2.0033,719.1682,0.1067,2.0000
FLD0293,2026-01-28,1.0000,0.4950,0.3216,0.7123,717.0885,0.0801,4.0000
FLD0294,2026-01-28,0.7639,0.7524,0.4225,1.2768,717.0065,0.0244,3.0000
FLD0295,2026-01-28,0.6364,0.7453,0.4624,1.6765,720.2406,0.0059,2.0000
FLD0296,2026-01-28,0.7368,0.8243,0.5687,2.9621,723.1591,0.1902,2.0000
FLD0298,2026-01-28,0.5224,0.7828,0.5127,2.1454,723.3361,0.0664,4.0000
FLD0300,2026-01-28,0.8547,0.7253,0.4170,1.4936,717.7202,0.0920,8.0000
FLD0301,2026-01-28,0.7772,0.7185,0.4013,1.3566,717.9389,0.0147,5.0000
FLD0302,2026-01-28,0.7558,0.7226,0.4546,1.5647,719.6718,0.0794,17.0000
FLD0303,2026-01-28,0.6660,0.7798,0.4884,1.9290,720.4411,0.0844,55.0000
FLD0304,2026-01-28,1.0000,0.6607,0.4108,1.3281,718.3342,0.0917,4.0000
FLD0308,2026-01-28,0.9753,0.7990,0.4717,1.6102,718.6993,0.0745,5.0000
FLD0310,2026-01-28,1.0000,0.5141,0.3378,0.6967,716.7242,,1.0000
FLD0311,2026-01-28,0.7640,0.8245,0.4919,1.7178,719.1197,0.0456,11.0000
FLD0313,2026-01-28,0.6923,0.7459,0.4346,1.3743,716.3237,0.1012,5.0000
FLD0314,2026-01-28,0.9853,0.7568,0.4426,1.3319,717.1453,0.0396,5.0000
FLD0315,2026-01-28,0.5455,0.8241,0.4638,1.7268,719.1068,,1.0000
FLD0318,2026-01-28,0.7162,0.5512,0.3316,1.0176,716.6256,0.1085,13.0000
FLD0322,2026-01-28,0.9437,0.6211,0.3891,1.2298,717.8030,0.1158,11.0000
FLD0325,2026-01-28,0.9744,0.4461,0.2771,0.6901,715.8140,0.0479,8.0000
FLD0326,2026-01-28,1.0000,0.5277,0.3257,0.8966,717.4064,0.0640,9.0000
FLD0327,2026-01-28,0.8481,0.6693,0.4296,1.4876,719.8706,0.0790,4.0000
FLD0328,2026-01-28,0.6235,0.6863,0.4234,1.5652,718.9995,0.0842,19.0000
FLD0329,2026-01-28,0.8112,0.6507,0.4067,1.3611,719.3900,0.1072,34.0000
FLD0330,2026-01-28,0.7838,0.4670,0.2721,0.7713,715.1065,0.0659,9.0000
FLD0333,2026-01-28,0.7900,0.7844,0.4432,1.3090,716.1771,0.0732,4.0000
FLD0334,2026-01-28,0.8450,0.3336,0.1738,0.4369,706.6472,0.0730,23.0000
FLD0335,2026-01-28,0.7490,0.7392,0.4294,1.4005,717.2754,0.0822,42.0000
FLD0336,2026-01-28,0.9478,0.5306,0.3235,0.7271,714.3486,0.0827,10.0000
FLD0338,2026-01-28,0.6738,0.3415,0.1985,0.4244,710.0704,0.0668,7.0000
FLD0339,2026-01-28,0.7566,0.3339,0.2107,0.4279,711.7349,0.0195,7.0000
FLD0340,2026-01-28,0.7429,0.3248,0.1869,0.4512,710.6024,0.1181,7.0000
FLD0341,2026-01-28,0.7869,0.4326,0.2245,0.6276,711.7988,0.0836,4.0000
FLD0343,2026-01-28,0.7191,0.6329,0.3403,0.9400,713.1661,0.0823,7.0000
FLD0345,2026-01-28,0.8986,0.5434,0.3277,0.8211,715.7422,0.0532,15.0000
FLD0346,2026-01-28,0.7436,0.7744,0.4265,1.1689,715.4695,0.0466,5.0000
FLD0352,2026-01-28,0.6748,0.5140,0.3374,1.1171,722.1331,0.1098,9.0000
FLD0353,2026-01-28,0.8785,0.3279,0.2169,0.4794,717.4572,0.0653,10.0000
FLD0354,2026-01-28,0.5769,0.3732,0.2299,0.6056,716.0759,0.0598,12.0000
FLD0355,2026-01-28,0.5067,0.2099,0.1472,0.3015,715.0589,0.0450,6.0000
FLD0356,2026-01-28,0.8961,0.3230,0.2162,0.4576,714.9903,0.0716,28.0000
FLD0357,2026-01-28,1.0000,0.3260,0.2140,0.4145,714.2697,0.0478,9.0000
FLD0358,2026-01-28,0.8148,0.2718,0.1832,0.4064,719.9570,0.0416,4.0000
FLD0359,2026-01-28,0.9444,0.3277,0.2348,0.5973,723.9838,0.0870,3.0000
FLD0360,2026-01-28,0.7111,0.3568,0.2223,0.5801,715.6978,0.1416,12.0000
FLD0361,2026-01-28,0.7200,0.4694,0.3107,0.9354,715.4163,0.2068,7.0000
FLD0365,2026-01-28,0.5000,0.7389,0.4966,2.0335,721.2245,,1.0000
FLD0366,2026-01-28,0.9355,0.7392,0.4852,1.8191,721.1556,0.1208,5.0000
FLD0368,2026-01-28,0.7500,0.5544,0.3490,0.8743,716.9857,0.0504,4.0000
FLD0369,2026-01-28,0.6129,0.7655,0.4671,1.5393,717.8575,0.0243,2.0000
FLD0374,2026-01-28,0.7833,0.4347,0.2653,0.7521,713.1757,0.1241,87.0000
FLD0375,2026-01-28,0.9000,0.3393,0.2190,0.4183,713.9514,0.0238,2.0000
FLD0377,2026-01-28,0.5909,0.2481,0.1505,0.2692,706.7930,0.1251,2.0000
FLD0378,2026-01-28,0.5247,0.2442,0.1506,0.3457,714.3308,0.0651,5.0000
FLD0379,2026-01-28,0.6744,0.3533,0.2289,0.4913,716.5594,0.0236,6.0000
FLD0380,2026-01-28,0.9428,0.5534,0.3303,0.9007,715.3792,0.0869,65.0000
FLD0381,2026-01-28,0.9716,0.3969,0.2583,0.5507,714.6497,0.0588,17.0000
FLD0382,2026-01-28,0.7321,0.3306,0.2139,0.4746,713.5384,0.0149,3.0000
FLD0383,2026-01-28,0.7402,0.2996,0.1840,0.3716,710.1810,0.0445,24.0000
FLD0384,2026-01-28,0.7749,0.8474,0.5068,1.7145,718.7032,0.0580,11.0000
FLD0385,2026-01-28,0.6018,0.7967,0.4599,1.4979,717.4294,0.0632,8.0000
FLD0386,2026-01-28,0.7290,0.7571,0.4540,1.6578,719.0403,0.0743,21.0000
FLD0388,2026-01-28,0.8667,0.6737,0.3988,1.1776,719.3236,0.0729,2.0000
FLD0391,2026-01-28,0.9187,0.4535,0.3088,0.6703,717.3551,0.0974,2.0000
FLD0392,2026-01-28,0.8294,0.5504,0.3459,0.9722,716.6610,0.0726,23.0000
FLD0393,2026-01-28,0.8667,0.7719,0.5092,2.1750,721.1526,0.0529,5.0000
FLD0397,2026-01-28,0.8351,0.7079,0.3940,1.3104,716.7824,0.0636,4.0000
FLD0398,2026-01-28,0.9263,0.5802,0.3423,0.9185,716.0372,0.0651,11.0000
FLD0399,2026-01-28,0.7459,0.5229,0.3355,0.8830,716.5777,0.1434,6.0000
FLD0401,2026-01-28,0.9500,0.5586,0.3443,0.8577,716.9093,0.0541,9.0000
FLD0402,2026-01-28,0.7963,0.6725,0.3949,1.2926,718.6431,0.0920,13.0000
FLD0404,2026-01-28,1.0000,0.7295,0.4317,1.4400,719.1295,0.0615,2.0000
FLD0405,2026-01-28,0.7500,0.7939,0.4836,1.8220,719.8920,0.0106,4.0000
FLD0406,2026-01-28,1.0000,0.6571,0.3853,1.1767,718.4597,0.0056,2.0000
FLD0414,2026-01-28,0.5462,0.8644,0.5218,2.0258,719.7850,0.0486,6.0000
FLD0420,2026-01-28,0.5455,0.8483,0.4971,1.7294,718.9381,0.0297,2.0000
FLD0423,2026-01-28,1.0000,0.6363,0.3782,1.0393,716.1618,0.1235,2.0000
FLD0426,2026-01-28,0.8811,0.6939,0.4207,1.3212,718.1175,0.0699,12.0000
FLD0427,2026-01-28,0.9504,0.7242,0.4331,1.4095,718.6627,0.0471,12.0000
FLD0428,2026-01-28,0.6341,0.7339,0.4571,1.6732,719.8183,0.0999,23.0000
FLD0431,2026-01-28,0.5616,0.7380,0.4489,1.3981,718.0988,0.0741,2.0000
FLD0434,2026-01-28,1.0000,0.6012,0.3938,1.0446,719.6238,,1.0000
FLD0436,2026-01-28,0.8112,0.6962,0.4271,1.3043,717.5194,0.0883,19.0000
FLD0438,2026-01-28,1.0000,0.6696,0.3497,0.9925,712.9275,0.0787,5.0000
FLD0439,2026-01-28,0.8383,0.5164,0.3358,0.8336,717.4086,0.0991,8.0000
FLD0440,2026-01-28,0.9798,0.5418,0.3411,0.8183,716.1803,0.0701,7.0000
FLD0441,2026-01-28,0.8462,0.8557,0.5219,2.0616,720.1230,,1.0000
FLD0442,2026-01-28,0.6562,0.6421,0.4112,1.2135,718.3790,0.0433,3.0000
FLD0443,2026-01-28,0.6970,0.8392,0.5021,1.7101,718.4798,0.0755,3.0000
FLD0445,2026-01-28,1.0000,0.4550,0.3199,0.6492,721.1509,0.0184,2.0000
FLD0446,2026-01-28,1.0000,0.7837,0.4496,1.2960,717.1258,0.0124,2.0000
FLD0447,2026-01-28,0.9706,0.7889,0.4666,1.4086,717.1456,0.0810,3.0000
FLD0448,2026-01-28,0.6471,0.8116,0.4760,1.5360,718.8712,0.0719,3.0000
FLD0449,2026-01-28,0.6582,0.7970,0.4690,1.4681,717.2283,0.1684,2.0000
FLD0451,2026-01-28,0.6364,0.6228,0.3920,1.0538,718.3662,,1.0000
FLD0452,2026-01-28,0.6981,0.7642,0.4106,1.2134,715.7803,0.0317,3.0000
FLD0453,2026-01-28,1.0000,0.5857,0.3227,0.9694,716.1303,0.0801,3.0000
FLD0454,2026-01-28,0.8182,0.7893,0.4026,1.2847,716.4246,,1.0000
FLD0456,2026-01-28,1.0000,0.6473,0.3725,1.0398,716.2288,0.0092,3.0000
FLD0457,2026-01-28,1.0000,0.6988,0.4583,1.3828,718.2104,,1.0000
FLD0458,2026-01-28,1.0000,0.5904,0.3379,0.8374,715.0068,0.0118,2.0000
FLD0459,2026-01-28,1.0000,0.5400,0.3275,0.8848,718.9963,0.0531,5.0000
FLD0460,2026-01-28,0.8462,0.7903,0.4610,1.4923,718.5850,0.0402,2.0000
FLD0463,2026-01-28,0.7692,0.7970,0.5022,1.8913,720.8817,0.1085,3.0000
FLD0464,2026-01-28,0.6923,0.7842,0.5074,1.8870,721.4686,0.0304,3.0000
FLD0465,2026-01-28,0.7917,0.8899,0.5628,2.5100,720.8439,0.0779,2.0000
FLD0466,2026-01-28,1.0000,0.5822,0.4049,1.3806,722.6796,0.0749,4.0000
FLD0467,2026-01-28,0.8929,0.7930,0.5124,2.0861,720.7676,0.0912,7.0000
FLD0468,2026-01-28,1.0000,0.6772,0.4204,1.4277,720.6834,0.1163,2.0000
FLD0003,2026-02-02,0.6951,0.7262,0.3965,1.0280,712.0752,0.0726,7.0000
FLD0004,2026-02-02,0.5185,0.5879,0.3395,0.9128,715.9273,0.1062,4.0000
FLD0005,2026-02-02,0.8305,0.6276,0.3730,0.9062,713.1093,0.0643,5.0000
FLD0006,2026-02-02,0.7101,0.6598,0.3864,0.9617,713.4359,0.0773,11.0000
FLD0028,2026-02-02,0.6190,0.6170,0.3961,0.7917,716.4443,0.0310,2.0000
FLD0038,2026-02-02,0.6933,0.7423,0.4356,1.3144,715.6542,0.0628,16.0000
FLD0051,2026-02-02,0.8889,0.6687,0.4204,1.2164,715.8910,0.1325,3.0000
FLD0053,2026-02-02,0.7778,0.5206,0.3211,0.8859,714.5024,0.0745,6.0000
FLD0056,2026-02-02,0.9449,0.7116,0.4147,1.0631,713.7337,0.0649,11.0000
FLD0059,2026-02-02,0.8261,0.7082,0.4099,1.0445,713.5549,0.0598,7.0000
FLD0070,2026-02-02,0.6125,0.7280,0.4197,1.1980,714.7056,0.0543,4.0000
FLD0073,2026-02-02,0.8462,0.8086,0.5075,1.9517,718.4821,0.1773,2.0000
FLD0076,2026-02-02,0.7333,0.7327,0.4166,1.0868,713.8628,0.0274,3.0000
FLD0078,2026-02-02,0.6542,0.7468,0.4256,1.1540,713.8978,0.0498,21.0000
FLD0079,2026-02-02,0.8093,0.7460,0.4247,1.2595,714.5797,0.0577,18.0000
FLD0080,2026-02-02,0.5347,0.6759,0.3876,1.0496,713.9226,0.0661,13.0000
FLD0086,2026-02-02,0.5203,0.6765,0.3966,1.1143,714.0183,0.0907,50.0000
FLD0093,2026-02-02,0.6527,0.5633,0.3657,1.0653,715.8722,0.0724,8.0000
FLD0095,2026-02-02,0.9003,0.6438,0.3659,0.8943,711.7094,0.0324,10.0000
FLD0096,2026-02-02,0.5171,0.8350,0.4857,1.8758,716.3652,0.1227,8.0000
FLD0097,2026-02-02,0.6048,0.7776,0.4452,1.3514,715.4885,0.0199,6.0000
FLD0102,2026-02-02,0.8913,0.6833,0.4005,1.1110,714.8386,,1.0000
FLD0116,2026-02-02,0.5446,0.6951,0.4129,1.2064,715.0504,0.0829,17.0000
FLD0121,2026-02-02,0.6080,0.7371,0.4458,1.3286,716.1954,0.0681,16.0000
FLD0126,2026-02-02,0.6818,0.5573,0.3541,0.8260,713.9111,0.0507,5.0000
FLD0127,2026-02-02,0.6570,0.7053,0.3755,1.0403,711.3451,0.0949,5.0000
FLD0129,2026-02-02,0.7692,0.6513,0.3855,1.1487,718.4285,0.0964,2.0000
FLD0130,2026-02-02,1.0000,0.5590,0.3386,0.7971,714.5794,0.0321,2.0000
FLD0135,2026-02-02,0.5188,0.7430,0.4281,1.2452,714.6157,0.0433,6.0000
FLD0137,2026-02-02,0.5849,0.7131,0.4175,1.1429,713.3326,0.0613,4.0000
FLD0139,2026-02-02,0.9286,0.6554,0.3607,1.0433,714.0962,,1.0000
FLD0141,2026-02-02,0.5714,0.7907,0.5748,2.2348,720.2233,,1.0000
FLD0143,2026-02-02,0.5145,0.7638,0.4900,1.8317,718.4272,0.0925,37.0000
FLD0151,2026-02-02,0.7855,0.7839,0.4424,1.3870,715.1069,0.0650,10.0000
FLD0152,2026-02-02,0.5745,0.6401,0.3990,1.1385,715.2063,0.0394,6.0000
FLD0159,2026-02-02,0.5668,0.7501,0.4087,1.2175,713.6582,0.0739,6.0000
FLD0162,2026-02-02,0.5714,0.8691,0.5377,2.1294,719.3673,,1.0000
FLD0166,2026-02-02,0.6094,0.6008,0.3823,1.0934,715.5099,0.0967,7.0000
FLD0167,2026-02-02,0.5366,0.5312,0.3349,0.9011,714.3304,0.1032,21.0000
FLD0168,2026-02-02,0.7258,0.5535,0.3352,0.9768,712.3009,0.1466,14.0000
FLD0169,2026-02-02,1.0000,0.5132,0.2835,0.7018,709.5913,,1.0000
FLD0173,2026-02-02,0.5307,0.6182,0.3690,1.0468,713.6483,0.0794,16.0000
FLD0175,2026-02-02,0.5429,0.6192,0.3650,0.9344,713.4840,0.0547,4.0000
FLD0176,2026-02-02,0.5290,0.5515,0.3306,0.9779,712.3610,0.1515,9.0000
FLD0177,2026-02-02,0.7561,0.3706,0.2065,0.4862,709.0978,0.1102,4.0000
FLD0178,2026-02-02,1.0000,0.3776,0.2086,0.4487,709.3243,0.0145,2.0000
FLD0182,2026-02-02,0.9304,0.5637,0.3609,0.8317,715.0349,0.0604,6.0000
FLD0183,2026-02-02,0.7844,0.6623,0.3899,0.9992,713.1044,0.0609,14.0000
FLD0184,2026-02-02,0.8030,0.6593,0.3853,1.0239,713.5621,0.0583,5.0000
FLD0185,2026-02-02,1.0000,0.4873,0.2949,0.5391,709.9039,0.0528,2.0000
FLD0188,2026-02-02,0.6758,0.6088,0.3499,0.9532,713.3015,0.0657,23.0000
FLD0189,2026-02-02,1.0000,0.6454,0.3782,1.0712,712.8142,0.1074,3.0000
FLD0190,2026-02-02,0.6724,0.6100,0.3548,0.8731,713.3830,0.0904,4.0000
FLD0193,2026-02-02,0.7341,0.7302,0.3784,1.1243,711.8825,0.0904,11.0000
FLD0195,2026-02-02,0.5652,0.8312,0.4598,1.5537,714.7006,0.0719,4.0000
FLD0196,2026-02-02,0.9714,0.5168,0.3369,0.8440,714.4666,0.0078,2.0000
FLD0197,2026-02-02,0.6836,0.6753,0.3584,0.9272,711.5726,0.1277,9.0000
FLD0198,2026-02-02,1.0000,0.3499,0.1911,0.4501,716.2493,,1.0000
FLD0202,2026-02-02,0.5000,0.7108,0.3903,1.2380,715.5176,,1.0000
FLD0203,2026-02-02,0.5404,0.6492,0.3652,1.0117,712.2537,0.0828,15.0000
FLD0205,2026-02-02,0.5443,0.8292,0.4759,1.4811,714.8870,,1.0000
FLD0207,2026-02-02,1.0000,0.5586,0.3197,0.8154,714.3169,0.0331,4.0000
FLD0208,2026-02-02,1.0000,0.6196,0.4510,1.3749,720.0402,0.0950,2.0000
FLD0209,2026-02-02,0.9000,0.6138,0.3264,0.8952,711.0218,0.1068,5.0000
FLD0212,2026-02-02,1.0000,0.8153,0.4071,1.1306,710.4553,,1.0000
FLD0214,2026-02-02,0.6250,0.6966,0.4757,1.4480,718.7848,,1.0000
FLD0219,2026-02-02,0.5200,0.8840,0.4817,1.6009,714.3458,,1.0000
FLD0220,2026-02-02,0.7778,0.7661,0.4511,1.3879,715.6658,0.1367,2.0000
FLD0221,2026-02-02,0.8333,0.5858,0.3484,1.2635,714.1195,,1.0000
FLD0222,2026-02-02,0.8947,0.7100,0.3836,0.9845,712.0166,0.0376,8.0000
FLD0223,2026-02-02,1.0000,0.6712,0.4072,1.2425,715.9243,,1.0000
FLD0226,2026-02-02,0.7367,0.5229,0.3104,0.6330,711.3294,0.0427,6.0000
FLD0230,2026-02-02,0.7273,0.3921,0.1893,0.4811,710.4361,,1.0000
FLD0231,2026-02-02,0.7632,0.6825,0.3893,1.0429,713.1748,0.0550,10.0000
FLD0235,2026-02-02,0.5930,0.5427,0.3155,0.9157,711.8918,0.0940,2.0000
FLD0238,2026-02-02,1.0000,0.3266,0.2529,0.6139,722.5195,,1.0000
FLD0244,2026-02-02,0.7805,0.7899,0.4324,1.1330,712.3785,0.0508,2.0000
FLD0245,2026-02-02,0.9615,0.7245,0.3819,0.9268,710.1123,0.0250,4.0000
FLD0246,2026-02-02,0.5215,0.7285,0.4179,1.1719,712.7768,0.0674,8.0000
FLD0247,2026-02-02,0.8391,0.5454,0.3316,0.7585,711.6737,0.0776,17.0000
FLD0248,2026-02-02,0.6667,0.7073,0.3949,0.9326,711.0257,0.0446,8.0000
FLD0249,2026-02-02,0.6429,0.9311,0.5231,1.7179,715.9324,,1.0000
FLD0250,2026-02-02,0.5188,0.6796,0.4133,1.0914,714.8990,0.1303,8.0000
FLD0251,2026-02-02,0.8797,0.5179,0.2939,0.6841,709.8723,0.0893,33.0000
FLD0252,2026-02-02,0.7512,0.4443,0.2928,0.5866,712.7447,0.0801,6.0000
FLD0253,2026-02-02,0.6919,0.6115,0.3382,0.9342,711.8285,0.1474,12.0000
FLD0254,2026-02-02,0.7049,0.6102,0.3716,0.8204,712.3994,0.0858,8.0000
FLD0256,2026-02-02,0.7926,0.3416,0.2007,0.3853,709.0345,0.1269,4.0000
FLD0257,2026-02-02,0.9630,0.4418,0.2539,0.4817,708.0239,0.0413,5.0000
FLD0258,2026-02-02,1.0000,0.5632,0.3180,0.7622,714.0908,0.0765,2.0000
FLD0259,2026-02-02,0.8169,0.3787,0.2270,0.4608,709.7286,0.0836,20.0000
FLD0263,2026-02-02,0.5128,0.5805,0.3532,0.8226,713.4270,0.0851,10.0000
FLD0265,2026-02-02,0.5562,0.6344,0.3824,1.0398,714.1448,0.0647,22.0000
FLD0266,2026-02-02,0.6532,0.5711,0.3486,0.9519,714.1544,0.0814,59.0000
FLD0269,2026-02-02,0.5628,0.6313,0.3976,1.0813,715.6587,0.0875,4.0000
FLD0273,2026-02-02,0.5389,0.6047,0.3763,1.0515,716.4676,0.1044,4.0000
FLD0274,2026-02-02,0.5745,0.6016,0.3655,0.9333,714.1452,0.0534,7.0000
FLD0275,2026-02-02,0.6580,0.5815,0.3572,0.8784,715.1621,0.0558,10.0000
FLD0276,2026-02-02,0.6010,0.5007,0.3289,0.7225,715.1132,0.0359,7.0000
FLD0278,2026-02-02,0.5394,0.7747,0.4563,1.5154,716.2221,0.0706,14.0000
FLD0279,2026-02-02,0.5694,0.6911,0.3767,1.0794,712.8062,0.0706,8.0000
FLD0280,2026-02-02,0.7061,0.6610,0.3834,1.1299,714.4438,0.0765,11.0000
FLD0281,2026-02-02,0.5385,0.8421,0.4653,1.5302,715.3033,,1.0000
FLD0284,2026-02-02,0.6723,0.7285,0.4278,1.3596,715.4937,0.0477,12.0000
FLD0293,2026-02-02,0.9091,0.4946,0.3165,0.6333,713.1567,0.0821,3.0000
FLD0300,2026-02-02,0.5329,0.8504,0.4617,1.5952,714.4888,0.0400,3.0000
FLD0310,2026-02-02,1.0000,0.5316,0.3409,0.6737,713.8550,,1.0000
FLD0314,2026-02-02,0.6324,0.8763,0.4680,1.3268,712.1011,0.0590,4.0000
FLD0318,2026-02-02,0.5703,0.6415,0.3485,1.0166,712.8662,0.0752,7.0000
FLD0322,2026-02-02,0.5493,0.7812,0.4414,1.3467,713.9137,0.0602,5.0000
FLD0325,2026-02-02,0.9487,0.5822,0.3301,0.7830,712.7026,0.0741,8.0000
FLD0326,2026-02-02,0.5629,0.5427,0.3303,0.7539,712.9282,0.0253,7.0000
FLD0330,2026-02-02,0.6757,0.5604,0.3049,0.7470,710.4310,0.0783,7.0000
FLD0334,2026-02-02,0.6124,0.2870,0.1456,0.2779,702.0590,0.0581,20.0000
FLD0336,2026-02-02,0.9565,0.5718,0.3279,0.7037,710.8640,0.1141,11.0000
FLD0337,2026-02-02,0.5333,0.1810,0.0886,0.1684,700.3223,,1.0000
FLD0338,2026-02-02,0.6809,0.3907,0.2093,0.3618,704.1328,0.1242,9.0000
FLD0339,2026-02-02,0.8224,0.3639,0.2176,0.3452,705.5512,0.0113,7.0000
FLD0340,2026-02-02,0.7857,0.3723,0.2033,0.4056,708.4569,0.1110,8.0000
FLD0341,2026-02-02,0.7049,0.4980,0.2369,0.5635,708.6334,0.0771,3.0000
FLD0343,2026-02-02,0.5106,0.6556,0.3376,0.8059,708.9223,0.0700,4.0000
FLD0345,2026-02-02,0.8647,0.5916,0.3365,0.7781,711.8821,0.0576,14.0000
FLD0348,2026-02-02,0.5285,0.1981,0.1297,0.2161,711.2689,0.0263,2.0000
FLD0351,2026-02-02,0.5025,0.3161,0.2422,0.4294,720.0090,0.0619,9.0000
FLD0352,2026-02-02,0.7330,0.4838,0.3133,0.9277,717.2113,0.1151,11.0000
FLD0353,2026-02-02,0.9252,0.3267,0.2029,0.4059,711.2211,0.0723,10.0000
FLD0354,2026-02-02,0.6667,0.3082,0.1919,0.4476,718.0771,0.0912,13.0000
FLD0355,2026-02-02,0.5200,0.2046,0.1375,0.2399,714.9081,0.0381,8.0000
FLD0356,2026-02-02,0.9206,0.3482,0.2195,0.4120,710.2773,0.0818,28.0000
FLD0357,2026-02-02,0.9459,0.3318,0.2096,0.3594,709.4181,0.0472,8.0000
FLD0358,2026-02-02,0.8519,0.2758,0.1812,0.3517,712.7112,0.0453,5.0000
FLD0359,2026-02-02,0.9444,0.3345,0.2455,0.5414,718.9675,0.0898,3.0000
FLD0360,2026-02-02,0.7333,0.3541,0.2220,0.5211,715.1244,0.0916,12.0000
FLD0361,2026-02-02,0.6933,0.4075,0.2536,0.6443,714.1472,0.1310,6.0000
FLD0366,2026-02-02,0.5161,0.8722,0.5346,2.2999,719.7255,0.0464,3.0000
FLD0368,2026-02-02,0.8100,0.6541,0.3754,0.8712,711.9610,0.0295,4.0000
FLD0374,2026-02-02,0.6766,0.4234,0.2396,0.5521,707.3437,0.1099,82.0000
FLD0375,2026-02-02,1.0000,0.3688,0.2453,0.4186,712.1109,0.0237,3.0000
FLD0377,2026-02-02,0.8864,0.2503,0.1659,0.2401,706.3458,0.0438,5.0000
FLD0378,2026-02-02,0.6327,0.2834,0.1579,0.3042,708.9178,0.0626,6.0000
FLD0379,2026-02-02,0.9535,0.3583,0.2065,0.3658,704.9096,0.0770,8.0000
FLD0380,2026-02-02,0.7674,0.6376,0.3530,0.8741,711.2496,0.0708,55.0000
FLD0381,2026-02-02,0.7035,0.5862,0.3273,0.7712,711.3091,0.0880,15.0000
FLD0382,2026-02-02,0.7619,0.4176,0.2438,0.4990,710.3368,0.0366,5.0000
FLD0383,2026-02-02,0.7588,0.3552,0.2028,0.3668,707.3694,0.0552,24.0000
FLD0384,2026-02-02,0.6754,0.7378,0.4285,1.1849,714.5757,0.0705,11.0000
FLD0388,2026-02-02,0.6333,0.7104,0.4253,1.3016,716.2410,,1.0000
FLD0391,2026-02-02,0.8537,0.4713,0.3211,0.6275,713.8316,,1.0000
FLD0392,2026-02-02,0.7897,0.5740,0.3351,0.8416,712.3182,0.0642,23.0000
FLD0397,2026-02-02,0.5979,0.7001,0.3756,1.1133,712.2210,0.0438,3.0000
FLD0398,2026-02-02,0.8065,0.6311,0.3652,0.9096,712.5703,0.0851,10.0000
FLD0399,2026-02-02,0.7131,0.5478,0.3299,0.7825,712.2047,0.1251,6.0000
FLD0401,2026-02-02,0.7417,0.5259,0.3168,0.6709,711.7217,0.0604,7.0000
FLD0402,2026-02-02,0.7222,0.6805,0.3950,1.2436,714.6204,0.1086,12.0000
FLD0404,2026-02-02,0.8571,0.7395,0.4287,1.3039,715.8580,0.0537,2.0000
FLD0405,2026-02-02,0.7500,0.8024,0.4579,1.5072,715.9279,0.0301,4.0000
FLD0406,2026-02-02,1.0000,0.6915,0.3975,1.1274,714.6124,0.0038,2.0000
FLD0423,2026-02-02,0.9000,0.7293,0.4027,1.0578,712.5668,,1.0000
FLD0426,2026-02-02,0.7972,0.7463,0.4304,1.3005,714.5684,0.0788,11.0000
FLD0427,2026-02-02,0.8843,0.7930,0.4427,1.3825,714.8768,0.0549,11.0000
FLD0431,2026-02-02,0.7123,0.7937,0.4545,1.3115,713.7579,0.0477,3.0000
FLD0434,2026-02-02,0.6286,0.8299,0.4935,1.6076,715.6949,,1.0000
FLD0436,2026-02-02,0.7596,0.7035,0.4076,1.1085,713.3442,0.0863,19.0000
FLD0438,2026-02-02,0.6957,0.7755,0.3642,0.9972,710.0756,0.0741,3.0000
FLD0440,2026-02-02,0.8990,0.6047,0.3590,0.8271,712.9270,0.1070,6.0000
FLD0442,2026-02-02,0.6250,0.7431,0.4289,1.1959,712.8515,0.0282,3.0000
FLD0443,2026-02-02,0.9293,0.6356,0.3739,0.9132,713.3977,0.0893,5.0000
FLD0447,2026-02-02,1.0000,0.4886,0.3077,0.5554,711.9804,0.0230,3.0000
FLD0458,2026-02-02,0.9000,0.8038,0.3780,0.8386,705.8370,0.0375,2.0000
FLD0459,2026-02-02,0.9091,0.6101,0.3596,0.8890,715.0333,0.0449,4.0000
FLD0466,2026-02-02,0.9333,0.6535,0.4238,1.2946,717.5494,0.0671,4.0000
FLD0468,2026-02-02,0.7000,0.7708,0.4817,1.7494,719.8698,0.0816,2.0000
FLD0003,2026-02-07,0.5366,0.7260,0.4431,1.3644,717.4727,0.1204,5.0000
FLD0005,2026-02-07,0.6102,0.6829,0.3815,0.9939,718.7199,0.0494,4.0000
FLD0038,2026-02-07,0.6008,0.7323,0.4565,1.5240,719.9656,0.0797,14.0000
FLD0053,2026-02-07,0.6444,0.4560,0.3091,0.9402,721.9417,0.0856,6.0000
FLD0056,2026-02-07,0.6457,0.6979,0.4412,1.2713,718.2092,0.0601,6.0000
FLD0059,2026-02-07,0.6329,0.7074,0.4360,1.1776,717.1740,0.0538,5.0000
FLD0073,2026-02-07,0.6923,0.7139,0.4764,1.7511,719.8980,0.1748,2.0000
FLD0076,2026-02-07,0.5778,0.7255,0.4356,1.1278,716.7883,,1.0000
FLD0093,2026-02-07,0.5230,0.5108,0.3466,0.9504,719.8240,0.0620,6.0000
FLD0097,2026-02-07,0.5081,0.7676,0.4538,1.3981,719.7543,0.0223,5.0000
FLD0102,2026-02-07,0.5217,0.5701,0.3866,1.1593,724.8299,,1.0000
FLD0129,2026-02-07,0.6923,0.6810,0.4326,1.3912,720.3178,0.1344,2.0000
FLD0130,2026-02-07,0.9231,0.5275,0.3274,0.7439,717.1210,0.0460,2.0000
FLD0139,2026-02-07,0.6429,0.6132,0.3518,1.0594,717.1236,,1.0000
FLD0151,2026-02-07,0.8189,0.6217,0.3903,1.1758,718.3921,0.0896,11.0000
FLD0158,2026-02-07,0.5957,0.5490,0.3337,0.8038,716.0857,0.0188,2.0000
FLD0168,2026-02-07,0.5415,0.5602,0.3664,1.2065,717.0756,0.1080,10.0000
FLD0177,2026-02-07,0.6159,0.3312,0.1926,0.4715,710.5545,0.1520,4.0000
FLD0178,2026-02-07,0.5714,0.3069,0.1800,0.4529,721.6010,,1.0000
FLD0182,2026-02-07,0.6519,0.4807,0.3278,0.7322,718.5149,,1.0000
FLD0183,2026-02-07,0.5689,0.5825,0.3724,0.9660,718.3019,0.0961,5.0000
FLD0185,2026-02-07,0.8875,0.4134,0.2573,0.4381,712.8040,0.0370,2.0000
FLD0188,2026-02-07,0.5645,0.5727,0.3418,0.9734,715.9471,0.0775,20.0000
FLD0189,2026-02-07,0.7000,0.5758,0.3683,0.8896,718.3555,0.0614,2.0000
FLD0196,2026-02-07,0.9286,0.5015,0.3509,1.0332,721.5515,0.0218,2.0000
FLD0207,2026-02-07,0.8462,0.5301,0.3355,1.0115,719.9340,0.0340,3.0000
FLD0209,2026-02-07,0.6500,0.6394,0.3855,1.2876,717.0747,0.1945,4.0000
FLD0214,2026-02-07,0.5000,0.6923,0.5246,2.0006,724.9789,,1.0000
FLD0221,2026-02-07,0.6667,0.4484,0.2994,0.8238,724.4913,,1.0000
FLD0222,2026-02-07,0.7368,0.7239,0.4155,1.1957,716.7723,0.0651,5.0000
FLD0223,2026-02-07,0.8182,0.6487,0.4354,1.6661,721.9445,,1.0000
FLD0226,2026-02-07,0.5433,0.5822,0.3392,0.7438,714.0638,0.0584,5.0000
FLD0230,2026-02-07,0.6364,0.3383,0.1685,0.4340,714.9841,,1.0000
FLD0231,2026-02-07,0.5994,0.6987,0.4274,1.2640,718.0708,0.0939,10.0000
FLD0238,2026-02-07,0.8000,0.2779,0.2644,0.7731,732.5488,,1.0000
FLD0245,2026-02-07,0.6154,0.8149,0.4297,1.1634,710.9166,0.0216,2.0000
FLD0247,2026-02-07,0.7609,0.5314,0.3371,0.7870,716.0281,0.0503,14.0000
FLD0251,2026-02-07,0.5731,0.4694,0.3006,0.6995,715.3894,0.0838,22.0000
FLD0252,2026-02-07,0.6746,0.4440,0.3251,0.6767,718.4454,0.0498,5.0000
FLD0256,2026-02-07,0.5852,0.3477,0.2157,0.4719,717.4965,0.1090,4.0000
FLD0257,2026-02-07,0.7593,0.4910,0.3022,0.6873,716.8388,0.0806,4.0000
FLD0258,2026-02-07,0.8750,0.5953,0.3482,0.9689,718.6704,0.1648,2.0000
FLD0259,2026-02-07,0.6444,0.4480,0.2782,0.6727,715.7088,0.0833,14.0000
FLD0263,2026-02-07,0.5383,0.5053,0.3356,0.7804,717.6145,0.1062,9.0000
FLD0266,2026-02-07,0.5534,0.5548,0.3412,0.9332,716.5291,0.0862,51.0000
FLD0276,2026-02-07,0.5123,0.4159,0.3004,0.5885,719.4622,0.0521,7.0000
FLD0280,2026-02-07,0.6371,0.6782,0.4141,1.4032,718.2709,0.1024,9.0000
FLD0281,2026-02-07,0.7692,0.8034,0.4725,1.5502,717.6693,0.0162,2.0000
FLD0284,2026-02-07,0.5000,0.7412,0.4499,1.6175,718.5059,0.0763,9.0000
FLD0292,2026-02-07,0.9020,0.7083,0.4204,1.1296,715.8082,,1.0000
FLD0293,2026-02-07,0.9318,0.4631,0.3173,0.7534,717.7905,0.1161,3.0000
FLD0310,2026-02-07,1.0000,0.4607,0.3090,0.5705,717.1614,,1.0000
FLD0314,2026-02-07,0.5147,0.8535,0.4894,1.5154,715.4805,0.0759,3.0000
FLD0318,2026-02-07,0.5216,0.5901,0.3386,1.0628,716.1008,0.0679,6.0000
FLD0322,2026-02-07,0.5211,0.7990,0.4734,1.6927,719.0858,0.0728,5.0000
FLD0325,2026-02-07,0.9231,0.5457,0.3324,0.8784,718.9331,0.1130,7.0000
FLD0334,2026-02-07,0.5116,0.3042,0.1476,0.3204,704.4243,0.0650,14.0000
FLD0336,2026-02-07,0.7478,0.5435,0.3325,0.7688,715.8036,0.0712,5.0000
FLD0340,2026-02-07,0.6429,0.3786,0.2415,0.6035,717.8617,0.1233,4.0000
FLD0345,2026-02-07,0.7222,0.6143,0.3790,1.0381,718.3055,0.0753,12.0000
FLD0353,2026-02-07,0.7477,0.3807,0.2386,0.5742,719.5568,0.1101,7.0000
FLD0356,2026-02-07,0.7332,0.4109,0.2672,0.5544,716.4183,0.0881,20.0000
FLD0357,2026-02-07,0.8649,0.3670,0.2401,0.4212,715.6670,0.0217,7.0000
FLD0358,2026-02-07,0.6667,0.3357,0.2194,0.4731,717.5310,0.0292,3.0000
FLD0359,2026-02-07,0.8333,0.3424,0.2610,0.6833,722.6718,0.1396,3.0000
FLD0360,2026-02-07,0.5556,0.3737,0.2530,0.6726,718.4473,0.1126,8.0000
FLD0361,2026-02-07,0.5333,0.3893,0.2867,0.8104,718.0701,0.1134,4.0000
FLD0374,2026-02-07,0.5028,0.4315,0.2511,0.5806,711.6701,0.1077,55.0000
FLD0375,2026-02-07,0.8000,0.4265,0.2808,0.5840,717.9783,0.0849,2.0000
FLD0377,2026-02-07,0.6932,0.2893,0.1903,0.2976,710.8877,0.0369,2.0000
FLD0379,2026-02-07,0.7442,0.4601,0.2907,0.6686,715.5555,0.0897,6.0000
FLD0380,2026-02-07,0.5485,0.6160,0.3745,1.0546,716.6030,0.0940,36.0000
FLD0381,2026-02-07,0.5647,0.6409,0.3779,1.0843,716.6277,0.1279,11.0000
FLD0382,2026-02-07,0.6488,0.5137,0.3048,0.7281,714.4734,0.0381,4.0000
FLD0383,2026-02-07,0.6495,0.4214,0.2450,0.5373,712.6210,0.0632,20.0000
FLD0384,2026-02-07,0.5602,0.5949,0.3799,1.0133,718.2088,0.0879,9.0000
FLD0391,2026-02-07,0.7805,0.6367,0.4221,1.1362,718.8707,,1.0000
FLD0392,2026-02-07,0.6682,0.5755,0.3540,0.9543,716.8123,0.0634,20.0000
FLD0402,2026-02-07,0.5278,0.6509,0.4252,1.5663,719.4906,0.1393,7.0000
FLD0404,2026-02-07,0.8095,0.7375,0.4734,1.6577,719.7303,0.1016,2.0000
FLD0406,2026-02-07,0.9487,0.7148,0.4324,1.4902,724.2755,0.0443,2.0000
FLD0423,2026-02-07,0.7000,0.8251,0.4744,1.5087,718.1951,,1.0000
FLD0427,2026-02-07,0.5868,0.8842,0.4998,1.7637,718.0164,0.0277,7.0000
FLD0431,2026-02-07,0.8904,0.5620,0.3538,0.8690,716.9852,0.0416,3.0000
FLD0436,2026-02-07,0.5393,0.6580,0.4105,1.2196,717.0151,0.0867,13.0000
FLD0440,2026-02-07,0.6162,0.6016,0.3974,0.9898,717.5934,0.0859,4.0000
FLD0443,2026-02-07,0.7172,0.5502,0.3507,0.8790,717.2237,0.0846,4.0000
FLD0447,2026-02-07,0.9804,0.4917,0.3206,0.6020,716.1026,0.0470,3.0000
FLD0448,2026-02-07,0.5588,0.7164,0.4323,1.1344,718.8322,0.0211,2.0000
FLD0458,2026-02-07,0.6000,0.8345,0.4689,1.6915,721.8010,0.0171,2.0000
FLD0459,2026-02-07,0.8182,0.6009,0.3926,1.1894,721.5761,0.0965,3.0000
FLD0466,2026-02-07,0.8667,0.6059,0.4293,1.4414,722.5882,0.0658,3.0000
FLD0468,2026-02-07,0.5000,0.7498,0.5658,2.2961,723.3344,,1.0000
FLD0003,2026-02-12,0.5854,0.6975,0.4037,0.9763,713.0537,0.0880,5.0000
FLD0005,2026-02-12,0.6780,0.6021,0.3733,0.9223,714.4157,0.0406,4.0000
FLD0006,2026-02-12,0.5217,0.6301,0.3881,0.9262,713.7852,0.0522,8.0000
FLD0038,2026-02-12,0.6008,0.7206,0.4381,1.2990,715.8993,0.0844,15.0000
FLD0053,2026-02-12,0.6000,0.4579,0.2833,0.7695,717.7199,0.1187,5.0000
FLD0056,2026-02-12,0.6496,0.7560,0.4554,1.2221,714.5619,0.0366,7.0000
FLD0059,2026-02-12,0.6232,0.6800,0.4135,1.0143,713.7512,0.0570,5.0000
FLD0073,2026-02-12,0.8462,0.6129,0.3871,1.0595,717.0514,0.1108,2.0000
FLD0076,2026-02-12,0.5778,0.6827,0.4126,1.0477,713.1544,,1.0000
FLD0127,2026-02-12,0.5411,0.7498,0.4007,1.0791,710.1968,0.0236,2.0000
FLD0129,2026-02-12,0.5385,0.6623,0.4400,1.3335,719.1681,0.1696,2.0000
FLD0130,2026-02-12,0.8462,0.5122,0.3218,0.7197,714.7166,0.0533,2.0000
FLD0139,2026-02-12,0.6429,0.6521,0.3984,1.2649,714.4667,,1.0000
FLD0151,2026-02-12,0.7632,0.5860,0.3611,0.9714,714.6854,0.0811,10.0000
FLD0158,2026-02-12,0.6454,0.6783,0.3852,0.9063,710.7306,0.0974,3.0000
FLD0166,2026-02-12,0.5000,0.5562,0.3650,0.9769,714.9232,0.1087,6.0000
FLD0168,2026-02-12,0.6014,0.5370,0.3378,0.9230,713.0950,0.0986,11.0000
FLD0177,2026-02-12,0.6220,0.3172,0.1805,0.3798,706.7138,0.1501,4.0000
FLD0178,2026-02-12,0.5714,0.2606,0.1672,0.3366,714.9477,,1.0000
FLD0182,2026-02-12,0.6772,0.5153,0.3390,0.6839,714.2697,,1.0000
FLD0183,2026-02-12,0.5928,0.5694,0.3519,0.8048,712.7231,0.0988,8.0000
FLD0185,2026-02-12,0.9125,0.3983,0.2496,0.4081,710.2184,0.0340,2.0000
FLD0188,2026-02-12,0.5019,0.5502,0.3266,0.8100,712.0484,0.0707,17.0000
FLD0189,2026-02-12,0.7000,0.6313,0.3434,0.7031,708.3579,0.0046,2.0000
FLD0196,2026-02-12,0.9143,0.4964,0.3368,0.8468,714.1799,0.0227,2.0000
FLD0207,2026-02-12,0.7692,0.5083,0.3465,0.9674,719.9805,0.0872,3.0000
FLD0209,2026-02-12,0.6500,0.6292,0.3450,0.9631,711.8421,0.1789,4.0000
FLD0214,2026-02-12,0.5000,0.6891,0.5073,1.6411,717.3625,,1.0000
FLD0221,2026-02-12,0.6667,0.4155,0.3263,0.6927,712.6457,,1.0000
FLD0222,2026-02-12,0.7632,0.7147,0.3936,1.0017,713.2107,0.0259,6.0000
FLD0223,2026-02-12,0.9091,0.6096,0.4093,1.2124,716.0211,,1.0000
FLD0226,2026-02-12,0.5300,0.5710,0.3375,0.6339,710.0159,0.0414,5.0000
FLD0231,2026-02-12,0.6901,0.6579,0.3902,1.0148,713.6420,0.0795,10.0000
FLD0245,2026-02-12,0.5769,0.7927,0.4346,1.1195,711.1315,0.0751,2.0000
FLD0247,2026-02-12,0.7766,0.5105,0.3163,0.6767,711.5995,0.0431,14.0000
FLD0248,2026-02-12,0.5467,0.5958,0.3585,0.7466,711.9465,0.0451,5.0000
FLD0251,2026-02-12,0.5358,0.4792,0.3062,0.6464,712.6156,0.0919,18.0000
FLD0252,2026-02-12,0.6651,0.4734,0.3349,0.6546,715.3254,0.0414,5.0000
FLD0256,2026-02-12,0.5926,0.3453,0.2186,0.4130,714.0996,0.0784,2.0000
FLD0257,2026-02-12,0.7037,0.4909,0.2743,0.5487,711.3509,0.0496,4.0000
FLD0258,2026-02-12,1.0000,0.5645,0.2772,0.6313,715.6609,0.0631,2.0000
FLD0259,2026-02-12,0.6268,0.4568,0.2864,0.6422,713.3857,0.0647,15.0000
FLD0263,2026-02-12,0.6913,0.4637,0.2988,0.6016,713.2818,0.0940,10.0000
FLD0266,2026-02-12,0.5315,0.5226,0.3225,0.7519,711.8252,0.0783,48.0000
FLD0276,2026-02-12,0.5074,0.3780,0.2706,0.4846,717.2252,0.0443,7.0000
FLD0280,2026-02-12,0.5325,0.6717,0.4047,1.3204,715.8184,0.1029,7.0000
FLD0281,2026-02-12,0.8462,0.7478,0.4018,1.0762,712.0390,0.0363,2.0000
FLD0291,2026-02-12,0.9437,0.6026,0.3621,0.7801,711.9412,,1.0000
FLD0292,2026-02-12,0.9608,0.6040,0.3452,0.7139,708.9981,,1.0000
FLD0293,2026-02-12,0.8182,0.4401,0.3131,0.6555,716.5965,0.1852,2.0000
FLD0310,2026-02-12,1.0000,0.4472,0.2982,0.5226,715.5591,,1.0000
FLD0325,2026-02-12,0.8205,0.5822,0.3347,0.8479,716.4628,0.1108,6.0000
FLD0330,2026-02-12,0.5225,0.5630,0.3155,0.8185,713.6006,0.1023,4.0000
FLD0336,2026-02-12,0.6609,0.5582,0.3401,0.7661,714.1897,0.0642,5.0000
FLD0340,2026-02-12,0.6429,0.3477,0.2244,0.4701,718.4607,0.1481,4.0000
FLD0345,2026-02-12,0.6498,0.6052,0.3731,0.9092,714.7295,0.0786,10.0000
FLD0348,2026-02-12,0.5041,0.2636,0.1633,0.2732,709.8623,0.0369,3.0000
FLD0353,2026-02-12,0.7570,0.4051,0.2495,0.5382,715.7704,0.0948,7.0000
FLD0356,2026-02-12,0.7373,0.4055,0.2571,0.4960,712.0274,0.0657,21.0000
FLD0357,2026-02-12,0.9189,0.3760,0.2410,0.4044,711.4845,0.0744,9.0000
FLD0358,2026-02-12,0.5926,0.3275,0.1902,0.3342,714.8458,0.0188,3.0000
FLD0359,2026-02-12,0.6111,0.4103,0.2695,0.7509,721.9181,,1.0000
FLD0360,2026-02-12,0.5333,0.3601,0.2246,0.5076,714.7243,0.1149,11.0000
FLD0375,2026-02-12,1.0000,0.4402,0.2926,0.5598,715.0747,0.0819,3.0000
FLD0377,2026-02-12,0.6932,0.2950,0.1890,0.2657,709.3351,,1.0000
FLD0378,2026-02-12,0.5525,0.3363,0.2026,0.4092,714.1779,0.1552,5.0000
FLD0379,2026-02-12,0.6512,0.4582,0.2693,0.5880,712.9335,0.0537,5.0000
FLD0382,2026-02-12,0.6310,0.5373,0.3134,0.7073,710.3628,0.0437,5.0000
FLD0383,2026-02-12,0.6186,0.4095,0.2398,0.4520,709.4314,0.0406,20.0000
FLD0384,2026-02-12,0.5340,0.5399,0.3357,0.7641,714.2776,0.0769,8.0000
FLD0391,2026-02-12,0.7398,0.7695,0.4649,1.2846,715.0099,,1.0000
FLD0392,2026-02-12,0.6706,0.5710,0.3413,0.9071,713.3672,0.0582,18.0000
FLD0402,2026-02-12,0.5093,0.6222,0.4156,1.4920,718.0326,0.1292,6.0000
FLD0404,2026-02-12,0.8095,0.7572,0.4466,1.3795,715.9657,0.0730,2.0000
FLD0406,2026-02-12,0.8205,0.7328,0.4495,1.3638,713.5801,0.0015,2.0000
FLD0423,2026-02-12,0.7000,0.8229,0.4498,1.2345,713.3938,,1.0000
FLD0427,2026-02-12,0.5702,0.8720,0.4618,1.4085,714.3189,0.0289,7.0000
FLD0431,2026-02-12,0.9315,0.5400,0.3366,0.7203,712.6610,0.0567,3.0000
FLD0436,2026-02-12,0.5978,0.6508,0.3891,1.0249,713.7863,0.1017,14.0000
FLD0440,2026-02-12,0.6263,0.6121,0.3892,0.9530,714.6703,0.0455,4.0000
FLD0443,2026-02-12,0.6869,0.5040,0.3092,0.6798,713.1099,0.0616,3.0000
FLD0447,2026-02-12,0.7549,0.5381,0.3229,0.5789,712.1110,0.0657,2.0000
FLD0459,2026-02-12,0.7727,0.6055,0.3753,1.0811,721.3715,0.1533,3.0000
FLD0466,2026-02-12,0.8667,0.6058,0.4026,1.2308,717.2255,0.0550,3.0000
FLD0468,2026-02-12,1.0000,0.7313,0.4133,1.0365,713.4397,0.0295,2.0000
FLD0003,2026-02-17,0.6585,0.6864,0.4117,1.1656,716.9932,0.0818,6.0000
FLD0005,2026-02-17,0.5085,0.6140,0.3634,1.0599,716.4598,0.0612,3.0000
FLD0006,2026-02-17,0.5411,0.6456,0.3989,1.1013,718.1730,0.0708,9.0000
FLD0033,2026-02-17,0.5504,0.6765,0.4430,1.5474,719.8593,0.0592,3.0000
FLD0038,2026-02-17,0.7143,0.6833,0.4195,1.2982,719.2132,0.0740,17.0000
FLD0042,2026-02-17,0.5000,0.6957,0.4314,1.2475,718.0296,0.0545,7.0000
FLD0051,2026-02-17,0.6667,0.7321,0.4651,1.5395,722.2216,0.0791,2.0000
FLD0053,2026-02-17,0.6667,0.5290,0.3615,1.2884,721.0956,0.0682,5.0000
FLD0056,2026-02-17,0.8150,0.7121,0.4358,1.1957,717.3630,0.0523,11.0000
FLD0059,2026-02-17,0.6812,0.6693,0.4091,1.0711,716.6421,0.0652,6.0000
FLD0073,2026-02-17,1.0000,0.5693,0.3473,0.8771,715.6125,0.0901,2.0000
FLD0076,2026-02-17,0.7111,0.6549,0.3988,1.0071,717.0540,0.0341,2.0000
FLD0079,2026-02-17,0.5558,0.7507,0.4463,1.3999,718.3889,0.0514,12.0000
FLD0095,2026-02-17,0.5257,0.7403,0.4156,1.1899,716.5849,0.0753,7.0000
FLD0097,2026-02-17,0.6129,0.7219,0.4172,1.2180,717.2430,0.0541,6.0000
FLD0102,2026-02-17,0.6087,0.5749,0.3834,1.1423,720.4152,,1.0000
FLD0127,2026-02-17,0.7633,0.7270,0.3973,1.2529,714.9012,0.0547,4.0000
FLD0129,2026-02-17,0.8462,0.6905,0.4201,1.3119,719.8794,0.1220,3.0000
FLD0130,2026-02-17,0.9231,0.5178,0.3229,0.7995,719.4103,0.0341,2.0000
FLD0135,2026-02-17,0.5500,0.7132,0.4366,1.3619,716.1165,0.0394,5.0000
FLD0137,2026-02-17,0.5094,0.6469,0.4072,1.1218,716.7953,0.0273,4.0000
FLD0139,2026-02-17,0.8571,0.6518,0.3512,1.1043,714.9525,,1.0000
FLD0141,2026-02-17,0.5714,0.7628,0.5997,2.5385,723.7558,,1.0000
FLD0151,2026-02-17,0.8245,0.5964,0.3652,1.0705,717.3073,0.0978,11.0000
FLD0152,2026-02-17,0.5155,0.6346,0.4077,1.2111,719.0048,0.0330,6.0000
FLD0157,2026-02-17,0.8000,0.8097,0.5157,1.9731,719.1402,,1.0000
FLD0158,2026-02-17,0.7589,0.5932,0.3547,0.8409,714.4967,0.0578,3.0000
FLD0166,2026-02-17,0.6016,0.5843,0.3891,1.2257,720.5450,0.0853,6.0000
FLD0168,2026-02-17,0.6198,0.5201,0.3152,0.9019,715.3484,0.1143,12.0000
FLD0169,2026-02-17,0.8000,0.5003,0.2620,0.7668,723.1939,,1.0000
FLD0177,2026-02-17,0.5793,0.3451,0.2027,0.5131,711.8629,0.1232,4.0000
FLD0178,2026-02-17,0.5714,0.3389,0.1765,0.3834,705.9409,,1.0000
FLD0182,2026-02-17,0.7722,0.5841,0.3771,0.8972,717.8829,0.0701,4.0000
FLD0183,2026-02-17,0.7246,0.5858,0.3592,0.8692,716.6490,0.0501,9.0000
FLD0184,2026-02-17,0.6515,0.6799,0.4046,1.2654,718.3786,0.0653,3.0000
FLD0185,2026-02-17,0.9250,0.4173,0.2568,0.4897,714.3929,0.0397,2.0000
FLD0188,2026-02-17,0.6095,0.5445,0.3293,0.9498,716.4344,0.0733,21.0000
FLD0189,2026-02-17,0.8000,0.6369,0.3864,1.2155,717.2432,0.1468,2.0000
FLD0196,2026-02-17,0.9429,0.4869,0.3282,0.8554,717.0611,0.0234,2.0000
FLD0198,2026-02-17,0.8000,0.3612,0.1714,0.5089,720.8546,,1.0000
FLD0205,2026-02-17,0.5063,0.7904,0.4781,1.6215,718.7211,,1.0000
FLD0207,2026-02-17,0.9231,0.5132,0.2966,0.7634,715.5985,0.0299,3.0000
FLD0208,2026-02-17,1.0000,0.6051,0.4788,1.6453,729.0623,0.1395,2.0000
FLD0209,2026-02-17,0.9000,0.6207,0.3327,0.9920,714.1410,0.1289,5.0000
FLD0212,2026-02-17,0.8000,0.7526,0.4260,1.2774,715.8959,,1.0000
FLD0214,2026-02-17,0.5000,0.6155,0.5105,1.9969,723.8457,,1.0000
FLD0221,2026-02-17,0.8333,0.4834,0.3838,1.9875,722.7755,,1.0000
FLD0222,2026-02-17,0.8421,0.6661,0.3945,1.1167,716.0790,0.0582,7.0000
FLD0223,2026-02-17,1.0000,0.6102,0.4087,1.3967,720.9251,,1.0000
FLD0226,2026-02-17,0.6067,0.5425,0.3223,0.6934,712.5361,0.0329,5.0000
FLD0228,2026-02-17,0.5426,0.7699,0.4809,1.5757,719.1841,0.1158,9.0000
FLD0230,2026-02-17,0.5455,0.3180,0.1660,0.3835,711.4624,,1.0000
FLD0231,2026-02-17,0.7427,0.6453,0.3813,1.0329,716.1743,0.0813,11.0000
FLD0235,2026-02-17,0.5349,0.4656,0.2948,1.0069,714.4194,0.1105,2.0000
FLD0238,2026-02-17,1.0000,0.2644,0.2175,0.5863,731.6620,,1.0000
FLD0245,2026-02-17,0.9231,0.7590,0.4001,1.0843,712.3085,0.0410,3.0000
FLD0247,2026-02-17,0.7766,0.5071,0.3159,0.6972,714.2331,0.0654,16.0000
FLD0248,2026-02-17,0.5867,0.6254,0.3740,0.9171,714.9120,0.0454,6.0000
FLD0251,2026-02-17,0.6275,0.4946,0.3099,0.7492,715.6251,0.0998,24.0000
FLD0252,2026-02-17,0.6794,0.5059,0.3474,0.7744,718.3232,0.0347,5.0000
FLD0254,2026-02-17,0.6284,0.6436,0.3991,1.0078,717.5268,0.0672,7.0000
FLD0256,2026-02-17,0.6000,0.3370,0.2135,0.4280,714.5692,0.0646,2.0000
FLD0257,2026-02-17,0.9074,0.4599,0.2587,0.5690,712.3023,0.0451,4.0000
FLD0258,2026-02-17,1.0000,0.5411,0.2547,0.5441,709.5926,0.0089,2.0000
FLD0259,2026-02-17,0.6866,0.4366,0.2670,0.6220,715.2472,0.0752,15.0000
FLD0263,2026-02-17,0.7398,0.4733,0.3120,0.6798,717.0256,0.1056,13.0000
FLD0266,2026-02-17,0.6194,0.5217,0.3162,0.8242,714.2593,0.0862,57.0000
FLD0275,2026-02-17,0.5178,0.5137,0.3345,0.8524,718.6417,0.0779,8.0000
FLD0276,2026-02-17,0.5074,0.4119,0.2881,0.5703,718.3598,0.0315,7.0000
FLD0280,2026-02-17,0.6568,0.6699,0.4070,1.3334,718.2613,0.0841,7.0000
FLD0281,2026-02-17,1.0000,0.7050,0.3910,1.1748,716.5119,0.0488,2.0000
FLD0284,2026-02-17,0.5588,0.6895,0.4234,1.4961,717.9614,0.0884,11.0000
FLD0286,2026-02-17,0.5269,0.6464,0.3957,1.2026,718.2505,,1.0000
FLD0291,2026-02-17,0.9718,0.5592,0.3421,0.7218,714.7620,,1.0000
FLD0292,2026-02-17,0.9804,0.5782,0.3454,0.7786,713.1576,,1.0000
FLD0293,2026-02-17,0.9545,0.4892,0.3350,0.7692,718.8405,0.0971,4.0000
FLD0310,2026-02-17,1.0000,0.4728,0.3051,0.5750,716.0720,,1.0000
FLD0314,2026-02-17,0.7206,0.8305,0.4607,1.3696,716.2720,0.0375,5.0000
FLD0318,2026-02-17,0.5568,0.6132,0.3308,0.9928,714.5848,0.0929,8.0000
FLD0322,2026-02-17,0.5915,0.8255,0.4678,1.6106,717.6055,0.0757,6.0000
FLD0325,2026-02-17,0.8718,0.5621,0.3353,0.8762,720.4532,0.0872,7.0000
FLD0326,2026-02-17,0.5563,0.4974,0.3210,0.7700,717.7509,0.0311,7.0000
FLD0330,2026-02-17,0.5946,0.5618,0.3314,0.9332,716.5542,0.0918,5.0000
FLD0334,2026-02-17,0.5349,0.2752,0.1388,0.2955,704.8983,0.0634,15.0000
FLD0336,2026-02-17,0.8261,0.5766,0.3444,0.8161,715.1775,0.1066,8.0000
FLD0339,2026-02-17,0.5329,0.5366,0.3061,0.6822,714.9983,0.0193,4.0000
FLD0340,2026-02-17,0.6714,0.3860,0.2380,0.6014,718.1416,0.1730,5.0000
FLD0345,2026-02-17,0.8043,0.5932,0.3621,0.9282,717.5109,0.0667,14.0000
FLD0353,2026-02-17,0.7196,0.3810,0.2398,0.5596,719.6053,0.0925,9.0000
FLD0356,2026-02-17,0.6701,0.3916,0.2454,0.5253,714.2427,0.0997,21.0000
FLD0357,2026-02-17,0.9324,0.3544,0.2181,0.4087,713.3134,0.0535,8.0000
FLD0358,2026-02-17,0.6296,0.2841,0.1739,0.4007,720.7999,0.0465,4.0000
FLD0359,2026-02-17,0.7222,0.3468,0.2635,0.6771,725.1996,,1.0000
FLD0360,2026-02-17,0.6333,0.3385,0.2142,0.5548,715.0184,0.1147,9.0000
FLD0361,2026-02-17,0.5067,0.3854,0.2631,0.7175,718.1714,0.0757,3.0000
FLD0374,2026-02-17,0.5490,0.4477,0.2647,0.7011,711.9742,0.1064,57.0000
FLD0375,2026-02-17,0.9000,0.3970,0.2608,0.5471,720.5678,0.0448,2.0000
FLD0377,2026-02-17,0.6818,0.2964,0.1858,0.2910,707.6923,,1.0000
FLD0378,2026-02-17,0.5185,0.3636,0.2184,0.4978,716.7640,0.0785,4.0000
FLD0379,2026-02-17,0.6744,0.4345,0.2787,0.6639,718.1094,0.1131,6.0000
FLD0380,2026-02-17,0.6045,0.6326,0.3785,1.1069,718.1724,0.0956,45.0000
FLD0381,2026-02-17,0.6404,0.6198,0.3678,1.0282,716.7784,0.1226,14.0000
FLD0382,2026-02-17,0.6964,0.5089,0.3007,0.7305,712.7100,0.0443,5.0000
FLD0383,2026-02-17,0.6619,0.3930,0.2313,0.4932,713.4587,0.0374,20.0000
FLD0384,2026-02-17,0.5340,0.5930,0.3749,0.9869,716.0771,0.0780,8.0000
FLD0391,2026-02-17,0.8293,0.6951,0.4447,1.2626,718.7235,,1.0000
FLD0392,2026-02-17,0.7220,0.5733,0.3531,1.0242,716.5695,0.0801,19.0000
FLD0393,2026-02-17,0.6222,0.8658,0.5688,2.6391,721.8168,0.0842,4.0000
FLD0402,2026-02-17,0.7037,0.6409,0.3978,1.3876,718.5394,0.1253,11.0000
FLD0404,2026-02-17,0.8095,0.6552,0.4104,1.2355,719.2254,0.0810,2.0000
FLD0405,2026-02-17,0.6250,0.7192,0.3896,1.1684,715.0792,0.0189,2.0000
FLD0406,2026-02-17,0.9744,0.6532,0.3957,1.2305,720.0554,0.0054,2.0000
FLD0423,2026-02-17,0.9000,0.7977,0.4432,1.3641,714.8240,,1.0000
FLD0427,2026-02-17,0.7934,0.8305,0.4729,1.7057,717.7692,0.1095,9.0000
FLD0431,2026-02-17,0.9863,0.5806,0.3471,0.8091,714.2373,0.0083,3.0000
FLD0436,2026-02-17,0.6989,0.6703,0.4103,1.1955,716.8381,0.1005,18.0000
FLD0440,2026-02-17,0.6667,0.5944,0.3750,0.9245,717.9949,0.0544,4.0000
FLD0443,2026-02-17,0.8081,0.5942,0.3752,1.0066,717.4832,0.0903,4.0000
FLD0448,2026-02-17,0.6912,0.6716,0.4009,1.1199,719.4142,0.0623,3.0000
FLD0458,2026-02-17,0.6000,0.7401,0.4597,1.3371,719.8333,0.0282,2.0000
FLD0459,2026-02-17,0.8636,0.5885,0.3668,1.0678,718.7953,0.1007,3.0000
FLD0466,2026-02-17,0.9333,0.5555,0.3756,1.1416,722.2507,0.0719,4.0000
FLD0468,2026-02-17,1.0000,0.5627,0.3418,0.8815,717.2078,0.0912,2.0000
FLD0129,2026-02-22,0.6923,0.7367,0.4189,1.3215,715.5160,0.1340,2.0000
FLD0130,2026-02-22,0.9231,0.5847,0.3360,0.8545,712.4234,0.0030,2.0000
FLD0133,2026-02-22,0.5641,0.6587,0.4123,1.4005,717.0174,0.0926,16.0000
FLD0139,2026-02-22,0.5714,0.7015,0.4557,1.4223,716.3385,,
FLD0143,2026-02-22,0.6054,0.7576,0.4845,1.7884,718.1626,0.0823,46.0000
FLD0195,2026-02-22,0.5072,0.6597,0.3848,1.1271,713.5164,0.0443,3.0000
FLD0204,2026-02-22,0.8558,0.7767,0.4910,1.9043,717.7874,0.0791,12.0000
FLD0205,2026-02-22,0.9114,0.6471,0.3924,1.2013,715.6954,,1.0000
FLD0211,2026-02-22,1.0000,0.7379,0.4444,1.4748,716.3736,0.0655,2.0000
FLD0217,2026-02-22,0.6207,0.5032,0.3542,0.9104,715.7749,0.1067,2.0000
FLD0406,2026-02-22,0.6154,0.8666,0.5000,1.7351,715.3365,,1.0000
FLD0003,2026-02-27,0.5976,0.6729,0.4333,1.2609,719.4265,0.0481,6.0000
FLD0038,2026-02-27,0.5378,0.7343,0.4740,1.5616,720.2489,0.0628,13.0000
FLD0051,2026-02-27,0.5556,0.5518,0.4039,1.3750,726.3883,0.1402,2.0000
FLD0053,2026-02-27,0.6222,0.4807,0.3523,1.2425,727.0741,0.0662,6.0000
FLD0073,2026-02-27,0.9231,0.6036,0.3397,0.8326,713.6514,0.0364,2.0000
FLD0076,2026-02-27,0.5778,0.7130,0.4499,1.2541,717.5694,0.0398,2.0000
FLD0129,2026-02-27,0.7692,0.6800,0.4317,1.3921,719.5091,0.1336,3.0000
FLD0130,2026-02-27,0.8462,0.5851,0.3268,0.7671,716.0098,0.0063,2.0000
FLD0139,2026-02-27,0.6429,0.5339,0.4031,1.3840,722.5330,,1.0000
FLD0151,2026-02-27,0.7103,0.5580,0.3595,1.0958,717.7133,0.1156,10.0000
FLD0158,2026-02-27,0.6950,0.5711,0.3652,0.8902,718.4519,0.0538,3.0000
FLD0166,2026-02-27,0.5156,0.5512,0.3837,1.1633,721.2337,0.1192,5.0000
FLD0168,2026-02-27,0.5853,0.5763,0.3483,1.0668,715.5382,0.1239,11.0000
FLD0177,2026-02-27,0.5366,0.3410,0.2030,0.4908,711.1549,0.1514,3.0000
FLD0182,2026-02-27,0.7089,0.6203,0.4160,1.0802,720.1088,0.0012,2.0000
FLD0183,2026-02-27,0.6347,0.5915,0.3856,1.0550,718.8396,0.1086,10.0000
FLD0185,2026-02-27,0.9000,0.4113,0.2605,0.4760,715.7480,0.0066,2.0000
FLD0188,2026-02-27,0.6083,0.5708,0.3535,1.0411,716.4946,0.0829,21.0000
FLD0189,2026-02-27,0.7000,0.6174,0.3807,0.9459,715.1930,,1.0000
FLD0196,2026-02-27,0.9143,0.5506,0.3531,0.8713,717.9402,0.0457,2.0000
FLD0207,2026-02-27,0.6923,0.5454,0.3303,0.7912,718.2427,0.0177,3.0000
FLD0209,2026-02-27,0.7000,0.6518,0.3820,1.3215,712.5211,0.2347,4.0000
FLD0214,2026-02-27,0.5000,0.7000,0.5746,2.6845,730.1232,,1.0000
FLD0221,2026-02-27,0.6667,0.4136,0.2572,0.7571,723.1945,,1.0000
FLD0222,2026-02-27,0.7895,0.6952,0.4344,1.3487,719.4390,0.0624,8.0000
FLD0223,2026-02-27,0.7273,0.5662,0.3949,1.3347,723.3616,,1.0000
FLD0226,2026-02-27,0.6000,0.6547,0.4007,0.9519,718.6236,0.0850,6.0000
FLD0230,2026-02-27,0.5455,0.1949,0.0849,0.2477,713.9867,,1.0000
FLD0231,2026-02-27,0.6667,0.6746,0.4163,1.2653,718.1553,0.1024,10.0000
FLD0238,2026-02-27,1.0000,0.1653,0.2020,0.5215,743.4666,,1.0000
FLD0247,2026-02-27,0.7250,0.5573,0.3519,0.8087,716.3466,0.0587,13.0000
FLD0251,2026-02-27,0.5516,0.5088,0.3455,0.8370,718.1386,0.0836,18.0000
FLD0252,2026-02-27,0.6699,0.5157,0.3673,0.8471,720.2681,0.0440,5.0000
FLD0256,2026-02-27,0.5556,0.3989,0.2657,0.5828,718.5320,0.0445,2.0000
FLD0257,2026-02-27,0.8519,0.5712,0.3380,0.8211,715.8431,0.0861,4.0000
FLD0258,2026-02-27,1.0000,0.5453,0.2950,0.6924,720.0520,0.1148,2.0000
FLD0259,2026-02-27,0.6514,0.4757,0.3114,0.7677,718.0294,0.1061,14.0000
FLD0263,2026-02-27,0.6224,0.4199,0.2909,0.5906,717.4516,0.0851,10.0000
FLD0266,2026-02-27,0.5374,0.5394,0.3426,0.8607,716.0096,0.0893,52.0000
FLD0276,2026-02-27,0.5123,0.4152,0.3000,0.7022,718.7091,0.0634,7.0000
FLD0281,2026-02-27,0.9231,0.7526,0.4347,1.4034,717.1602,0.0448,2.0000
FLD0291,2026-02-27,0.8592,0.5291,0.3280,0.7059,716.0488,,1.0000
FLD0293,2026-02-27,0.9091,0.4977,0.3459,0.8667,719.1583,0.1402,4.0000
FLD0310,2026-02-27,0.9302,0.7081,0.4358,0.9772,716.4028,,1.0000
FLD0325,2026-02-27,0.5128,0.6928,0.4213,1.2844,721.9414,0.0831,6.0000
FLD0326,2026-02-27,0.5099,0.4664,0.3213,0.7652,721.1479,0.0659,7.0000
FLD0336,2026-02-27,0.6870,0.5938,0.3720,0.9399,718.3957,0.0624,5.0000
FLD0340,2026-02-27,0.5143,0.4325,0.2974,0.6321,715.3556,0.1026,3.0000
FLD0345,2026-02-27,0.6377,0.6139,0.4075,1.1156,719.9313,0.0759,10.0000
FLD0353,2026-02-27,0.6636,0.4636,0.3028,0.7320,719.0353,0.1132,6.0000
FLD0356,2026-02-27,0.5886,0.4543,0.3016,0.6325,716.6224,0.0737,15.0000
FLD0357,2026-02-27,0.8514,0.3857,0.2504,0.4445,714.9829,0.0381,7.0000
FLD0358,2026-02-27,0.5185,0.3520,0.2606,0.5017,717.3980,0.0674,3.0000
FLD0359,2026-02-27,0.7222,0.3037,0.2811,0.6586,720.9119,0.1397,3.0000
FLD0374,2026-02-27,0.5017,0.4823,0.2870,0.6783,713.0730,0.0830,57.0000
FLD0375,2026-02-27,0.9000,0.4304,0.2793,0.5548,720.8548,0.0468,2.0000
FLD0377,2026-02-27,0.7045,0.3445,0.2184,0.3878,713.4211,,1.0000
FLD0379,2026-02-27,0.8140,0.4467,0.2861,0.7082,716.0705,0.1156,8.0000
FLD0381,2026-02-27,0.5300,0.6391,0.3908,1.1364,717.0826,0.1245,11.0000
FLD0382,2026-02-27,0.6845,0.5957,0.3503,0.8457,713.6794,0.0320,4.0000
FLD0383,2026-02-27,0.6206,0.4137,0.2530,0.5183,713.9757,0.0615,21.0000
FLD0391,2026-02-27,0.7967,0.7745,0.5123,1.7190,721.0207,,1.0000
FLD0392,2026-02-27,0.6425,0.6078,0.3837,1.0685,718.0955,0.0780,19.0000
FLD0397,2026-02-27,0.5361,0.5720,0.3575,1.1195,715.8288,0.1137,3.0000
FLD0406,2026-02-27,0.5128,0.7764,0.4974,2.1819,725.3612,,1.0000
FLD0423,2026-02-27,0.6000,0.7932,0.4834,1.4686,716.4123,,1.0000
FLD0436,2026-02-27,0.5101,0.6576,0.4113,1.1370,716.4762,0.1031,12.0000
FLD0443,2026-02-27,0.6566,0.5293,0.3517,0.9196,718.8001,0.0624,3.0000
FLD0448,2026-02-27,0.5735,0.6304,0.4030,1.0680,717.1914,0.0711,2.0000
FLD0458,2026-02-27,0.5000,0.8189,0.5957,2.4128,725.3095,0.0063,2.0000
FLD0459,2026-02-27,0.6818,0.5860,0.4295,1.3172,721.2303,0.1081,3.0000
FLD0466,2026-02-27,0.6667,0.6140,0.3987,1.1769,723.1265,0.1727,2.0000
FLD0468,2026-02-27,1.0000,0.6486,0.4070,1.0841,716.6727,0.0031,2.0000
FLD0003,2026-03-04,0.7317,0.6392,0.3933,0.9808,715.0054,0.0799,7.0000
FLD0033,2026-03-04,0.5659,0.7064,0.4794,1.4891,718.4282,0.0336,3.0000
FLD0038,2026-03-04,0.7185,0.7092,0.4258,1.1604,715.4695,0.0594,18.0000
FLD0042,2026-03-04,0.5000,0.6826,0.4084,1.0693,714.5661,0.0471,8.0000
FLD0051,2026-03-04,0.8889,0.6406,0.4500,1.3359,715.4110,0.1656,3.0000
FLD0053,2026-03-04,0.7333,0.5157,0.3462,1.0692,718.8916,0.0897,6.0000
FLD0056,2026-03-04,0.6535,0.7409,0.4660,1.2710,715.9700,0.0338,7.0000
FLD0059,2026-03-04,0.6184,0.7126,0.4352,1.0696,714.3860,0.0312,5.0000
FLD0073,2026-03-04,1.0000,0.5467,0.3040,0.6873,711.6472,0.0167,2.0000
FLD0076,2026-03-04,0.6889,0.6959,0.3992,0.9163,713.0790,0.0515,2.0000
FLD0093,2026-03-04,0.5523,0.6025,0.3940,1.4914,715.1835,0.1566,7.0000
FLD0097,2026-03-04,0.5968,0.7506,0.4483,1.2635,716.1108,0.0473,6.0000
FLD0102,2026-03-04,0.5652,0.5414,0.3333,0.7619,715.3599,,1.0000
FLD0129,2026-03-04,0.8462,0.7048,0.3946,1.0772,712.7641,0.1096,3.0000
FLD0130,2026-03-04,0.9231,0.5167,0.2875,0.5772,712.4435,0.0083,2.0000
FLD0135,2026-03-04,0.5750,0.7150,0.4348,1.1407,715.6381,0.0565,5.0000
FLD0139,2026-03-04,0.7857,0.6372,0.3937,1.2293,715.8735,,1.0000
FLD0151,2026-03-04,0.7883,0.5723,0.3449,0.9116,714.6105,0.0890,10.0000
FLD0152,2026-03-04,0.5000,0.7055,0.4507,1.3813,717.4879,0.0432,6.0000
FLD0157,2026-03-04,0.8000,0.7988,0.5136,2.0343,716.4901,,1.0000
FLD0158,2026-03-04,0.5319,0.6869,0.4181,1.1865,715.3214,0.0128,2.0000
FLD0166,2026-03-04,0.5547,0.5710,0.3839,1.1104,717.6486,0.0738,6.0000
FLD0168,2026-03-04,0.6843,0.5313,0.3085,0.7914,711.1544,0.1128,13.0000
FLD0169,2026-03-04,1.0000,0.5587,0.3159,0.7039,709.9093,,1.0000
FLD0173,2026-03-04,0.5447,0.6193,0.3800,1.0137,713.5965,0.0994,17.0000
FLD0175,2026-03-04,0.5551,0.6366,0.3841,0.9959,713.8845,0.0685,4.0000
FLD0177,2026-03-04,0.7988,0.3770,0.2185,0.5249,707.8247,0.1161,4.0000
FLD0178,2026-03-04,0.5714,0.3084,0.2253,0.5116,718.6401,,1.0000
FLD0182,2026-03-04,0.8671,0.6651,0.4156,1.0382,716.2963,0.0311,4.0000
FLD0183,2026-03-04,0.7126,0.6107,0.3845,1.0957,715.2707,0.0853,12.0000
FLD0185,2026-03-04,0.9625,0.4732,0.3000,0.5535,714.3206,0.0298,2.0000
FLD0188,2026-03-04,0.6733,0.5188,0.3101,0.7469,712.3241,0.0609,21.0000
FLD0189,2026-03-04,0.9000,0.6002,0.3688,0.8434,713.9398,0.0168,2.0000
FLD0196,2026-03-04,0.9429,0.5128,0.3067,0.6504,712.1312,0.0338,2.0000
FLD0198,2026-03-04,0.8000,0.1967,0.1720,0.3844,720.4350,,1.0000
FLD0207,2026-03-04,0.8462,0.4874,0.3347,0.9138,718.3223,0.0423,3.0000
FLD0208,2026-03-04,0.8000,0.4864,0.3955,1.1413,724.2341,,1.0000
FLD0209,2026-03-04,0.8000,0.5208,0.3125,0.8849,715.6201,0.1293,5.0000
FLD0212,2026-03-04,0.8000,0.7851,0.4436,1.2517,713.6864,,1.0000
FLD0214,2026-03-04,0.5000,0.4412,0.4596,1.2880,723.1240,,1.0000
FLD0221,2026-03-04,0.8333,0.4570,0.3409,1.4111,714.6896,,1.0000
FLD0222,2026-03-04,0.8684,0.6921,0.4023,1.0680,715.0699,0.0443,7.0000
FLD0223,2026-03-04,1.0000,0.6247,0.4248,1.4156,718.3539,,1.0000
FLD0226,2026-03-04,0.7233,0.5785,0.3454,0.7085,712.1214,0.0578,6.0000
FLD0228,2026-03-04,0.6202,0.7251,0.4512,1.3400,717.6591,0.1111,8.0000
FLD0230,2026-03-04,0.7273,0.3240,0.1324,0.3706,708.3684,,1.0000
FLD0231,2026-03-04,0.7544,0.6227,0.3753,0.9758,713.8550,0.0715,11.0000
FLD0235,2026-03-04,0.5349,0.4677,0.3026,0.9870,713.7242,0.1258,2.0000
FLD0238,2026-03-04,1.0000,0.2046,0.2184,0.5126,737.5755,,1.0000
FLD0246,2026-03-04,0.7473,0.7456,0.4493,1.3558,714.3195,0.0653,12.0000
FLD0247,2026-03-04,0.7578,0.5374,0.3341,0.7254,712.9108,0.0560,15.0000
FLD0251,2026-03-04,0.6232,0.5241,0.3368,0.7869,714.2257,0.1104,24.0000
FLD0254,2026-03-04,0.6530,0.7172,0.4516,1.1071,716.2059,0.0464,8.0000
FLD0256,2026-03-04,0.6444,0.3334,0.2157,0.3898,712.9937,0.0237,2.0000
FLD0257,2026-03-04,0.8519,0.4861,0.2878,0.5750,710.8433,0.0810,4.0000
FLD0258,2026-03-04,1.0000,0.4993,0.2736,0.5946,716.6259,0.0227,2.0000
FLD0259,2026-03-04,0.7148,0.4185,0.2662,0.5680,713.8199,0.0832,15.0000
FLD0263,2026-03-04,0.7219,0.4733,0.3151,0.6755,714.9326,0.0964,12.0000
FLD0266,2026-03-04,0.6556,0.5264,0.3249,0.7816,712.5239,0.0814,64.0000
FLD0276,2026-03-04,0.5074,0.4119,0.2939,0.5828,717.5331,0.0304,7.0000
FLD0280,2026-03-04,0.5759,0.6735,0.3973,1.2426,715.1784,0.0753,11.0000
FLD0281,2026-03-04,0.9615,0.7451,0.4046,1.0982,713.0195,0.0299,2.0000
FLD0284,2026-03-04,0.5336,0.7106,0.4242,1.2415,714.5656,0.0536,9.0000
FLD0286,2026-03-04,0.5914,0.6306,0.3753,1.0076,713.6300,,1.0000
FLD0291,2026-03-04,1.0000,0.5101,0.3231,0.6117,713.8757,,1.0000
FLD0293,2026-03-04,0.9545,0.6057,0.4007,0.9292,715.5177,0.0659,4.0000
FLD0301,2026-03-04,0.5389,0.7871,0.4329,1.3959,715.2664,0.0671,5.0000
FLD0310,2026-03-04,1.0000,0.5899,0.3744,0.7469,714.7055,,1.0000
FLD0314,2026-03-04,0.7353,0.8325,0.4536,1.1592,712.3367,0.0253,5.0000
FLD0318,2026-03-04,0.5892,0.5890,0.3389,0.9664,713.0983,0.1115,10.0000
FLD0322,2026-03-04,0.5070,0.8120,0.4897,1.6534,715.9663,0.0706,5.0000
FLD0325,2026-03-04,0.8718,0.7064,0.3838,1.0285,714.7289,0.0698,7.0000
FLD0326,2026-03-04,0.5695,0.5280,0.3388,0.8169,716.0642,0.0241,5.0000
FLD0330,2026-03-04,0.5856,0.5500,0.3324,0.8906,714.2665,0.0900,5.0000
FLD0334,2026-03-04,0.6047,0.2587,0.1265,0.2369,702.2083,0.0616,20.0000
FLD0336,2026-03-04,0.7565,0.5668,0.3412,0.7808,713.6639,0.0449,5.0000
FLD0337,2026-03-04,0.6000,0.2444,0.1100,0.2340,702.9931,0.0055,2.0000
FLD0338,2026-03-04,0.5532,0.4829,0.2912,0.6697,713.0968,0.1515,7.0000
FLD0339,2026-03-04,0.5789,0.6020,0.3563,0.7706,713.0209,0.0612,6.0000
FLD0340,2026-03-04,0.6571,0.4127,0.2584,0.5640,714.2139,0.1287,4.0000
FLD0341,2026-03-04,0.5000,0.4753,0.2641,0.6629,713.7897,0.1100,3.0000
FLD0345,2026-03-04,0.7488,0.5839,0.3648,0.8673,716.1695,0.0869,13.0000
FLD0348,2026-03-04,0.5691,0.2517,0.1505,0.2699,708.6747,0.0527,4.0000
FLD0353,2026-03-04,0.8318,0.3876,0.2414,0.5514,718.2739,0.1212,8.0000
FLD0356,2026-03-04,0.6823,0.3999,0.2597,0.5160,713.9082,0.0611,20.0000
FLD0357,2026-03-04,0.9459,0.3415,0.2221,0.3705,710.8793,0.0663,9.0000
FLD0359,2026-03-04,0.6667,0.3647,0.2636,0.6546,729.4522,0.1455,2.0000
FLD0360,2026-03-04,0.5222,0.3369,0.2155,0.4969,716.7437,0.1315,11.0000
FLD0374,2026-03-04,0.5963,0.4270,0.2535,0.5481,710.8158,0.1100,64.0000
FLD0375,2026-03-04,1.0000,0.3811,0.2687,0.5017,717.8903,0.0279,3.0000
FLD0377,2026-03-04,0.9318,0.2742,0.1771,0.2710,710.3767,0.0635,5.0000
FLD0378,2026-03-04,0.5247,0.3372,0.1983,0.4132,712.6350,0.1309,6.0000
FLD0379,2026-03-04,0.7907,0.3835,0.2494,0.4745,711.7347,0.0920,7.0000
FLD0380,2026-03-04,0.5784,0.6408,0.3746,1.0058,714.2182,0.0814,38.0000
FLD0381,2026-03-04,0.6278,0.5998,0.3435,0.8432,712.7935,0.1009,13.0000
FLD0382,2026-03-04,0.6905,0.5150,0.2969,0.6423,709.4791,0.0409,5.0000
FLD0383,2026-03-04,0.6825,0.3831,0.2282,0.4359,709.5488,0.0433,22.0000
FLD0391,2026-03-04,0.8374,0.7379,0.4696,1.3948,717.8651,,1.0000
FLD0392,2026-03-04,0.7103,0.5958,0.3672,0.9578,714.9918,0.0691,20.0000
FLD0397,2026-03-04,0.6289,0.5994,0.3435,0.9378,712.5971,0.1083,4.0000
FLD0402,2026-03-04,0.6111,0.6658,0.4290,1.5331,716.8872,0.1288,7.0000
FLD0404,2026-03-04,0.7143,0.7730,0.4702,1.5732,716.8357,,1.0000
FLD0406,2026-03-04,0.6923,0.7850,0.5002,1.9021,718.3365,0.0270,2.0000
FLD0423,2026-03-04,0.8667,0.7789,0.4439,1.2498,714.4362,,1.0000
FLD0427,2026-03-04,0.7438,0.8367,0.4644,1.4687,715.4925,0.0630,8.0000
FLD0431,2026-03-04,0.5753,0.7330,0.4370,1.1331,715.8907,0.0239,2.0000
FLD0436,2026-03-04,0.8022,0.6530,0.3902,0.9824,713.4659,0.0831,18.0000
FLD0440,2026-03-04,0.6162,0.6478,0.4160,1.1320,716.0340,0.0758,3.0000
FLD0443,2026-03-04,0.6566,0.5139,0.3488,0.8503,717.3635,0.0655,3.0000
FLD0448,2026-03-04,0.6912,0.6486,0.4108,1.0361,715.0685,0.0612,2.0000
FLD0458,2026-03-04,0.8000,0.7956,0.5098,1.5734,718.1878,0.0040,2.0000
FLD0459,2026-03-04,0.8636,0.6256,0.3961,1.0544,718.6843,0.1087,3.0000
FLD0466,2026-03-04,0.9333,0.6360,0.3770,0.9781,713.7400,0.0741,3.0000
FLD0468,2026-03-04,1.0000,0.6065,0.3718,0.9140,715.1670,0.0465,2.0000
FLD0003,2026-03-06,0.6707,0.6257,0.3976,1.0390,717.6764,0.0875,7.0000
FLD0023,2026-03-06,0.5714,0.7603,0.5021,1.6323,716.1848,,1.0000
FLD0033,2026-03-06,0.5814,0.7027,0.4858,1.6361,719.5847,0.0380,3.0000
FLD0038,2026-03-06,0.6975,0.6930,0.4373,1.2691,718.3329,0.0618,17.0000
FLD0051,2026-03-06,0.5556,0.5981,0.4953,1.7159,724.2931,0.1370,2.0000
FLD0053,2026-03-06,0.6667,0.5140,0.3612,1.1962,720.4329,0.1149,6.0000
FLD0056,2026-03-06,0.6496,0.7291,0.4789,1.4145,719.1442,0.0415,7.0000
FLD0059,2026-03-06,0.6377,0.7113,0.4487,1.2354,716.9420,0.0573,6.0000
FLD0073,2026-03-06,1.0000,0.5259,0.3162,0.7679,716.8310,0.0447,2.0000
FLD0076,2026-03-06,0.6444,0.6672,0.3990,0.9220,714.7638,,1.0000
FLD0093,2026-03-06,0.5188,0.5885,0.3997,1.6417,719.6278,0.1637,6.0000
FLD0097,2026-03-06,0.5403,0.7692,0.4800,1.5888,720.5368,0.0635,3.0000
FLD0127,2026-03-06,0.5072,0.6075,0.3464,1.0002,713.6634,0.0496,3.0000
FLD0129,2026-03-06,0.7692,0.6618,0.4310,1.2864,717.1518,0.1771,2.0000
FLD0130,2026-03-06,0.9231,0.4998,0.3007,0.6370,717.2511,0.0643,2.0000
FLD0135,2026-03-06,0.6062,0.7321,0.4611,1.3013,717.4372,0.0563,5.0000
FLD0139,2026-03-06,0.7143,0.6359,0.3702,1.0957,717.5428,,1.0000
FLD0151,2026-03-06,0.7799,0.5572,0.3528,1.0198,716.7394,0.1061,10.0000
FLD0157,2026-03-06,0.8000,0.8280,0.5463,2.4695,720.2832,,1.0000
FLD0158,2026-03-06,0.5177,0.7208,0.4298,1.3134,718.7404,0.0285,2.0000
FLD0162,2026-03-06,0.5714,0.8507,0.5166,1.7386,718.7190,,1.0000
FLD0166,2026-03-06,0.5469,0.5641,0.3771,1.0191,720.5329,0.0906,6.0000
FLD0168,2026-03-06,0.6452,0.5271,0.3144,0.8229,713.1906,0.1147,13.0000
FLD0169,2026-03-06,0.8000,0.6694,0.3983,1.0408,715.0961,,1.0000
FLD0173,2026-03-06,0.5391,0.6157,0.3837,1.1051,714.8979,0.1123,16.0000
FLD0175,2026-03-06,0.5755,0.6373,0.3971,1.0689,716.1452,0.0891,4.0000
FLD0177,2026-03-06,0.7317,0.3805,0.2297,0.5817,711.6587,0.1146,4.0000
FLD0178,2026-03-06,0.5714,0.2566,0.2210,0.3264,714.9599,,1.0000
FLD0182,2026-03-06,0.8797,0.6787,0.4412,1.1946,719.0575,0.0658,5.0000
FLD0183,2026-03-06,0.7246,0.6043,0.4060,1.2136,719.6477,0.0821,11.0000
FLD0185,2026-03-06,0.9500,0.4729,0.2941,0.5850,715.7066,0.0406,2.0000
FLD0188,2026-03-06,0.6583,0.5266,0.3219,0.8428,714.4047,0.0670,22.0000
FLD0189,2026-03-06,1.0000,0.6649,0.4340,1.7946,716.9935,0.1191,3.0000
FLD0196,2026-03-06,0.9286,0.4933,0.3087,0.6511,714.4071,0.0422,2.0000
FLD0202,2026-03-06,0.5000,0.6380,0.4477,1.3958,720.1550,,1.0000
FLD0207,2026-03-06,0.9231,0.5273,0.3080,0.8384,719.9263,0.0733,3.0000
FLD0208,2026-03-06,1.0000,0.6223,0.5028,1.8762,725.6687,0.1852,2.0000
FLD0209,2026-03-06,0.8000,0.5548,0.3552,1.1464,717.0960,0.1949,4.0000
FLD0214,2026-03-06,0.5000,0.4978,0.5054,1.8727,727.3959,,1.0000
FLD0220,2026-03-06,0.5556,0.6247,0.3541,0.9312,718.9160,,1.0000
FLD0221,2026-03-06,0.8333,0.4607,0.3601,2.4235,714.4843,,1.0000
FLD0222,2026-03-06,0.7895,0.6585,0.4028,1.1783,716.7553,0.0923,6.0000
FLD0223,2026-03-06,1.0000,0.6162,0.4525,1.5866,718.9990,,1.0000
FLD0226,2026-03-06,0.7067,0.5878,0.3644,0.7672,715.6289,0.0710,6.0000
FLD0228,2026-03-06,0.5736,0.7462,0.4786,1.5798,719.1779,0.1254,9.0000
FLD0230,2026-03-06,0.7273,0.3228,0.1424,0.3570,708.7212,,1.0000
FLD0231,2026-03-06,0.7398,0.6439,0.4018,1.1181,716.6498,0.0756,10.0000
FLD0238,2026-03-06,0.8000,0.2463,0.2465,0.6421,733.5759,,1.0000
FLD0245,2026-03-06,0.5769,0.7994,0.4570,1.2579,712.9592,0.0417,3.0000
FLD0246,2026-03-06,0.7688,0.6869,0.4464,1.3666,717.7020,0.0684,12.0000
FLD0247,2026-03-06,0.7297,0.5436,0.3434,0.7723,715.4610,0.0596,13.0000
FLD0251,2026-03-06,0.6017,0.5331,0.3491,0.8497,716.3431,0.1024,23.0000
FLD0252,2026-03-06,0.5742,0.7241,0.4776,1.5178,719.6220,0.1075,5.0000
FLD0254,2026-03-06,0.5874,0.7335,0.4786,1.2713,718.9867,0.0397,7.0000
FLD0256,2026-03-06,0.5333,0.3687,0.2344,0.4559,715.3077,0.0536,2.0000
FLD0257,2026-03-06,0.8704,0.5324,0.2893,0.6335,711.4055,0.0704,4.0000
FLD0258,2026-03-06,1.0000,0.5006,0.2783,0.5136,714.9749,0.0807,2.0000
FLD0259,2026-03-06,0.6479,0.4301,0.2768,0.6420,717.4136,0.0892,15.0000
FLD0263,2026-03-06,0.7092,0.4794,0.3216,0.7466,717.0838,0.1335,12.0000
FLD0266,2026-03-06,0.6431,0.5213,0.3299,0.8410,714.5799,0.0870,62.0000
FLD0267,2026-03-06,0.5167,0.7010,0.4545,1.3349,718.6227,0.0937,5.0000
FLD0276,2026-03-06,0.5074,0.4136,0.3011,0.6455,720.2630,0.0329,7.0000
FLD0280,2026-03-06,0.5187,0.6444,0.4010,1.3181,717.7390,0.0909,9.0000
FLD0281,2026-03-06,0.9615,0.7582,0.4439,1.3104,716.2340,0.0258,2.0000
FLD0284,2026-03-06,0.5630,0.7021,0.4308,1.2895,717.1846,0.0726,11.0000
FLD0286,2026-03-06,0.5376,0.5934,0.3713,0.9807,716.9864,,1.0000
FLD0291,2026-03-06,0.9718,0.5119,0.3208,0.6711,717.3802,,1.0000
FLD0293,2026-03-06,0.9545,0.6021,0.4024,1.0435,718.3503,0.0868,4.0000
FLD0310,2026-03-06,1.0000,0.5955,0.3792,0.7617,714.9852,,1.0000
FLD0314,2026-03-06,0.7206,0.8287,0.4685,1.3856,716.6016,0.0373,4.0000
FLD0318,2026-03-06,0.5595,0.5988,0.3573,1.0808,715.9718,0.1202,9.0000
FLD0325,2026-03-06,0.8462,0.7113,0.3922,1.0765,714.9992,0.0659,7.0000
FLD0326,2026-03-06,0.5430,0.5307,0.3457,0.8602,718.3845,0.0385,6.0000
FLD0330,2026-03-06,0.5766,0.5702,0.3727,1.0540,717.4119,0.1154,5.0000
FLD0334,2026-03-06,0.5426,0.3000,0.1490,0.2863,704.5534,0.0595,17.0000
FLD0336,2026-03-06,0.7043,0.6130,0.3819,0.9603,717.0215,0.0379,5.0000
FLD0338,2026-03-06,0.5390,0.4786,0.2857,0.6605,714.0483,0.1631,6.0000
FLD0339,2026-03-06,0.5066,0.6409,0.3771,0.8787,715.0006,0.0840,6.0000
FLD0340,2026-03-06,0.6571,0.3939,0.2554,0.5716,716.5610,0.1392,4.0000
FLD0345,2026-03-06,0.7440,0.5993,0.3844,0.9483,716.9210,0.0729,13.0000
FLD0353,2026-03-06,0.6168,0.4219,0.2699,0.5997,718.6646,0.1164,7.0000
FLD0356,2026-03-06,0.6029,0.4282,0.2774,0.5984,715.1615,0.0777,19.0000
FLD0357,2026-03-06,0.8784,0.3506,0.2313,0.3954,715.1017,0.0849,7.0000
FLD0360,2026-03-06,0.5667,0.3504,0.2209,0.6164,717.3575,0.1258,11.0000
FLD0374,2026-03-06,0.5512,0.4334,0.2554,0.5823,712.3428,0.0875,54.0000
FLD0375,2026-03-06,1.0000,0.4173,0.2585,0.4757,716.7841,0.0324,3.0000
FLD0377,2026-03-06,0.5909,0.3261,0.2051,0.3388,711.3754,,1.0000
FLD0378,2026-03-06,0.5494,0.3233,0.1961,0.4454,716.1236,0.1320,4.0000
FLD0379,2026-03-06,0.5814,0.4563,0.3083,0.6899,715.0370,0.0682,3.0000
FLD0380,2026-03-06,0.5398,0.6354,0.3868,1.1090,717.5038,0.0918,33.0000
FLD0381,2026-03-06,0.6530,0.6219,0.3637,0.9918,714.9133,0.1014,14.0000
FLD0382,2026-03-06,0.6667,0.5304,0.3170,0.7684,712.6672,0.0373,4.0000
FLD0383,2026-03-06,0.6227,0.3938,0.2376,0.4785,712.1170,0.0522,21.0000
FLD0391,2026-03-06,0.7236,0.8374,0.5384,1.9082,720.1585,,1.0000
FLD0392,2026-03-06,0.7126,0.6044,0.3847,1.0908,717.4914,0.0836,20.0000
FLD0397,2026-03-06,0.5258,0.5569,0.3344,0.9892,714.2669,0.1068,3.0000
FLD0402,2026-03-06,0.5556,0.6393,0.4322,1.6526,718.5383,0.1054,7.0000
FLD0404,2026-03-06,0.7143,0.7645,0.4986,1.9232,723.7171,0.0884,2.0000
FLD0406,2026-03-06,0.6923,0.7776,0.5231,2.3707,719.6794,0.0587,2.0000
FLD0423,2026-03-06,0.8667,0.7459,0.4501,1.3830,718.2072,,1.0000
FLD0427,2026-03-06,0.7686,0.8373,0.4882,1.6992,717.0798,0.0712,9.0000
FLD0431,2026-03-06,0.5205,0.7413,0.4781,1.3902,722.0138,0.0063,2.0000
FLD0436,2026-03-06,0.7730,0.6507,0.4055,1.0942,716.3657,0.1032,18.0000
FLD0440,2026-03-06,0.6162,0.6525,0.4392,1.2800,719.0707,0.0832,3.0000
FLD0443,2026-03-06,0.5859,0.4879,0.3463,0.8593,719.9601,0.0616,3.0000
FLD0448,2026-03-06,0.6176,0.6798,0.4370,1.1947,718.3039,0.0741,2.0000
FLD0458,2026-03-06,0.8000,0.7430,0.5137,1.7052,721.0445,0.0081,2.0000
FLD0459,2026-03-06,0.8182,0.5915,0.3922,1.2193,722.4176,0.1417,3.0000
FLD0466,2026-03-06,0.8667,0.6586,0.4051,1.0779,718.2176,0.0448,3.0000
FLD0468,2026-03-06,1.0000,0.6143,0.3783,0.9246,715.5874,0.0176,2.0000
FLD0003,2026-03-09,0.6951,0.6270,0.4012,1.0582,719.0327,0.0884,7.0000
FLD0023,2026-03-09,0.6429,0.7852,0.4878,1.7653,718.3923,,1.0000
FLD0033,2026-03-09,0.6667,0.6840,0.4801,1.5630,721.7483,0.0789,4.0000
FLD0038,2026-03-09,0.7563,0.6673,0.4155,1.1618,718.5282,0.0625,20.0000
FLD0049,2026-03-09,0.5116,0.6486,0.4485,1.4216,721.7606,0.0924,12.0000
FLD0051,2026-03-09,0.8889,0.6479,0.4613,1.8068,720.5997,0.1516,3.0000
FLD0053,2026-03-09,0.6889,0.5166,0.3436,1.1753,719.2020,0.0791,6.0000
FLD0056,2026-03-09,0.6732,0.7040,0.4669,1.3397,719.5221,0.0515,7.0000
FLD0059,2026-03-09,0.6377,0.6754,0.4325,1.1601,718.0224,0.0478,6.0000
FLD0073,2026-03-09,1.0000,0.4923,0.3002,0.6818,717.8922,0.0330,2.0000
FLD0076,2026-03-09,0.6889,0.6305,0.3906,0.9189,716.3540,0.0664,2.0000
FLD0079,2026-03-09,0.5172,0.7248,0.4619,1.5546,719.5876,0.0729,10.0000
FLD0102,2026-03-09,0.5870,0.5584,0.3475,0.9124,721.5827,,1.0000
FLD0129,2026-03-09,0.8462,0.6620,0.4044,1.3179,719.3692,0.1090,3.0000
FLD0130,2026-03-09,1.0000,0.5261,0.3143,0.7325,718.9229,0.0498,2.0000
FLD0135,2026-03-09,0.6750,0.7039,0.4318,1.1641,716.0537,0.0471,6.0000
FLD0139,2026-03-09,0.7857,0.6618,0.3734,1.1250,717.7015,,1.0000
FLD0151,2026-03-09,0.7465,0.5504,0.3474,0.9847,717.6103,0.0988,10.0000
FLD0158,2026-03-09,0.5532,0.7233,0.4397,1.4456,719.3493,0.0579,2.0000
FLD0162,2026-03-09,0.7143,0.7581,0.5109,1.8014,723.0466,,1.0000
FLD0166,2026-03-09,0.5703,0.6321,0.4197,1.2443,721.3147,0.0910,6.0000
FLD0168,2026-03-09,0.6083,0.5148,0.3047,0.8517,714.8660,0.1134,11.0000
FLD0169,2026-03-09,0.8000,0.5561,0.3646,0.9012,721.3265,,1.0000
FLD0173,2026-03-09,0.5447,0.5955,0.3720,0.9958,717.1884,0.0697,15.0000
FLD0175,2026-03-09,0.6041,0.5666,0.3579,0.8932,716.9759,0.0517,4.0000
FLD0177,2026-03-09,0.7561,0.3624,0.2200,0.5546,713.3233,0.1002,4.0000
FLD0178,2026-03-09,0.7143,0.2694,0.1679,0.3087,716.7162,,1.0000
FLD0180,2026-03-09,0.6000,0.8729,0.5377,1.6742,720.8979,,1.0000
FLD0182,2026-03-09,0.8671,0.6799,0.4351,1.1889,719.1077,0.0371,4.0000
FLD0183,2026-03-09,0.7305,0.6095,0.4152,1.2772,720.4980,0.0813,12.0000
FLD0185,2026-03-09,0.9750,0.4790,0.2994,0.6231,717.1975,0.0594,2.0000
FLD0188,2026-03-09,0.6608,0.4906,0.3055,0.7900,716.1789,0.0754,22.0000
FLD0189,2026-03-09,0.8000,0.5720,0.3689,0.9385,721.9351,0.0000,2.0000
FLD0196,2026-03-09,0.9286,0.4726,0.2967,0.6520,715.5886,0.0412,2.0000
FLD0207,2026-03-09,0.9231,0.4949,0.3258,0.8144,721.4193,0.0629,3.0000
FLD0208,2026-03-09,0.8000,0.5256,0.5127,1.9532,729.2366,,1.0000
FLD0209,2026-03-09,0.6000,0.5676,0.4041,1.2812,722.2774,0.2120,3.0000
FLD0212,2026-03-09,0.8000,0.8777,0.4534,1.5047,713.4255,,1.0000
FLD0214,2026-03-09,0.5000,0.5743,0.5054,1.7556,727.3452,,1.0000
FLD0219,2026-03-09,0.6400,0.8323,0.4716,1.4809,713.5993,0.0168,2.0000
FLD0220,2026-03-09,0.5556,0.6124,0.4007,1.0703,721.7061,,1.0000
FLD0221,2026-03-09,0.8333,0.4623,0.3707,1.8452,718.9507,,1.0000
FLD0222,2026-03-09,0.8421,0.6493,0.3974,1.1569,719.3337,0.0797,6.0000
FLD0223,2026-03-09,1.0000,0.6064,0.4374,1.6519,721.6650,,1.0000
FLD0226,2026-03-09,0.5967,0.5329,0.3332,0.7148,716.8550,0.0539,5.0000
FLD0228,2026-03-09,0.6047,0.7193,0.4679,1.4913,720.3465,0.1060,9.0000
FLD0230,2026-03-09,0.7273,0.2883,0.1274,0.3628,711.1720,,1.0000
FLD0231,2026-03-09,0.7398,0.6259,0.3873,1.0754,717.5984,0.0724,10.0000
FLD0235,2026-03-09,0.5233,0.4169,0.2847,1.0989,716.1383,0.0870,2.0000
FLD0238,2026-03-09,0.8000,0.2496,0.2684,0.7515,737.1894,,1.0000
FLD0244,2026-03-09,0.5122,0.7761,0.4953,1.5566,720.0829,,1.0000
FLD0245,2026-03-09,0.7308,0.8153,0.4463,1.1874,714.7491,0.0241,3.0000
FLD0246,2026-03-09,0.7957,0.6358,0.4217,1.2122,718.4835,0.0684,13.0000
FLD0247,2026-03-09,0.7547,0.5260,0.3347,0.7714,716.6229,0.0597,13.0000
FLD0248,2026-03-09,0.5067,0.6352,0.3970,0.9721,717.2646,0.0452,5.0000
FLD0251,2026-03-09,0.6275,0.5547,0.3677,0.9761,719.1702,0.0998,22.0000
FLD0252,2026-03-09,0.6411,0.7195,0.4876,1.5488,721.7751,0.0783,5.0000
FLD0254,2026-03-09,0.6311,0.7310,0.4774,1.3233,720.1211,0.0359,7.0000
FLD0256,2026-03-09,0.5852,0.3548,0.2229,0.4571,716.9024,0.0551,2.0000
FLD0257,2026-03-09,0.8889,0.4743,0.2866,0.6578,716.8969,0.0669,4.0000
FLD0258,2026-03-09,1.0000,0.4544,0.2678,0.6606,722.5663,0.0918,2.0000
FLD0259,2026-03-09,0.6479,0.4534,0.2797,0.6773,718.2265,0.1059,16.0000
FLD0263,2026-03-09,0.6939,0.6000,0.3848,1.0028,718.1280,0.1131,12.0000
FLD0266,2026-03-09,0.6817,0.5090,0.3192,0.8171,715.9044,0.0968,69.0000
FLD0267,2026-03-09,0.5278,0.6782,0.4406,1.2620,719.4895,0.0907,5.0000
FLD0268,2026-03-09,0.5463,0.6612,0.4171,1.2845,718.5519,0.0552,4.0000
FLD0276,2026-03-09,0.5074,0.4265,0.3119,0.6727,721.5595,0.0298,7.0000
FLD0279,2026-03-09,0.5590,0.6569,0.3819,1.1375,717.4823,0.0999,9.0000
FLD0280,2026-03-09,0.5759,0.6456,0.4014,1.3349,718.3706,0.0783,11.0000
FLD0281,2026-03-09,1.0000,0.7467,0.4305,1.2991,716.7495,0.0278,2.0000
FLD0284,2026-03-09,0.6134,0.6665,0.4089,1.1805,718.1691,0.0812,11.0000
FLD0286,2026-03-09,0.5591,0.5848,0.3585,0.8755,716.1654,,1.0000
FLD0291,2026-03-09,0.9859,0.4919,0.3082,0.6326,716.4977,,1.0000
FLD0293,2026-03-09,0.9545,0.5843,0.3982,1.0489,719.7425,0.0962,4.0000
FLD0300,2026-03-09,0.6298,0.7264,0.4603,1.6789,718.7286,0.1818,3.0000
FLD0301,2026-03-09,0.5751,0.7282,0.4474,1.5550,720.2765,0.0803,4.0000
FLD0310,2026-03-09,1.0000,0.5765,0.3727,0.8026,717.8601,,1.0000
FLD0314,2026-03-09,0.7353,0.8147,0.4657,1.2868,716.2374,0.0269,4.0000
FLD0318,2026-03-09,0.7081,0.5731,0.3517,1.0732,718.0291,0.1292,14.0000
FLD0321,2026-03-09,0.5000,0.8029,0.4871,1.4686,718.4785,,1.0000
FLD0322,2026-03-09,0.5634,0.7945,0.4943,1.6286,717.7656,0.0762,5.0000
FLD0325,2026-03-09,0.8718,0.6775,0.3846,1.1039,717.0001,0.0673,7.0000
FLD0326,2026-03-09,0.5364,0.5296,0.3546,0.9237,719.4012,0.0248,6.0000
FLD0330,2026-03-09,0.5676,0.5602,0.3578,1.0551,719.0560,0.1137,4.0000
FLD0336,2026-03-09,0.7217,0.6337,0.3949,1.0296,717.1981,0.0438,5.0000
FLD0339,2026-03-09,0.5724,0.5817,0.3551,0.8380,719.3140,0.0480,6.0000
FLD0340,2026-03-09,0.7429,0.4158,0.2591,0.6106,714.5193,0.1394,6.0000
FLD0345,2026-03-09,0.7874,0.5604,0.3627,0.8883,718.4901,0.0727,13.0000
FLD0348,2026-03-09,0.5041,0.2486,0.1523,0.2833,714.7835,0.0484,3.0000
FLD0353,2026-03-09,0.7103,0.3997,0.2499,0.6005,720.4048,0.1343,6.0000
FLD0356,2026-03-09,0.6212,0.4203,0.2731,0.5704,716.4813,0.0726,18.0000
FLD0357,2026-03-09,0.9189,0.3437,0.2257,0.3992,717.5778,0.0706,9.0000
FLD0359,2026-03-09,0.5556,0.3740,0.2828,0.8252,730.7023,0.2015,2.0000
FLD0374,2026-03-09,0.5721,0.4333,0.2610,0.6208,713.4419,0.1184,61.0000
FLD0375,2026-03-09,1.0000,0.3844,0.2477,0.4860,719.3246,0.0245,3.0000
FLD0377,2026-03-09,0.7159,0.3141,0.1927,0.3075,709.7864,,1.0000
FLD0379,2026-03-09,0.7442,0.4244,0.2785,0.5740,715.9765,0.0682,6.0000
FLD0380,2026-03-09,0.5485,0.6154,0.3763,1.0712,717.9652,0.0920,38.0000
FLD0381,2026-03-09,0.6719,0.6304,0.3682,1.0092,715.8845,0.1019,13.0000
FLD0382,2026-03-09,0.6548,0.5370,0.3094,0.6873,711.8214,0.0439,5.0000
FLD0383,2026-03-09,0.6577,0.3756,0.2258,0.4507,713.1916,0.0411,24.0000
FLD0391,2026-03-09,0.7886,0.7985,0.5329,1.8084,721.0517,,1.0000
FLD0392,2026-03-09,0.7173,0.5982,0.3862,1.1178,719.0130,0.0792,21.0000
FLD0397,2026-03-09,0.5361,0.5611,0.3309,1.0306,717.1000,0.0938,3.0000
FLD0402,2026-03-09,0.5833,0.6328,0.4255,1.5014,721.3164,0.1293,8.0000
FLD0404,2026-03-09,0.7143,0.7279,0.4879,1.7346,720.1579,,1.0000
FLD0406,2026-03-09,0.5641,0.8006,0.5348,2.2297,722.6223,,1.0000
FLD0423,2026-03-09,0.9000,0.7222,0.4436,1.3583,718.7202,,1.0000
FLD0426,2026-03-09,0.5175,0.7550,0.4673,1.5717,718.9853,0.0848,6.0000
FLD0427,2026-03-09,0.7769,0.8095,0.4789,1.6484,718.3275,0.0423,9.0000
FLD0431,2026-03-09,0.5616,0.7225,0.4492,1.2172,718.7524,0.0467,2.0000
FLD0436,2026-03-09,0.8157,0.6381,0.3970,1.0611,717.2934,0.0897,18.0000
FLD0440,2026-03-09,0.6465,0.6597,0.4432,1.3855,720.4127,0.0847,3.0000
FLD0442,2026-03-09,0.5312,0.7490,0.5296,2.1592,723.1741,0.0170,3.0000
FLD0443,2026-03-09,0.5960,0.5272,0.3769,1.0108,721.3525,0.0503,3.0000
FLD0448,2026-03-09,0.6324,0.7020,0.4372,1.2077,718.4282,0.0297,2.0000
FLD0458,2026-03-09,0.9000,0.7412,0.4719,1.4962,720.1898,0.0059,2.0000
FLD0459,2026-03-09,0.8636,0.5870,0.3907,1.2110,720.3304,0.1339,3.0000
FLD0466,2026-03-09,0.9333,0.6054,0.3777,0.9789,715.5483,0.0413,3.0000
FLD0468,2026-03-09,1.0000,0.6145,0.4008,1.0537,719.0377,0.0004,2.0000
FLD0002,2026-03-14,0.5031,0.7182,0.4522,1.4720,716.9590,0.1065,4.0000
FLD0003,2026-03-14,0.9512,0.6081,0.3733,0.9199,714.6205,0.0736,10.0000
FLD0004,2026-03-14,0.5926,0.5474,0.3296,0.8473,715.1547,0.1073,6.0000
FLD0005,2026-03-14,0.8475,0.7180,0.4211,1.1989,714.3092,0.0718,5.0000
FLD0006,2026-03-14,0.8068,0.7133,0.4314,1.2467,715.9188,0.0465,11.0000
FLD0007,2026-03-14,0.6803,0.6287,0.3913,1.1622,715.3886,0.1290,16.0000
FLD0010,2026-03-14,0.5590,0.7716,0.4863,1.4272,716.4303,0.0897,2.0000
FLD0014,2026-03-14,0.6231,0.7963,0.4883,1.6460,716.8000,0.0369,8.0000
FLD0020,2026-03-14,0.5224,0.7148,0.4864,1.7006,718.6332,0.0895,4.0000
FLD0021,2026-03-14,0.5811,0.6936,0.4651,1.4402,719.0817,0.0774,4.0000
FLD0022,2026-03-14,0.6148,0.7863,0.5079,1.8431,718.8628,0.0793,7.0000
FLD0023,2026-03-14,0.5714,0.7256,0.4628,1.5542,717.4752,,1.0000
FLD0024,2026-03-14,0.5652,0.7821,0.4690,1.4966,716.3276,0.0394,8.0000
FLD0031,2026-03-14,0.5463,0.7737,0.4750,1.5264,716.5377,0.0589,14.0000
FLD0033,2026-03-14,0.8217,0.6271,0.4300,1.1520,717.1600,0.0662,5.0000
FLD0034,2026-03-14,0.6333,0.8408,0.4967,1.6950,717.1310,0.0373,4.0000
FLD0035,2026-03-14,0.5385,0.8867,0.5154,1.7036,716.4098,,1.0000
FLD0036,2026-03-14,0.6885,0.7871,0.4148,1.1378,712.0886,,1.0000
FLD0038,2026-03-14,0.8655,0.5972,0.3704,0.9271,714.8443,0.0655,22.0000
FLD0040,2026-03-14,0.5135,0.6793,0.4411,1.4027,717.1486,0.0848,14.0000
FLD0041,2026-03-14,0.7217,0.6633,0.4114,1.0954,715.3919,0.0696,49.0000
FLD0042,2026-03-14,0.7391,0.7082,0.4192,1.1832,715.5872,0.0625,13.0000
FLD0043,2026-03-14,0.6508,0.7083,0.4424,1.3416,716.7084,0.0902,39.0000
FLD0049,2026-03-14,0.7721,0.6618,0.4177,1.1655,716.6853,0.0832,27.0000
FLD0051,2026-03-14,0.8889,0.5704,0.3985,1.0941,715.6826,0.0829,3.0000
FLD0053,2026-03-14,0.8222,0.5036,0.3354,0.9453,718.3181,0.0546,7.0000
FLD0054,2026-03-14,0.5219,0.7348,0.4564,1.3180,716.2201,0.0687,14.0000
FLD0056,2026-03-14,0.9016,0.6604,0.4187,1.0637,715.6335,0.0367,10.0000
FLD0057,2026-03-14,0.6558,0.8412,0.5199,1.6373,716.8960,0.0316,11.0000
FLD0058,2026-03-14,0.7734,0.7092,0.4605,1.3826,717.5454,0.0466,18.0000
FLD0059,2026-03-14,0.9082,0.6500,0.4043,1.0043,714.8447,0.0607,8.0000
FLD0060,2026-03-14,0.5179,0.8705,0.4826,1.5317,714.7964,0.0297,2.0000
FLD0061,2026-03-14,0.6983,0.7750,0.4836,1.4320,716.2851,0.0717,4.0000
FLD0063,2026-03-14,0.5852,0.7776,0.4766,1.5837,717.1320,0.0616,17.0000
FLD0066,2026-03-14,0.5800,0.6880,0.4297,1.3258,716.5072,0.0767,24.0000
FLD0069,2026-03-14,0.7714,0.6403,0.4286,1.3263,718.2365,0.1476,3.0000
FLD0070,2026-03-14,0.7250,0.6769,0.4355,1.2848,716.8985,0.0744,4.0000
FLD0071,2026-03-14,0.5533,0.6903,0.4483,1.3717,717.4485,0.0671,24.0000
FLD0072,2026-03-14,0.6935,0.6724,0.4539,1.5979,718.8539,0.1197,4.0000
FLD0073,2026-03-14,1.0000,0.4832,0.2949,0.6620,714.1820,0.0173,2.0000
FLD0076,2026-03-14,0.8000,0.5949,0.3590,0.8130,713.6444,0.0414,3.0000
FLD0078,2026-03-14,0.6568,0.7432,0.4556,1.3559,716.1416,0.0541,17.0000
FLD0079,2026-03-14,0.8824,0.7331,0.4542,1.4248,717.3609,0.0603,21.0000
FLD0080,2026-03-14,0.6505,0.6377,0.4077,1.2271,716.6131,0.1391,16.0000
FLD0081,2026-03-14,0.6090,0.8084,0.4822,1.5767,716.2504,0.0598,21.0000
FLD0082,2026-03-14,0.5994,0.7491,0.4597,1.3307,716.2103,0.0599,18.0000
FLD0084,2026-03-14,0.5385,0.7297,0.4300,1.2315,714.6963,0.0950,16.0000
FLD0087,2026-03-14,0.6087,0.7409,0.4673,1.5580,717.6579,0.0729,20.0000
FLD0092,2026-03-14,0.5511,0.6046,0.3981,1.0176,716.8970,0.0641,10.0000
FLD0093,2026-03-14,0.7573,0.6506,0.4314,1.5358,717.4462,0.1207,9.0000
FLD0095,2026-03-14,0.8248,0.7302,0.4331,1.3575,715.4197,0.0696,9.0000
FLD0097,2026-03-14,0.9677,0.7456,0.4344,1.2670,715.3954,0.0388,7.0000
FLD0098,2026-03-14,0.5106,0.6925,0.4266,1.3221,716.2533,0.0780,12.0000
FLD0100,2026-03-14,0.5000,0.8968,0.5587,2.0754,719.0123,,1.0000
FLD0101,2026-03-14,0.7119,0.7416,0.4972,1.7331,718.9803,0.1301,2.0000
FLD0102,2026-03-14,0.9783,0.6874,0.4098,1.1702,716.0329,,1.0000
FLD0110,2026-03-14,0.5138,0.7790,0.4822,1.5994,716.8948,0.0538,6.0000
FLD0121,2026-03-14,0.6256,0.7839,0.4908,1.6664,717.7258,0.0702,17.0000
FLD0124,2026-03-14,0.6288,0.7843,0.4737,1.5626,716.3092,0.0736,23.0000
FLD0126,2026-03-14,0.5379,0.8123,0.4886,1.5505,715.9416,0.1016,5.0000
FLD0127,2026-03-14,0.8502,0.7032,0.3993,1.2287,713.9482,0.0758,7.0000
FLD0128,2026-03-14,0.5890,0.8407,0.4955,1.6400,716.8980,0.0265,3.0000
FLD0129,2026-03-14,0.9231,0.5944,0.3633,0.9164,714.5436,0.0887,3.0000
FLD0130,2026-03-14,1.0000,0.4958,0.2894,0.6146,713.4567,0.0288,2.0000
FLD0135,2026-03-14,0.8187,0.6305,0.3985,1.0422,714.4177,0.0544,8.0000
FLD0136,2026-03-14,0.5912,0.6687,0.4045,1.1794,714.4119,0.0716,4.0000
FLD0137,2026-03-14,0.5786,0.6606,0.4132,1.1957,715.7246,0.0739,4.0000
FLD0139,2026-03-14,0.9286,0.6208,0.3415,0.9089,714.4100,,1.0000
FLD0141,2026-03-14,0.7143,0.7964,0.5201,1.9204,721.2816,0.0400,2.0000
FLD0148,2026-03-14,0.5553,0.6763,0.4101,1.2307,715.4522,0.0887,25.0000
FLD0149,2026-03-14,0.5129,0.7211,0.4393,1.3495,715.8396,0.0815,10.0000
FLD0150,2026-03-14,0.6269,0.7690,0.4493,1.3802,715.5829,0.0396,12.0000
FLD0151,2026-03-14,0.9554,0.6406,0.3808,1.0691,714.8744,0.0780,12.0000
FLD0152,2026-03-14,0.5901,0.7264,0.4707,1.5246,718.2518,0.0364,7.0000
FLD0155,2026-03-14,0.5027,0.5686,0.3475,0.9724,713.3445,0.0576,3.0000
FLD0156,2026-03-14,0.6942,0.7040,0.4399,1.3921,716.6463,0.0697,13.0000
FLD0157,2026-03-14,1.0000,0.8629,0.5340,1.9911,718.3457,,1.0000
FLD0158,2026-03-14,0.7376,0.6817,0.4113,1.1632,715.0086,0.0542,3.0000
FLD0159,2026-03-14,0.5348,0.7564,0.4439,1.4200,715.9990,0.0598,5.0000
FLD0161,2026-03-14,0.5419,0.7759,0.4941,1.7347,717.5959,0.0680,15.0000
FLD0162,2026-03-14,1.0000,0.7042,0.4424,1.2917,718.2905,,1.0000
FLD0163,2026-03-14,1.0000,0.6807,0.4111,0.9689,714.0282,0.0132,2.0000
FLD0164,2026-03-14,0.5833,0.5910,0.3854,0.9740,716.8302,0.0243,3.0000
FLD0166,2026-03-14,0.8828,0.6844,0.4158,1.1478,716.7019,0.0838,12.0000
FLD0167,2026-03-14,0.7391,0.5966,0.3805,1.0231,715.6721,0.0963,30.0000
FLD0168,2026-03-14,0.8249,0.5087,0.3119,0.8050,711.9414,0.1245,17.0000
FLD0169,2026-03-14,1.0000,0.4503,0.2652,0.5538,709.3282,,1.0000
FLD0173,2026-03-14,0.7458,0.5964,0.3789,1.0376,715.1376,0.0916,22.0000
FLD0175,2026-03-14,0.8041,0.6111,0.3865,1.0727,715.4904,0.0606,5.0000
FLD0176,2026-03-14,0.5652,0.4869,0.3091,0.8634,714.0068,0.1292,10.0000
FLD0177,2026-03-14,0.9573,0.3715,0.2253,0.4957,711.4191,0.0992,6.0000
FLD0178,2026-03-14,0.9286,0.2820,0.2026,0.3161,710.5005,,1.0000
FLD0179,2026-03-14,0.9565,0.6661,0.4003,1.0095,715.2500,0.0666,3.0000
FLD0180,2026-03-14,0.9600,0.7138,0.4450,1.2044,715.9212,,1.0000
FLD0181,2026-03-14,0.6538,0.6704,0.4126,1.1987,716.2718,0.0767,13.0000
FLD0182,2026-03-14,0.9873,0.6698,0.4249,1.1219,716.4565,0.0513,7.0000
FLD0183,2026-03-14,0.8862,0.6282,0.4001,1.0789,716.3240,0.0504,18.0000
FLD0184,2026-03-14,0.6364,0.7518,0.4448,1.3817,715.2011,0.0754,3.0000
FLD0185,2026-03-14,1.0000,0.4871,0.3161,0.6654,715.2041,0.0396,2.0000
FLD0188,2026-03-14,0.7622,0.5080,0.3168,0.8184,713.5591,0.0699,26.0000
FLD0189,2026-03-14,1.0000,0.5680,0.3671,1.0095,715.7229,0.0880,3.0000
FLD0190,2026-03-14,0.5517,0.7530,0.4643,1.6906,717.7150,0.1331,4.0000
FLD0191,2026-03-14,0.6062,0.6754,0.4431,1.4496,718.8442,0.0982,22.0000
FLD0193,2026-03-14,0.6142,0.7488,0.4557,1.5740,716.8719,0.0958,11.0000
FLD0195,2026-03-14,0.6667,0.6891,0.4373,1.3944,716.2746,0.0800,4.0000
FLD0196,2026-03-14,0.9857,0.4808,0.3056,0.6571,713.4641,0.0917,3.0000
FLD0197,2026-03-14,0.8644,0.7345,0.4019,1.2115,712.6519,0.1249,11.0000
FLD0198,2026-03-14,1.0000,0.2543,0.1848,0.4163,721.5786,,1.0000
FLD0202,2026-03-14,0.6667,0.6147,0.3658,0.9777,716.5785,0.0995,3.0000
FLD0203,2026-03-14,0.6766,0.5536,0.3501,1.0416,715.4376,0.1284,20.0000
FLD0205,2026-03-14,0.6582,0.7249,0.4702,1.5437,718.2581,,1.0000
FLD0207,2026-03-14,1.0000,0.4907,0.3088,0.7432,715.1599,0.0557,4.0000
FLD0208,2026-03-14,1.0000,0.6038,0.4281,1.1859,720.0194,0.1034,2.0000
FLD0209,2026-03-14,0.9500,0.5499,0.3409,0.9334,714.9399,0.1038,5.0000
FLD0212,2026-03-14,1.0000,0.7393,0.4067,1.0534,713.0511,,1.0000
FLD0214,2026-03-14,0.7500,0.7270,0.4695,1.4658,718.3281,0.0150,2.0000
FLD0217,2026-03-14,0.6897,0.7858,0.4677,1.5242,715.5928,0.0459,3.0000
FLD0219,2026-03-14,1.0000,0.7203,0.4089,0.9880,711.9171,0.0479,2.0000
FLD0220,2026-03-14,1.0000,0.6631,0.3741,0.9155,713.2264,0.1022,3.0000
FLD0221,2026-03-14,0.8333,0.4495,0.3460,1.1534,716.3044,,1.0000
FLD0222,2026-03-14,1.0000,0.6342,0.3681,0.9729,714.9951,0.0644,9.0000
FLD0223,2026-03-14,1.0000,0.5727,0.3857,1.0941,717.6402,,1.0000
FLD0224,2026-03-14,0.5435,0.8745,0.5309,1.7083,717.2759,,1.0000
FLD0226,2026-03-14,0.7467,0.5221,0.3272,0.7327,713.0346,0.0800,6.0000
FLD0228,2026-03-14,0.7984,0.6767,0.4312,1.2058,716.5209,0.0916,15.0000
FLD0229,2026-03-14,0.7368,0.7523,0.4659,1.4954,717.1746,0.0641,5.0000
FLD0230,2026-03-14,0.7273,0.3110,0.1598,0.3654,709.4771,,1.0000
FLD0231,2026-03-14,0.9035,0.5843,0.3652,0.9411,714.7085,0.0370,12.0000
FLD0235,2026-03-14,0.6512,0.5098,0.3254,1.0288,714.1335,0.1051,3.0000
FLD0238,2026-03-14,1.0000,0.2776,0.2586,0.6138,726.0409,,1.0000
FLD0242,2026-03-14,0.5941,0.7160,0.4499,1.2571,715.7732,0.0195,2.0000
FLD0244,2026-03-14,0.8293,0.7479,0.4557,1.3477,716.3529,0.0600,2.0000
FLD0245,2026-03-14,1.0000,0.6702,0.3893,0.9233,712.2460,0.0437,4.0000
FLD0246,2026-03-14,0.9301,0.5570,0.3692,0.9340,715.9592,0.0658,14.0000
FLD0247,2026-03-14,0.8859,0.5398,0.3393,0.7878,714.2895,0.0667,21.0000
FLD0248,2026-03-14,0.8222,0.6603,0.3969,1.0259,713.7321,0.0859,11.0000
FLD0249,2026-03-14,0.5000,0.9120,0.5752,2.2304,719.0661,,1.0000
FLD0250,2026-03-14,0.6348,0.7797,0.4999,1.7638,718.8382,0.1773,14.0000
FLD0251,2026-03-14,0.8295,0.5819,0.3632,0.9479,714.7378,0.1129,32.0000
FLD0252,2026-03-14,0.7225,0.6564,0.4359,1.1974,717.5065,0.0491,5.0000
FLD0253,2026-03-14,0.7676,0.5741,0.3416,1.1549,713.1398,0.1514,18.0000
FLD0254,2026-03-14,0.7568,0.6602,0.4301,1.0951,716.5902,0.0553,10.0000
FLD0256,2026-03-14,0.8296,0.3749,0.2252,0.4489,711.9721,0.1470,4.0000
FLD0257,2026-03-14,0.9815,0.4567,0.2742,0.5691,711.3990,0.0585,4.0000
FLD0258,2026-03-14,1.0000,0.4365,0.2569,0.5262,712.9444,0.0432,2.0000
FLD0259,2026-03-14,0.8873,0.3984,0.2531,0.5493,713.6736,0.1087,21.0000
FLD0263,2026-03-14,0.8393,0.5631,0.3711,0.9030,716.0797,0.0913,15.0000
FLD0264,2026-03-14,0.5774,0.7254,0.4485,1.3728,716.1599,0.0927,19.0000
FLD0265,2026-03-14,0.7002,0.7131,0.4482,1.3549,716.7181,0.0730,35.0000
FLD0266,2026-03-14,0.8521,0.5142,0.3248,0.8226,713.9426,0.0983,82.0000
FLD0267,2026-03-14,0.5889,0.6518,0.4120,1.1374,716.7825,0.0848,5.0000
FLD0268,2026-03-14,0.9122,0.6434,0.3914,1.0973,715.4072,0.0673,6.0000
FLD0269,2026-03-14,0.6011,0.8367,0.5092,1.8513,717.8147,0.0726,4.0000
FLD0270,2026-03-14,0.6103,0.6902,0.4365,1.4463,716.7672,0.0635,8.0000
FLD0271,2026-03-14,0.6740,0.7407,0.4609,1.4342,717.3759,0.0597,6.0000
FLD0273,2026-03-14,0.6287,0.7495,0.4550,1.4172,716.9956,0.0663,5.0000
FLD0278,2026-03-14,0.7427,0.7031,0.4354,1.3521,716.5785,0.0697,18.0000
FLD0279,2026-03-14,0.7535,0.6398,0.3802,1.1255,714.9696,0.1225,12.0000
FLD0280,2026-03-14,0.7751,0.6564,0.3948,1.1963,715.8394,0.0672,13.0000
FLD0281,2026-03-14,1.0000,0.6604,0.3913,1.0594,715.1065,0.0182,2.0000
FLD0283,2026-03-14,0.6865,0.6610,0.4146,1.2226,716.9794,0.0883,19.0000
FLD0284,2026-03-14,0.8782,0.6164,0.3816,1.0609,714.7913,0.0969,17.0000
FLD0286,2026-03-14,0.7957,0.6120,0.3852,1.0469,715.5035,,1.0000
FLD0288,2026-03-14,0.6262,0.8383,0.5029,1.6050,716.1912,,1.0000
FLD0291,2026-03-14,1.0000,0.4790,0.3047,0.5813,713.6049,,1.0000
FLD0292,2026-03-14,0.9804,0.6833,0.4012,1.0332,714.1605,0.0249,2.0000
FLD0293,2026-03-14,1.0000,0.5788,0.3825,0.9159,716.7642,0.0314,4.0000
FLD0294,2026-03-14,0.5972,0.7219,0.4310,1.1565,714.7908,0.0019,2.0000
FLD0295,2026-03-14,0.6970,0.7943,0.4944,1.7327,718.1457,0.0075,2.0000
FLD0298,2026-03-14,0.5373,0.6710,0.4334,1.5009,715.8109,0.0857,4.0000
FLD0300,2026-03-14,0.6817,0.7090,0.4398,1.4768,716.4114,0.1246,7.0000
FLD0301,2026-03-14,0.8756,0.6809,0.4077,1.2095,715.6454,0.0659,7.0000
FLD0302,2026-03-14,0.6419,0.7863,0.4738,1.6239,717.0181,0.1014,17.0000
FLD0303,2026-03-14,0.5638,0.7146,0.4448,1.4366,716.9667,0.0786,46.0000
FLD0310,2026-03-14,1.0000,0.5042,0.3320,0.6537,714.1202,,1.0000
FLD0311,2026-03-14,0.6966,0.7802,0.4572,1.3489,714.9817,0.0529,10.0000
FLD0313,2026-03-14,0.5000,0.7111,0.4206,1.1769,714.4365,0.0928,3.0000
FLD0314,2026-03-14,0.9706,0.6824,0.4001,0.9774,713.5330,0.0241,5.0000
FLD0315,2026-03-14,0.5000,0.7864,0.4385,1.2453,712.6680,,1.0000
FLD0316,2026-03-14,0.5349,0.6721,0.4433,1.4377,717.6632,0.0991,18.0000
FLD0317,2026-03-14,0.7654,0.7457,0.4525,1.3528,716.3844,0.0754,11.0000
FLD0318,2026-03-14,0.9324,0.5848,0.3536,0.9702,714.6626,0.0910,22.0000
FLD0321,2026-03-14,0.8483,0.7524,0.4412,1.2283,715.1946,0.0278,2.0000
FLD0322,2026-03-14,0.8169,0.6751,0.4167,1.1663,715.4090,0.0643,9.0000
FLD0325,2026-03-14,0.9744,0.5623,0.3369,0.8578,714.5984,0.0581,8.0000
FLD0326,2026-03-14,0.8146,0.6045,0.3627,0.9160,715.1208,0.0298,8.0000
FLD0329,2026-03-14,0.5215,0.7928,0.4627,1.5736,715.9183,0.0897,21.0000
FLD0330,2026-03-14,0.8018,0.5327,0.3158,0.7876,713.0241,0.0959,8.0000
FLD0333,2026-03-14,0.6400,0.7834,0.4652,1.3614,715.9198,0.0303,5.0000
FLD0334,2026-03-14,0.9070,0.3264,0.1763,0.3722,705.1495,0.0891,26.0000
FLD0335,2026-03-14,0.7198,0.7408,0.4314,1.2423,714.9383,0.0693,39.0000
FLD0336,2026-03-14,0.9478,0.6318,0.3818,0.9221,713.7735,0.1169,11.0000
FLD0337,2026-03-14,0.6667,0.2468,0.1105,0.2564,703.8207,0.0185,2.0000
FLD0338,2026-03-14,0.8156,0.3749,0.2238,0.4231,710.4811,0.0911,10.0000
FLD0339,2026-03-14,0.9013,0.4456,0.2747,0.5385,711.4713,0.0710,9.0000
FLD0340,2026-03-14,0.8571,0.3882,0.2289,0.4900,710.8027,0.0852,8.0000
FLD0341,2026-03-14,0.8197,0.4070,0.2191,0.5217,711.8727,0.1062,3.0000
FLD0343,2026-03-14,0.7064,0.6115,0.3587,0.9117,713.7763,0.1024,6.0000
FLD0345,2026-03-14,0.9469,0.5379,0.3405,0.7835,714.9472,0.0746,15.0000
FLD0346,2026-03-14,0.9487,0.7611,0.4443,1.1962,715.4118,0.0614,7.0000
FLD0348,2026-03-14,0.6992,0.2624,0.1695,0.3149,711.3869,0.0569,5.0000
FLD0351,2026-03-14,0.7411,0.3362,0.2827,0.4701,727.7987,0.1254,12.0000
FLD0352,2026-03-14,0.6505,0.4332,0.2907,0.7794,719.1804,0.0939,10.0000
FLD0353,2026-03-14,0.9252,0.3686,0.2393,0.5321,717.4329,0.0896,9.0000
FLD0354,2026-03-14,0.6282,0.3484,0.2221,0.5358,719.6338,0.1098,12.0000
FLD0355,2026-03-14,0.5067,0.2417,0.1652,0.3231,718.0542,0.0374,8.0000
FLD0356,2026-03-14,0.8554,0.3844,0.2473,0.5250,713.5471,0.0992,26.0000
FLD0357,2026-03-14,0.9865,0.3493,0.2336,0.4141,712.7966,0.0530,9.0000
FLD0358,2026-03-14,0.8148,0.3013,0.1883,0.4271,719.0038,0.0481,4.0000
FLD0359,2026-03-14,0.7778,0.3027,0.2361,0.6715,730.9832,0.1111,3.0000
FLD0360,2026-03-14,0.6667,0.3485,0.2198,0.5081,714.7055,0.1424,11.0000
FLD0361,2026-03-14,0.6533,0.3945,0.2741,0.7437,717.5947,0.1938,5.0000
FLD0366,2026-03-14,0.5806,0.8914,0.5580,2.1670,718.6808,0.0649,3.0000
FLD0367,2026-03-14,0.6892,0.6849,0.4205,1.1775,715.6312,0.0654,12.0000
FLD0368,2026-03-14,0.7800,0.7708,0.4186,1.1706,712.8251,0.0510,6.0000
FLD0371,2026-03-14,0.5246,0.7943,0.4714,1.5258,716.1591,0.0650,24.0000
FLD0374,2026-03-14,0.7734,0.4140,0.2531,0.5957,712.1749,0.1031,85.0000
FLD0375,2026-03-14,1.0000,0.3779,0.2462,0.4405,712.4035,0.0272,3.0000
FLD0377,2026-03-14,0.8750,0.3065,0.1965,0.3177,709.8417,0.0651,3.0000
FLD0378,2026-03-14,0.7685,0.3012,0.1803,0.3729,712.9727,0.0914,8.0000
FLD0379,2026-03-14,0.9070,0.3735,0.2381,0.4592,710.1308,0.0413,7.0000
FLD0380,2026-03-14,0.7985,0.6366,0.3735,1.0428,714.1353,0.0874,57.0000
FLD0381,2026-03-14,0.8486,0.6215,0.3613,0.9773,713.0546,0.1029,17.0000
FLD0382,2026-03-14,0.7917,0.4533,0.2716,0.5909,711.1392,0.0249,5.0000
FLD0383,2026-03-14,0.8041,0.3726,0.2272,0.4545,711.9321,0.0471,29.0000
FLD0384,2026-03-14,0.6806,0.6856,0.4265,1.2365,716.2669,0.0729,11.0000
FLD0385,2026-03-14,0.7557,0.7633,0.4477,1.2863,715.0384,0.0578,9.0000
FLD0386,2026-03-14,0.5257,0.7757,0.4732,1.5623,716.8126,0.0642,13.0000
FLD0388,2026-03-14,0.7667,0.6425,0.4184,1.1628,718.0654,,1.0000
FLD0391,2026-03-14,0.9024,0.7526,0.4921,1.5430,718.7236,0.0541,3.0000
FLD0392,2026-03-14,0.8201,0.5948,0.3781,1.0580,716.0756,0.0658,22.0000
FLD0393,2026-03-14,0.9556,0.8422,0.5384,2.1046,719.0991,0.0355,6.0000
FLD0396,2026-03-14,0.6769,0.7472,0.4532,1.4628,716.5868,0.0578,7.0000
FLD0397,2026-03-14,0.9072,0.6706,0.3876,1.1487,714.2120,0.1131,5.0000
FLD0402,2026-03-14,0.7778,0.6231,0.3936,1.2423,716.1723,0.0842,11.0000
FLD0404,2026-03-14,1.0000,0.7363,0.4434,1.4056,716.4872,0.0637,2.0000
FLD0405,2026-03-14,0.6250,0.7563,0.4889,1.8522,717.7306,0.0831,3.0000
FLD0406,2026-03-14,1.0000,0.7654,0.4773,1.6055,716.8598,0.0147,2.0000
FLD0407,2026-03-14,0.5000,0.9219,0.5513,2.1317,717.6559,0.0194,3.0000
FLD0408,2026-03-14,1.0000,0.7583,0.4087,1.4209,715.8694,,1.0000
FLD0409,2026-03-14,0.8261,0.8850,0.5201,1.6478,715.7777,,1.0000
FLD0410,2026-03-14,0.8800,0.8241,0.5057,1.5833,717.4549,,1.0000
FLD0423,2026-03-14,0.9000,0.6089,0.3743,0.9456,715.4474,,1.0000
FLD0426,2026-03-14,0.9021,0.6805,0.4089,1.1595,715.5380,0.0687,13.0000
FLD0427,2026-03-14,0.8595,0.7080,0.4161,1.1763,715.3903,0.0204,10.0000
FLD0428,2026-03-14,0.7832,0.7124,0.4332,1.2778,716.1164,0.0780,26.0000
FLD0431,2026-03-14,1.0000,0.6330,0.3816,0.9046,713.8499,0.0216,3.0000
FLD0432,2026-03-14,0.9245,0.7458,0.4465,1.3751,715.6623,0.0283,3.0000
FLD0434,2026-03-14,1.0000,0.6337,0.4443,1.3022,717.1610,,1.0000
FLD0436,2026-03-14,0.9708,0.5963,0.3702,0.8903,714.4556,0.0725,22.0000
FLD0437,2026-03-14,0.6348,0.8580,0.5024,1.6344,715.9358,0.0304,6.0000
FLD0439,2026-03-14,0.5988,0.7864,0.4846,1.5551,717.1194,0.0234,5.0000
FLD0440,2026-03-14,0.7677,0.6605,0.4201,1.1556,717.2305,0.0782,5.0000
FLD0442,2026-03-14,0.6562,0.6559,0.4385,1.3664,717.1245,0.0178,3.0000
FLD0443,2026-03-14,0.7980,0.6474,0.4202,1.1189,716.9001,0.0582,4.0000
FLD0448,2026-03-14,0.8971,0.6125,0.3886,0.9498,715.3323,0.0445,3.0000
FLD0449,2026-03-14,0.7975,0.7956,0.4584,1.1838,713.9053,,1.0000
FLD0451,2026-03-14,0.5455,0.7751,0.4824,1.4313,718.3933,,1.0000
FLD0456,2026-03-14,0.8966,0.8340,0.4698,1.4883,715.4490,0.0271,3.0000
FLD0458,2026-03-14,1.0000,0.6523,0.4306,1.1866,717.1653,0.0347,2.0000
FLD0459,2026-03-14,1.0000,0.5774,0.3582,0.9048,716.7930,0.0449,5.0000
FLD0460,2026-03-14,0.6154,0.8879,0.5267,1.8643,718.0387,,1.0000
FLD0463,2026-03-14,0.6154,0.8620,0.5959,2.2732,721.5827,0.0453,2.0000
FLD0466,2026-03-14,1.0000,0.5706,0.3691,0.9366,716.1009,0.0719,4.0000
FLD0467,2026-03-14,0.6786,0.7963,0.4892,1.7148,717.0533,0.1148,5.0000
FLD0468,2026-03-14,1.0000,0.5796,0.3678,0.9125,716.2515,0.0473,2.0000
FLD0003,2026-03-16,0.8415,0.5987,0.3920,1.0378,718.7788,0.0695,8.0000
FLD0005,2026-03-16,0.6949,0.7469,0.4585,1.5542,717.9326,0.1022,4.0000
FLD0006,2026-03-16,0.6232,0.7254,0.4521,1.3672,718.0469,0.0453,6.0000
FLD0021,2026-03-16,0.5405,0.7112,0.4841,1.6970,722.1984,0.0177,3.0000
FLD0033,2026-03-16,0.7442,0.6524,0.4560,1.3764,720.4107,0.0617,4.0000
FLD0036,2026-03-16,0.5574,0.8119,0.4263,1.1801,713.0471,,1.0000
FLD0038,2026-03-16,0.8025,0.6160,0.3888,1.0366,716.9531,0.0647,19.0000
FLD0041,2026-03-16,0.6145,0.6554,0.4140,1.1117,716.4291,0.0829,44.0000
FLD0042,2026-03-16,0.5435,0.7065,0.4376,1.2920,717.1502,0.0674,9.0000
FLD0043,2026-03-16,0.5163,0.6851,0.4478,1.4465,718.3720,0.1073,30.0000
FLD0049,2026-03-16,0.6651,0.6455,0.4250,1.2471,718.7114,0.1067,21.0000
FLD0051,2026-03-16,0.7778,0.6190,0.4295,1.4052,720.4110,0.1225,3.0000
FLD0053,2026-03-16,0.7778,0.5133,0.3342,1.0224,719.0958,0.0492,7.0000
FLD0056,2026-03-16,0.7953,0.7081,0.4537,1.2828,717.6962,0.0545,10.0000
FLD0058,2026-03-16,0.5508,0.7154,0.4914,1.6154,720.4850,0.0576,13.0000
FLD0059,2026-03-16,0.7729,0.6875,0.4387,1.2183,717.2822,0.0645,7.0000
FLD0069,2026-03-16,0.6571,0.6176,0.4484,1.6677,722.5137,0.1287,3.0000
FLD0073,2026-03-16,1.0000,0.5065,0.3060,0.7250,714.9804,0.0437,2.0000
FLD0076,2026-03-16,0.7333,0.6011,0.3671,0.8417,715.1762,0.0446,3.0000
FLD0079,2026-03-16,0.5517,0.7333,0.4727,1.6255,719.1711,0.0747,11.0000
FLD0092,2026-03-16,0.5200,0.6945,0.4508,1.3118,718.9642,0.0959,10.0000
FLD0097,2026-03-16,0.8145,0.8116,0.4782,1.5200,717.1012,0.0501,5.0000
FLD0102,2026-03-16,0.6739,0.5954,0.3697,0.9786,717.4796,,1.0000
FLD0127,2026-03-16,0.5314,0.6379,0.3735,1.2333,714.0772,0.0363,3.0000
FLD0129,2026-03-16,0.8462,0.6411,0.3867,1.1248,717.1817,0.0602,3.0000
FLD0130,2026-03-16,1.0000,0.5040,0.2892,0.6186,716.3210,0.0116,2.0000
FLD0135,2026-03-16,0.7375,0.6557,0.4258,1.1891,716.6170,0.0594,6.0000
FLD0139,2026-03-16,0.7857,0.6142,0.3659,1.0722,716.9003,,1.0000
FLD0151,2026-03-16,0.7298,0.7067,0.4094,1.2305,715.4939,0.0595,9.0000
FLD0156,2026-03-16,0.6044,0.6472,0.4110,1.2953,717.0193,0.0922,11.0000
FLD0158,2026-03-16,0.5887,0.7491,0.4518,1.4567,717.1596,0.0832,2.0000
FLD0162,2026-03-16,1.0000,0.7171,0.4603,1.3988,718.9628,,1.0000
FLD0163,2026-03-16,1.0000,0.6876,0.4223,1.0514,715.7437,0.0094,2.0000
FLD0166,2026-03-16,0.6016,0.6628,0.4439,1.3779,721.6768,0.0858,7.0000
FLD0167,2026-03-16,0.6601,0.5589,0.3585,0.9642,716.0450,0.0900,28.0000
FLD0168,2026-03-16,0.6889,0.4984,0.2971,0.7744,713.3610,0.1037,13.0000
FLD0169,2026-03-16,1.0000,0.5016,0.3016,0.6867,709.0948,,1.0000
FLD0175,2026-03-16,0.6367,0.5693,0.3608,0.9298,715.9468,0.0518,4.0000
FLD0177,2026-03-16,0.8415,0.3413,0.2061,0.4678,709.5537,0.1130,5.0000
FLD0179,2026-03-16,0.8478,0.6787,0.4147,1.0574,717.0351,0.0510,3.0000
FLD0180,2026-03-16,0.7200,0.6759,0.4458,1.1701,718.0978,,1.0000
FLD0181,2026-03-16,0.5247,0.6792,0.4352,1.3488,718.6783,0.1027,12.0000
FLD0182,2026-03-16,0.9051,0.7368,0.4694,1.4085,718.7096,0.0462,5.0000
FLD0183,2026-03-16,0.7605,0.6633,0.4306,1.2604,718.3700,0.0652,12.0000
FLD0185,2026-03-16,0.9750,0.5425,0.3385,0.8038,717.4109,0.0850,2.0000
FLD0188,2026-03-16,0.6558,0.4939,0.3123,0.8018,715.0048,0.0572,22.0000
FLD0189,2026-03-16,1.0000,0.5970,0.3955,1.1037,717.0789,0.0826,3.0000
FLD0196,2026-03-16,0.9143,0.4786,0.3081,0.6950,714.9877,0.0414,2.0000
FLD0198,2026-03-16,0.8000,0.2133,0.1964,0.4638,725.6669,,1.0000
FLD0202,2026-03-16,0.5000,0.6079,0.4215,1.3060,723.7774,0.1349,2.0000
FLD0205,2026-03-16,0.5443,0.7231,0.4810,1.6362,719.9143,,1.0000
FLD0207,2026-03-16,0.9231,0.5150,0.3355,0.8620,717.3130,0.0713,4.0000
FLD0208,2026-03-16,1.0000,0.6330,0.5116,1.9658,726.7628,0.1320,2.0000
FLD0209,2026-03-16,0.9000,0.5346,0.3295,0.9631,715.7511,0.1643,5.0000
FLD0212,2026-03-16,1.0000,0.8214,0.4267,1.3078,713.3617,,1.0000
FLD0214,2026-03-16,0.7500,0.6910,0.5021,1.7718,721.4308,0.1080,2.0000
FLD0219,2026-03-16,0.9200,0.7829,0.4636,1.3694,716.4548,0.0729,2.0000
FLD0220,2026-03-16,0.8889,0.6640,0.4213,1.1719,719.0270,0.0885,2.0000
FLD0221,2026-03-16,0.8333,0.4232,0.3377,1.5855,719.6415,,1.0000
FLD0222,2026-03-16,0.8684,0.6328,0.3863,1.0552,716.8839,0.0513,7.0000
FLD0223,2026-03-16,1.0000,0.5991,0.4315,1.4337,722.6038,,1.0000
FLD0226,2026-03-16,0.6667,0.5386,0.3299,0.7263,714.2806,0.0542,5.0000
FLD0228,2026-03-16,0.7132,0.7035,0.4681,1.4606,719.4866,0.1166,11.0000
FLD0230,2026-03-16,0.7273,0.3184,0.1594,0.4134,710.4490,,1.0000
FLD0231,2026-03-16,0.8509,0.6251,0.3906,1.0986,716.1746,0.0525,12.0000
FLD0235,2026-03-16,0.5116,0.4705,0.3222,1.1498,717.1507,0.0822,2.0000
FLD0238,2026-03-16,1.0000,0.2248,0.2422,0.6297,734.7244,,1.0000
FLD0244,2026-03-16,0.5854,0.7478,0.4702,1.3865,717.7869,,1.0000
FLD0245,2026-03-16,0.8846,0.7784,0.4437,1.1508,712.2461,0.0648,3.0000
FLD0246,2026-03-16,0.8871,0.5669,0.3766,1.1290,717.1788,0.1015,13.0000
FLD0247,2026-03-16,0.8000,0.5312,0.3364,0.7803,715.6822,0.0574,17.0000
FLD0248,2026-03-16,0.5778,0.6329,0.3870,0.9589,714.6814,0.0453,5.0000
FLD0251,2026-03-16,0.6533,0.5768,0.3753,0.9996,716.8241,0.1080,24.0000
FLD0252,2026-03-16,0.6555,0.7280,0.4824,1.5385,719.7542,0.0709,5.0000
FLD0254,2026-03-16,0.6913,0.7425,0.4854,1.3787,718.9812,0.0400,7.0000
FLD0256,2026-03-16,0.6593,0.3344,0.2148,0.4291,714.6867,0.1240,3.0000
FLD0257,2026-03-16,0.9259,0.5162,0.3062,0.6771,712.4673,0.0972,4.0000
FLD0258,2026-03-16,1.0000,0.4669,0.2392,0.5504,714.7845,0.0167,2.0000
FLD0259,2026-03-16,0.7113,0.4304,0.2795,0.6544,716.4580,0.1072,16.0000
FLD0263,2026-03-16,0.7679,0.5986,0.3913,1.0065,717.7700,0.0982,12.0000
FLD0266,2026-03-16,0.7488,0.5156,0.3217,0.8061,714.1220,0.0875,71.0000
FLD0267,2026-03-16,0.5056,0.6847,0.4400,1.3051,717.8717,0.1095,5.0000
FLD0268,2026-03-16,0.8293,0.6527,0.3975,1.1530,716.6315,0.0629,6.0000
FLD0278,2026-03-16,0.5643,0.7282,0.4719,1.6304,718.9843,0.0741,12.0000
FLD0279,2026-03-16,0.5868,0.6434,0.3833,1.1883,716.7488,0.1386,10.0000
FLD0280,2026-03-16,0.5897,0.6454,0.4052,1.3231,717.8275,0.0954,12.0000
FLD0281,2026-03-16,1.0000,0.7351,0.4414,1.3473,716.8348,0.0302,2.0000
FLD0283,2026-03-16,0.5143,0.6284,0.4087,1.2558,718.8182,0.0744,14.0000
FLD0284,2026-03-16,0.7563,0.5979,0.3552,0.9490,714.8278,0.0744,13.0000
FLD0286,2026-03-16,0.6667,0.6195,0.3974,1.2051,717.6617,,1.0000
FLD0291,2026-03-16,1.0000,0.4883,0.3165,0.6473,717.1365,,1.0000
FLD0293,2026-03-16,0.9545,0.6062,0.4111,1.0833,718.7033,0.0502,4.0000
FLD0294,2026-03-16,0.5000,0.7736,0.4649,1.3932,717.3508,0.0022,2.0000
FLD0295,2026-03-16,0.5152,0.7505,0.5030,2.0608,723.8644,,1.0000
FLD0310,2026-03-16,1.0000,0.5375,0.3428,0.7095,716.6448,,1.0000
FLD0314,2026-03-16,0.9559,0.7728,0.4557,1.3432,715.9051,0.0442,5.0000
FLD0318,2026-03-16,0.8432,0.6406,0.3814,1.1512,716.2762,0.1189,18.0000
FLD0321,2026-03-16,0.6573,0.7886,0.4587,1.3074,716.1389,,1.0000
FLD0322,2026-03-16,0.6620,0.7712,0.4818,1.6071,718.3811,0.0625,7.0000
FLD0325,2026-03-16,0.8974,0.6446,0.3678,0.9801,715.7527,0.0655,8.0000
FLD0326,2026-03-16,0.6093,0.6005,0.3768,0.9837,718.0736,0.0269,7.0000
FLD0330,2026-03-16,0.6126,0.5611,0.3560,0.9938,716.6427,0.0716,5.0000
FLD0334,2026-03-16,0.6047,0.2755,0.1409,0.2931,705.2894,0.0715,17.0000
FLD0336,2026-03-16,0.7739,0.6429,0.3983,1.0523,716.1958,0.0480,5.0000
FLD0337,2026-03-16,0.6000,0.2606,0.0891,0.2583,701.2005,0.0252,3.0000
FLD0338,2026-03-16,0.6667,0.4389,0.2527,0.5415,713.0288,0.0619,7.0000
FLD0339,2026-03-16,0.7763,0.5969,0.3290,0.7229,711.9913,0.0555,7.0000
FLD0340,2026-03-16,0.8714,0.4139,0.2583,0.6125,711.9882,0.1414,7.0000
FLD0341,2026-03-16,0.5082,0.4810,0.2700,0.7381,716.9901,0.0540,2.0000
FLD0343,2026-03-16,0.5532,0.6032,0.3587,0.9467,716.0374,0.0903,3.0000
FLD0345,2026-03-16,0.8261,0.5545,0.3572,0.8676,716.6672,0.0647,14.0000
FLD0348,2026-03-16,0.6016,0.2609,0.1592,0.3078,712.2303,0.0590,4.0000
FLD0352,2026-03-16,0.5243,0.4434,0.3026,0.8514,719.3722,0.1096,8.0000
FLD0353,2026-03-16,0.8598,0.3825,0.2334,0.5265,716.8143,0.0991,8.0000
FLD0356,2026-03-16,0.6578,0.4030,0.2642,0.5805,714.7597,0.0749,20.0000
FLD0357,2026-03-16,0.9865,0.3477,0.2214,0.3884,711.0045,0.0665,9.0000
FLD0358,2026-03-16,0.5556,0.2782,0.1716,0.3404,717.1968,0.1062,3.0000
FLD0359,2026-03-16,0.5000,0.3316,0.2702,0.6608,727.9292,,1.0000
FLD0361,2026-03-16,0.5600,0.3852,0.2717,0.8465,716.0305,0.1465,3.0000
FLD0368,2026-03-16,0.6600,0.7956,0.4480,1.3014,716.2379,0.0477,5.0000
FLD0374,2026-03-16,0.6546,0.4234,0.2545,0.6044,713.0737,0.0946,63.0000
FLD0375,2026-03-16,1.0000,0.3827,0.2439,0.4531,713.1069,0.0264,3.0000
FLD0377,2026-03-16,0.8523,0.3075,0.1958,0.3375,712.0973,0.0837,2.0000
FLD0378,2026-03-16,0.5432,0.3162,0.1861,0.4422,715.2979,0.1121,7.0000
FLD0379,2026-03-16,0.8140,0.3848,0.2524,0.5451,715.4341,0.0847,7.0000
FLD0380,2026-03-16,0.6194,0.6366,0.3874,1.1504,716.6031,0.0878,43.0000
FLD0381,2026-03-16,0.6940,0.6499,0.3897,1.1986,715.3530,0.1272,14.0000
FLD0382,2026-03-16,0.7202,0.5213,0.3106,0.7562,712.2005,0.0461,5.0000
FLD0383,2026-03-16,0.7443,0.3889,0.2303,0.4822,712.0332,0.0664,26.0000
FLD0388,2026-03-16,0.5667,0.6042,0.4179,1.3472,718.1364,,1.0000
FLD0391,2026-03-16,0.7480,0.8096,0.5494,2.0103,721.0077,,1.0000
FLD0392,2026-03-16,0.7220,0.6323,0.4054,1.2823,718.0461,0.0852,20.0000
FLD0397,2026-03-16,0.5773,0.5871,0.3487,1.0261,713.9924,0.0920,3.0000
FLD0402,2026-03-16,0.6204,0.6310,0.4179,1.4001,719.6092,0.1275,9.0000
FLD0404,2026-03-16,0.7143,0.7625,0.4826,1.7153,718.8652,,1.0000
FLD0406,2026-03-16,0.6667,0.8420,0.5422,2.3891,722.5476,,1.0000
FLD0423,2026-03-16,0.9000,0.6757,0.4190,1.1393,716.9309,,1.0000
FLD0426,2026-03-16,0.6084,0.7150,0.4332,1.4147,716.3547,0.1157,8.0000
FLD0427,2026-03-16,0.8264,0.7870,0.4673,1.5406,717.8980,0.0451,9.0000
FLD0428,2026-03-16,0.6287,0.6675,0.4265,1.2582,718.2321,0.0713,18.0000
FLD0431,2026-03-16,0.8082,0.7281,0.4305,1.1155,716.0412,0.0226,3.0000
FLD0432,2026-03-16,0.8302,0.6615,0.4156,1.2651,717.4927,0.0658,3.0000
FLD0434,2026-03-16,0.8000,0.7707,0.5057,1.8604,719.0687,,1.0000
FLD0436,2026-03-16,0.9303,0.6251,0.3905,1.0200,716.2300,0.0970,21.0000
FLD0440,2026-03-16,0.6364,0.6606,0.4399,1.3548,719.0909,0.0810,3.0000
FLD0442,2026-03-16,0.5469,0.7089,0.4948,1.7600,719.9391,0.0241,3.0000
FLD0443,2026-03-16,0.6364,0.6514,0.4493,1.4117,720.4658,0.0466,3.0000
FLD0448,2026-03-16,0.8235,0.7040,0.4323,1.2047,717.4963,0.0636,3.0000
FLD0458,2026-03-16,0.9000,0.6871,0.4726,1.5169,721.1167,0.0245,2.0000
FLD0459,2026-03-16,0.9091,0.5839,0.3784,1.0121,718.1916,0.0986,3.0000
FLD0466,2026-03-16,0.9333,0.6312,0.4014,1.0921,716.5519,0.0552,3.0000
FLD0468,2026-03-16,1.0000,0.6309,0.3963,1.0292,717.6779,0.0684,2.0000
FLD0003,2026-03-19,0.7439,0.5740,0.3941,1.0277,719.1809,0.0856,7.0000
FLD0021,2026-03-19,0.5270,0.6787,0.4870,1.6591,721.1635,0.0774,4.0000
FLD0033,2026-03-19,0.6977,0.6668,0.4714,1.4611,721.5628,0.0777,4.0000
FLD0038,2026-03-19,0.8025,0.6216,0.3962,1.1259,717.2553,0.0795,19.0000
FLD0041,2026-03-19,0.5736,0.6544,0.4227,1.1552,717.7526,0.0780,39.0000
FLD0042,2026-03-19,0.5000,0.6540,0.4231,1.2198,719.2431,0.0736,9.0000
FLD0043,2026-03-19,0.5204,0.6630,0.4441,1.4193,719.7124,0.0948,28.0000
FLD0049,2026-03-19,0.6605,0.6389,0.4172,1.2217,719.0389,0.1069,19.0000
FLD0051,2026-03-19,0.8889,0.6472,0.4605,1.5014,719.2825,0.1501,3.0000
FLD0053,2026-03-19,0.6889,0.5224,0.3494,1.1251,721.0374,0.0711,6.0000
FLD0056,2026-03-19,0.6693,0.7187,0.4707,1.3681,719.2037,0.0551,7.0000
FLD0059,2026-03-19,0.7053,0.7285,0.4634,1.3466,718.3644,0.0693,7.0000
FLD0069,2026-03-19,0.6286,0.5467,0.4173,1.3835,723.6671,0.1602,3.0000
FLD0073,2026-03-19,1.0000,0.5263,0.3349,0.8001,717.3272,0.0432,2.0000
FLD0076,2026-03-19,0.7111,0.6260,0.3868,0.8997,716.5435,0.0562,2.0000
FLD0092,2026-03-19,0.5156,0.6505,0.4548,1.3309,721.0359,0.0969,9.0000
FLD0129,2026-03-19,0.6923,0.6236,0.4019,1.1224,717.7106,0.0973,2.0000
FLD0130,2026-03-19,1.0000,0.5197,0.3168,0.7090,717.6573,0.0286,2.0000
FLD0135,2026-03-19,0.7500,0.6432,0.4117,1.1197,717.2507,0.0491,7.0000
FLD0139,2026-03-19,0.9286,0.6952,0.3689,1.1005,716.7490,,1.0000
FLD0151,2026-03-19,0.6992,0.6925,0.4068,1.2261,716.9395,0.0599,8.0000
FLD0156,2026-03-19,0.6044,0.6535,0.4187,1.3583,718.3392,0.0997,11.0000
FLD0162,2026-03-19,1.0000,0.7183,0.4532,1.3985,720.5741,,1.0000
FLD0163,2026-03-19,1.0000,0.5793,0.3806,0.8406,716.8599,0.0036,2.0000
FLD0164,2026-03-19,0.5000,0.5109,0.3612,0.7891,717.9725,0.0422,2.0000
FLD0166,2026-03-19,0.5781,0.6390,0.4277,1.2757,722.6139,0.0514,6.0000
FLD0167,2026-03-19,0.6047,0.5772,0.3718,1.0641,717.6249,0.0928,27.0000
FLD0168,2026-03-19,0.5783,0.5283,0.3236,0.8981,714.2448,0.1093,11.0000
FLD0169,2026-03-19,0.8000,0.5588,0.3716,0.9384,718.1593,,1.0000
FLD0175,2026-03-19,0.6122,0.5680,0.3628,0.9101,716.7291,0.0386,4.0000
FLD0177,2026-03-19,0.8110,0.3264,0.2083,0.4915,712.2750,0.0838,4.0000
FLD0178,2026-03-19,0.5714,0.2708,0.2109,0.3858,713.1517,,1.0000
FLD0179,2026-03-19,0.9783,0.5722,0.3642,0.8471,718.1678,0.0661,3.0000
FLD0180,2026-03-19,1.0000,0.5988,0.3838,1.0327,718.5725,,1.0000
FLD0181,2026-03-19,0.5275,0.6632,0.4218,1.2558,718.9007,0.1011,11.0000
FLD0182,2026-03-19,0.8861,0.7145,0.4575,1.3123,718.7207,0.0296,4.0000
FLD0183,2026-03-19,0.6766,0.6562,0.4321,1.2627,720.6500,0.0632,10.0000
FLD0185,2026-03-19,0.6125,0.5706,0.3767,0.9786,722.9019,,1.0000
FLD0188,2026-03-19,0.6471,0.5026,0.3219,0.8525,717.2513,0.0624,21.0000
FLD0189,2026-03-19,0.9000,0.6159,0.4104,1.3624,719.4601,0.0896,3.0000
FLD0196,2026-03-19,0.9000,0.4712,0.3071,0.6641,715.3069,0.0381,2.0000
FLD0207,2026-03-19,1.0000,0.5272,0.3264,0.8576,722.6787,0.0583,4.0000
FLD0208,2026-03-19,1.0000,0.5818,0.5230,1.9543,725.2505,0.1397,2.0000
FLD0209,2026-03-19,0.6500,0.5161,0.3621,1.1526,718.3467,0.1951,4.0000
FLD0214,2026-03-19,0.5000,0.4299,0.4985,1.6954,731.4385,,1.0000
FLD0219,2026-03-19,0.6800,0.8209,0.4776,1.3962,714.4703,0.0349,2.0000
FLD0220,2026-03-19,0.8889,0.7129,0.4345,1.3388,720.9648,0.1377,2.0000
FLD0221,2026-03-19,0.8333,0.3983,0.3536,1.5153,720.4864,,1.0000
FLD0222,2026-03-19,0.8421,0.6536,0.4097,1.2044,719.2178,0.0738,6.0000
FLD0223,2026-03-19,1.0000,0.6097,0.4509,1.6356,721.0076,,1.0000
FLD0226,2026-03-19,0.5967,0.5535,0.3488,0.7805,717.6974,0.0602,5.0000
FLD0228,2026-03-19,0.6977,0.7152,0.4637,1.4451,720.2926,0.1055,9.0000
FLD0230,2026-03-19,0.5455,0.3578,0.1755,0.4795,711.1058,,1.0000
FLD0231,2026-03-19,0.7778,0.6178,0.3893,1.0794,717.7747,0.0587,12.0000
FLD0235,2026-03-19,0.5349,0.4591,0.3162,1.1792,715.7492,0.0725,2.0000
FLD0238,2026-03-19,0.8000,0.1954,0.2906,0.7344,738.8201,,1.0000
FLD0244,2026-03-19,0.5366,0.7696,0.5029,1.6183,720.6290,,1.0000
FLD0245,2026-03-19,0.5769,0.7577,0.4261,1.1353,715.4062,0.0489,3.0000
FLD0246,2026-03-19,0.8280,0.5584,0.3869,1.1441,719.6957,0.1021,13.0000
FLD0247,2026-03-19,0.7391,0.5382,0.3496,0.8146,716.7394,0.0566,13.0000
FLD0248,2026-03-19,0.5111,0.6260,0.3919,0.9680,716.7308,0.0433,5.0000
FLD0251,2026-03-19,0.5989,0.5711,0.3808,1.0208,718.5903,0.0821,22.0000
FLD0252,2026-03-19,0.6411,0.7483,0.5001,1.6291,721.0938,0.0605,5.0000
FLD0254,2026-03-19,0.6694,0.7608,0.5031,1.5103,721.0042,0.0320,7.0000
FLD0256,2026-03-19,0.5556,0.3848,0.2604,0.5623,716.5998,0.0101,2.0000
FLD0257,2026-03-19,0.9074,0.4976,0.3106,0.7219,715.7682,0.0639,4.0000
FLD0258,2026-03-19,1.0000,0.4705,0.2870,0.6710,713.9746,0.0776,2.0000
FLD0259,2026-03-19,0.6866,0.4341,0.2873,0.6866,717.8009,0.0940,16.0000
FLD0263,2026-03-19,0.7526,0.6076,0.4003,1.0798,719.5093,0.0940,12.0000
FLD0266,2026-03-19,0.7233,0.5228,0.3352,0.8606,715.9694,0.0941,72.0000
FLD0268,2026-03-19,0.7317,0.7000,0.4177,1.2411,716.9025,0.0690,5.0000
FLD0279,2026-03-19,0.5104,0.6097,0.3736,1.1151,716.9750,0.1460,10.0000
FLD0280,2026-03-19,0.5286,0.6489,0.4129,1.3681,718.5468,0.0854,10.0000
FLD0281,2026-03-19,1.0000,0.7673,0.4536,1.3766,717.5025,0.0165,2.0000
FLD0284,2026-03-19,0.7353,0.5727,0.3532,0.9119,716.4950,0.0852,14.0000
FLD0286,2026-03-19,0.6022,0.6072,0.3904,1.1549,717.6943,,1.0000
FLD0291,2026-03-19,1.0000,0.4853,0.3274,0.6657,716.8184,,1.0000
FLD0293,2026-03-19,0.9773,0.6547,0.4422,1.2758,719.8919,0.0576,4.0000
FLD0310,2026-03-19,1.0000,0.5582,0.3689,0.8203,717.5728,,1.0000
FLD0314,2026-03-19,0.9118,0.7933,0.4531,1.2326,715.9680,0.0272,5.0000
FLD0318,2026-03-19,0.6649,0.7493,0.4506,1.5798,718.6288,0.0741,12.0000
FLD0321,2026-03-19,0.6124,0.7721,0.4490,1.2510,717.0878,,1.0000
FLD0322,2026-03-19,0.5493,0.7891,0.4886,1.6208,719.1644,0.0836,5.0000
FLD0325,2026-03-19,0.8462,0.7070,0.3964,1.1910,717.1964,0.0773,7.0000
FLD0326,2026-03-19,0.5364,0.5782,0.3916,1.0972,720.0720,0.0292,7.0000
FLD0330,2026-03-19,0.6036,0.5741,0.3656,1.0499,717.7508,0.0781,5.0000
FLD0334,2026-03-19,0.5736,0.2814,0.1510,0.3216,706.4461,0.0790,18.0000
FLD0336,2026-03-19,0.7217,0.6622,0.4139,1.1342,718.0868,0.0641,5.0000
FLD0338,2026-03-19,0.6099,0.4590,0.2763,0.6160,714.1725,0.0915,8.0000
FLD0339,2026-03-19,0.7039,0.6154,0.3634,0.9171,719.3455,0.1190,8.0000
FLD0340,2026-03-19,0.7714,0.4013,0.2725,0.6468,716.7251,0.1004,5.0000
FLD0345,2026-03-19,0.7705,0.5763,0.3822,0.9720,719.5315,0.0678,12.0000
FLD0348,2026-03-19,0.5203,0.2682,0.1744,0.3570,712.4305,,1.0000
FLD0353,2026-03-19,0.7664,0.3826,0.2531,0.5765,717.9357,0.1418,6.0000
FLD0356,2026-03-19,0.6069,0.4288,0.2912,0.6418,716.9331,0.0742,18.0000
FLD0357,2026-03-19,0.9324,0.3424,0.2363,0.4263,714.8422,0.0711,9.0000
FLD0359,2026-03-19,0.6667,0.2897,0.2269,0.7826,732.4895,0.2736,2.0000
FLD0360,2026-03-19,0.5000,0.3496,0.2334,0.5962,717.4322,0.0917,6.0000
FLD0365,2026-03-19,0.5000,0.8208,0.5787,2.3393,722.9013,,1.0000
FLD0374,2026-03-19,0.6084,0.4384,0.2734,0.6579,713.9001,0.0940,67.0000
FLD0375,2026-03-19,1.0000,0.3840,0.2644,0.4961,718.2263,0.0197,3.0000
FLD0377,2026-03-19,0.7273,0.3302,0.2144,0.3558,710.2072,,1.0000
FLD0379,2026-03-19,0.7442,0.4161,0.2826,0.5898,715.0290,0.0463,6.0000
FLD0380,2026-03-19,0.5609,0.6526,0.4036,1.2485,717.6843,0.0892,36.0000
FLD0381,2026-03-19,0.5394,0.6406,0.4024,1.2359,717.6234,0.1185,11.0000
FLD0382,2026-03-19,0.6667,0.5460,0.3332,0.7825,712.3819,0.0370,5.0000
FLD0383,2026-03-19,0.6722,0.3999,0.2501,0.5331,713.6438,0.0553,25.0000
FLD0388,2026-03-19,0.5000,0.5668,0.4020,1.3289,723.7509,,1.0000
FLD0391,2026-03-19,0.5528,0.8184,0.5538,2.0728,722.3229,,1.0000
FLD0392,2026-03-19,0.7196,0.6582,0.4259,1.4430,719.3971,0.0956,21.0000
FLD0402,2026-03-19,0.6111,0.6477,0.4399,1.5908,720.8732,0.1602,9.0000
FLD0404,2026-03-19,0.6190,0.7843,0.5007,1.8763,720.2012,,1.0000
FLD0423,2026-03-19,0.9000,0.6968,0.4302,1.2211,717.8820,,1.0000
FLD0427,2026-03-19,0.7273,0.8263,0.4802,1.5995,717.4312,0.0216,9.0000
FLD0428,2026-03-19,0.5962,0.6642,0.4296,1.3686,719.9275,0.0793,18.0000
FLD0432,2026-03-19,0.9057,0.5482,0.3743,1.0622,719.3307,0.1094,3.0000
FLD0434,2026-03-19,0.7143,0.7667,0.5341,2.1444,720.0787,,1.0000
FLD0436,2026-03-19,0.8854,0.6389,0.4044,1.0682,717.2451,0.0778,19.0000
FLD0440,2026-03-19,0.5758,0.6531,0.4428,1.3505,719.5958,0.0976,3.0000
FLD0442,2026-03-19,0.5312,0.7444,0.5244,2.0666,723.1326,0.0233,3.0000
FLD0443,2026-03-19,0.6263,0.6585,0.4678,1.5087,722.4047,0.0546,3.0000
FLD0448,2026-03-19,0.7059,0.7028,0.4583,1.3335,719.0538,0.0632,3.0000
FLD0458,2026-03-19,0.9000,0.7045,0.5018,1.5488,719.3034,0.0299,2.0000
FLD0459,2026-03-19,0.8636,0.5943,0.3851,1.1186,719.9245,0.1522,3.0000
FLD0466,2026-03-19,0.8667,0.6260,0.4004,1.0618,718.0805,0.0533,3.0000
FLD0468,2026-03-19,1.0000,0.6297,0.3958,1.1006,719.3191,0.0377,2.0000
FLD0003,2026-03-29,0.7683,0.5824,0.3785,0.9740,720.2568,0.0858,7.0000
FLD0033,2026-03-29,0.9380,0.6128,0.4003,0.9460,717.4422,0.0554,8.0000
FLD0038,2026-03-29,0.8403,0.5687,0.3597,0.9282,717.3867,0.0597,20.0000
FLD0041,2026-03-29,0.5455,0.6315,0.4051,1.1126,717.7654,0.0886,38.0000
FLD0042,2026-03-29,0.5761,0.6857,0.4251,1.2065,717.7688,0.0573,9.0000
FLD0043,2026-03-29,0.6046,0.6070,0.4080,1.2333,719.3307,0.1101,38.0000
FLD0049,2026-03-29,0.7767,0.6010,0.3871,1.0716,717.9967,0.1051,24.0000
FLD0051,2026-03-29,0.8889,0.5835,0.4583,1.3983,720.5703,0.1697,3.0000
FLD0053,2026-03-29,0.6889,0.4990,0.3134,0.9067,719.9886,0.0500,6.0000
FLD0056,2026-03-29,0.6614,0.6679,0.4327,1.1963,719.1184,0.0420,9.0000
FLD0059,2026-03-29,0.7536,0.6958,0.4497,1.2643,718.1623,0.0751,8.0000
FLD0069,2026-03-29,0.5429,0.4740,0.3511,1.0643,722.8484,0.1060,3.0000
FLD0071,2026-03-29,0.5451,0.5901,0.3965,1.0947,718.8464,0.1119,24.0000
FLD0073,2026-03-29,1.0000,0.5129,0.2953,0.7150,714.9217,0.0219,2.0000
FLD0074,2026-03-29,0.6479,0.5823,0.4040,1.2220,722.2429,0.1151,2.0000
FLD0076,2026-03-29,0.7333,0.5895,0.3633,0.8224,716.2905,0.0500,3.0000
FLD0102,2026-03-29,0.5435,0.5323,0.3378,0.7902,719.6697,,1.0000
FLD0128,2026-03-29,0.5890,0.6824,0.4332,1.1628,720.9823,0.0241,3.0000
FLD0129,2026-03-29,0.8462,0.6315,0.3750,1.0984,717.8515,0.0770,3.0000
FLD0130,2026-03-29,1.0000,0.5180,0.2995,0.6569,716.6087,0.0209,2.0000
FLD0135,2026-03-29,0.7375,0.6501,0.4194,1.1539,717.8939,0.0524,6.0000
FLD0139,2026-03-29,0.8571,0.6086,0.3279,0.9327,716.6027,,1.0000
FLD0150,2026-03-29,0.5054,0.6474,0.4024,1.2045,718.9741,0.0599,7.0000
FLD0151,2026-03-29,0.7382,0.6207,0.3705,1.0816,716.1061,0.0716,11.0000
FLD0152,2026-03-29,0.5714,0.7278,0.4677,1.5920,719.5550,0.1103,9.0000
FLD0156,2026-03-29,0.5170,0.6246,0.3949,1.3011,717.5329,0.1068,9.0000
FLD0157,2026-03-29,0.8000,0.9414,0.5977,2.6391,720.1757,,1.0000
FLD0158,2026-03-29,0.6312,0.7345,0.4306,1.3175,717.7224,0.1204,2.0000
FLD0161,2026-03-29,0.5116,0.6838,0.4514,1.5499,720.2726,0.0705,16.0000
FLD0162,2026-03-29,1.0000,0.6355,0.4247,1.1680,719.7184,,1.0000
FLD0163,2026-03-29,0.9756,0.3532,0.2470,0.4394,716.8287,0.0167,2.0000
FLD0166,2026-03-29,0.5547,0.6530,0.4479,1.3152,722.6432,0.0576,6.0000
FLD0167,2026-03-29,0.5889,0.5671,0.3681,1.1084,718.0213,0.1101,25.0000
FLD0168,2026-03-29,0.6198,0.5364,0.3306,0.9711,715.7914,0.1409,14.0000
FLD0169,2026-03-29,0.8000,0.5510,0.3687,0.8904,719.1066,,1.0000
FLD0173,2026-03-29,0.5307,0.6611,0.4126,1.3124,718.5659,0.1260,16.0000
FLD0175,2026-03-29,0.6816,0.5373,0.3430,0.8590,716.2914,0.1471,6.0000
FLD0177,2026-03-29,0.6951,0.3231,0.2061,0.4892,713.1759,0.0793,4.0000
FLD0178,2026-03-29,0.7857,0.2549,0.1875,0.3541,716.3609,,1.0000
FLD0179,2026-03-29,0.9348,0.4054,0.2873,0.6038,718.5846,0.0376,3.0000
FLD0180,2026-03-29,0.9200,0.5366,0.3519,0.9526,717.7481,,1.0000
FLD0182,2026-03-29,0.9114,0.7108,0.4577,1.3378,719.6920,0.0682,7.0000
FLD0183,2026-03-29,0.6587,0.6978,0.4515,1.3823,719.9434,0.0518,13.0000
FLD0188,2026-03-29,0.6683,0.5039,0.3180,0.8778,715.9671,0.0658,22.0000
FLD0189,2026-03-29,0.9000,0.5740,0.3951,1.2132,719.7731,0.0965,3.0000
FLD0196,2026-03-29,0.9286,0.4835,0.3163,0.7109,717.5320,0.0265,2.0000
FLD0202,2026-03-29,0.5556,0.5593,0.3885,1.1625,721.9706,0.1309,2.0000
FLD0207,2026-03-29,0.9231,0.4836,0.3158,0.8149,721.4748,0.0604,4.0000
FLD0208,2026-03-29,1.0000,0.5753,0.5093,2.0045,727.5650,0.1415,2.0000
FLD0209,2026-03-29,0.7000,0.5066,0.3435,1.0671,718.4526,0.1825,4.0000
FLD0212,2026-03-29,0.8000,0.7612,0.4337,1.2604,714.1823,,1.0000
FLD0214,2026-03-29,0.5000,0.4918,0.4924,1.5408,725.8721,,1.0000
FLD0219,2026-03-29,0.8000,0.7701,0.4401,1.1952,714.5802,0.0650,2.0000
FLD0220,2026-03-29,0.8889,0.6896,0.4036,1.0445,717.5222,0.0925,2.0000
FLD0221,2026-03-29,0.8333,0.3734,0.3406,1.6228,718.7085,,1.0000
FLD0222,2026-03-29,0.8684,0.6309,0.3832,1.0772,718.0965,0.0582,8.0000
FLD0223,2026-03-29,1.0000,0.6049,0.4266,1.4463,720.2099,,1.0000
FLD0226,2026-03-29,0.6100,0.5429,0.3441,0.7858,716.8426,0.0356,4.0000
FLD0228,2026-03-29,0.7364,0.6705,0.4407,1.3181,719.8776,0.1100,12.0000
FLD0230,2026-03-29,0.5455,0.2705,0.1313,0.3773,713.5473,,1.0000
FLD0231,2026-03-29,0.8626,0.5964,0.3695,0.9860,716.9215,0.0582,12.0000
FLD0235,2026-03-29,0.5233,0.4471,0.3113,1.2550,717.6752,0.0830,2.0000
FLD0238,2026-03-29,0.8000,0.2306,0.2618,0.6709,729.0495,,1.0000
FLD0242,2026-03-29,0.5248,0.7067,0.4673,1.3878,719.9006,,1.0000
FLD0244,2026-03-29,0.5854,0.7364,0.4708,1.3819,719.3306,,1.0000
FLD0245,2026-03-29,0.8846,0.7671,0.4165,1.0668,711.9191,0.0873,3.0000
FLD0246,2026-03-29,0.5269,0.6703,0.4363,1.3273,719.2959,0.0836,8.0000
FLD0247,2026-03-29,0.8000,0.5483,0.3542,0.8587,716.9608,0.0690,16.0000
FLD0248,2026-03-29,0.5200,0.6220,0.3824,0.8940,715.7556,0.0447,6.0000
FLD0251,2026-03-29,0.5845,0.6082,0.4003,1.1472,718.2106,0.1197,22.0000
FLD0252,2026-03-29,0.6172,0.7974,0.5325,1.9297,721.8674,0.0525,5.0000
FLD0254,2026-03-29,0.6421,0.8112,0.5332,1.7478,722.1246,0.0401,7.0000
FLD0256,2026-03-29,0.5630,0.3586,0.2419,0.4873,714.8028,0.0256,2.0000
FLD0257,2026-03-29,0.9259,0.5051,0.3076,0.6799,713.3071,0.0694,4.0000
FLD0258,2026-03-29,1.0000,0.4672,0.2963,0.6505,718.4088,0.0950,2.0000
FLD0259,2026-03-29,0.6479,0.4465,0.2892,0.6860,716.5852,0.1124,16.0000
FLD0263,2026-03-29,0.7423,0.6693,0.4383,1.3381,719.8020,0.0873,12.0000
FLD0266,2026-03-29,0.6894,0.4853,0.3087,0.7509,714.8623,0.0841,69.0000
FLD0268,2026-03-29,0.7268,0.6145,0.3748,1.0198,716.9624,0.0831,5.0000
FLD0278,2026-03-29,0.5643,0.6632,0.4307,1.3939,720.6019,0.0490,8.0000
FLD0280,2026-03-29,0.5069,0.6181,0.4003,1.2949,718.3138,0.0787,12.0000
FLD0281,2026-03-29,1.0000,0.7760,0.4617,1.5002,718.4023,0.0038,2.0000
FLD0284,2026-03-29,0.7059,0.5596,0.3378,0.8784,714.3452,0.0960,13.0000
FLD0286,2026-03-29,0.6452,0.6341,0.4089,1.2260,718.4677,,1.0000
FLD0291,2026-03-29,1.0000,0.5011,0.3348,0.7324,718.1391,,1.0000
FLD0293,2026-03-29,0.9318,0.7581,0.5115,1.7504,721.3105,0.0236,4.0000
FLD0310,2026-03-29,0.9070,0.5468,0.3927,0.8823,719.1115,,1.0000
FLD0314,2026-03-29,0.9412,0.7739,0.4570,1.2665,716.1055,0.0327,5.0000
FLD0318,2026-03-29,0.5486,0.6798,0.4354,1.4944,719.5461,0.0889,13.0000
FLD0321,2026-03-29,0.6124,0.7762,0.4617,1.3090,717.6188,,1.0000
FLD0322,2026-03-29,0.5493,0.8492,0.5128,1.8305,719.6838,0.0514,5.0000
FLD0325,2026-03-29,0.9487,0.6757,0.3852,1.1306,716.3200,0.0986,8.0000
FLD0326,2026-03-29,0.5629,0.6410,0.4135,1.1746,719.0341,0.0312,7.0000
FLD0330,2026-03-29,0.5495,0.5674,0.3542,0.9836,718.0699,0.0377,4.0000
FLD0334,2026-03-29,0.5271,0.3314,0.1845,0.4490,709.8405,0.0889,13.0000
FLD0336,2026-03-29,0.7130,0.6816,0.4325,1.2175,718.4325,0.0499,5.0000
FLD0338,2026-03-29,0.5957,0.4221,0.2658,0.5594,714.9891,0.0914,8.0000
FLD0339,2026-03-29,0.6382,0.5850,0.3488,0.7957,715.0450,0.1031,7.0000
FLD0340,2026-03-29,0.7429,0.3932,0.2746,0.6272,718.6498,0.0710,5.0000
FLD0345,2026-03-29,0.7657,0.5812,0.3794,0.9793,719.4854,0.0670,13.0000
FLD0353,2026-03-29,0.7196,0.3676,0.2411,0.5457,720.0333,0.1138,6.0000
FLD0356,2026-03-29,0.6232,0.4053,0.2683,0.5900,715.4855,0.0719,19.0000
FLD0357,2026-03-29,0.8919,0.3321,0.2254,0.3927,714.4581,0.0574,8.0000
FLD0365,2026-03-29,0.8000,0.7087,0.4999,1.5769,719.7040,0.1492,2.0000
FLD0367,2026-03-29,0.5108,0.6187,0.4118,1.2748,719.3943,0.0969,8.0000
FLD0368,2026-03-29,0.6300,0.7273,0.4229,1.1929,716.9143,0.0729,5.0000
FLD0374,2026-03-29,0.6348,0.4247,0.2625,0.6469,713.5067,0.1224,66.0000
FLD0375,2026-03-29,0.9000,0.3677,0.2834,0.5720,723.1772,0.0326,3.0000
FLD0377,2026-03-29,0.8068,0.2750,0.1968,0.3540,713.6909,0.0779,4.0000
FLD0379,2026-03-29,0.7674,0.4218,0.2661,0.5710,715.1925,0.0394,7.0000
FLD0380,2026-03-29,0.5149,0.6511,0.4097,1.3082,718.4198,0.0971,33.0000
FLD0381,2026-03-29,0.5552,0.6259,0.3900,1.1886,717.1753,0.1257,12.0000
FLD0382,2026-03-29,0.6369,0.5163,0.3230,0.7620,713.9253,0.0520,4.0000
FLD0383,2026-03-29,0.6433,0.3896,0.2462,0.5149,713.8251,0.0532,23.0000
FLD0385,2026-03-29,0.5385,0.6793,0.4234,1.2599,717.8993,0.1208,6.0000
FLD0392,2026-03-29,0.7430,0.6381,0.3966,1.2229,717.9138,0.0860,21.0000
FLD0402,2026-03-29,0.5926,0.6483,0.4298,1.4985,719.9188,0.1323,9.0000
FLD0404,2026-03-29,0.7143,0.7495,0.4557,1.5636,721.3936,0.0421,2.0000
FLD0423,2026-03-29,0.9000,0.6374,0.4106,1.1402,719.2699,,1.0000
FLD0426,2026-03-29,0.5035,0.6791,0.4300,1.4097,719.9156,0.0959,7.0000
FLD0427,2026-03-29,0.7521,0.8054,0.4637,1.5296,717.5034,0.0544,8.0000
FLD0428,2026-03-29,0.6748,0.6347,0.4073,1.2055,719.2905,0.0750,20.0000
FLD0431,2026-03-29,0.6301,0.6980,0.4368,1.2029,720.0964,0.0254,2.0000
FLD0432,2026-03-29,0.9245,0.4425,0.3053,0.8421,719.6671,0.1401,3.0000
FLD0433,2026-03-29,0.6364,0.7801,0.5084,2.6093,719.7382,0.0677,2.0000
FLD0434,2026-03-29,0.9714,0.6797,0.4533,1.5152,718.9895,,1.0000
FLD0436,2026-03-29,0.8899,0.6430,0.4057,1.0666,717.5510,0.0873,19.0000
FLD0442,2026-03-29,0.5938,0.7118,0.5060,1.8369,722.0323,0.0317,3.0000
FLD0443,2026-03-29,0.5758,0.7789,0.5336,1.9671,721.4856,0.0455,4.0000
FLD0448,2026-03-29,0.7206,0.7716,0.4956,1.5773,720.2482,0.0551,2.0000
FLD0458,2026-03-29,0.9000,0.6753,0.4971,1.5456,722.3902,0.0361,2.0000
FLD0459,2026-03-29,0.8636,0.5620,0.3445,0.9331,721.8098,0.1118,3.0000
FLD0466,2026-03-29,0.7333,0.5497,0.3564,0.9096,719.9840,0.0460,3.0000
FLD0468,2026-03-29,1.0000,0.6547,0.4025,1.0923,718.3113,0.0601,2.0000
FLD0003,2026-04-03,0.7439,0.6297,0.4044,1.0199,716.1746,0.0846,7.0000
FLD0038,2026-04-03,0.7689,0.6258,0.3797,0.9613,713.5410,0.0573,18.0000
FLD0041,2026-04-03,0.5694,0.6990,0.4279,1.1500,714.2277,0.0718,35.0000
FLD0042,2026-04-03,0.5978,0.7604,0.4247,1.1385,713.0890,0.0403,10.0000
FLD0043,2026-04-03,0.5353,0.6369,0.4065,1.1068,715.8020,0.0751,32.0000
FLD0049,2026-04-03,0.7814,0.6460,0.3947,1.0474,714.7644,0.0862,23.0000
FLD0051,2026-04-03,0.7778,0.5672,0.4384,1.3516,719.2711,0.1457,3.0000
FLD0053,2026-04-03,0.7778,0.5621,0.3424,0.9678,715.3922,0.0422,6.0000
FLD0056,2026-04-03,0.5906,0.7253,0.4511,1.1964,715.7935,0.0288,7.0000
FLD0059,2026-04-03,0.7198,0.7509,0.4574,1.2403,714.1501,0.0689,8.0000
FLD0069,2026-04-03,0.5714,0.5498,0.3663,1.0379,716.3175,0.1484,3.0000
FLD0071,2026-04-03,0.5492,0.6198,0.4007,1.0559,715.3080,0.1003,23.0000
FLD0073,2026-04-03,1.0000,0.5690,0.3355,0.8387,714.9811,0.0335,2.0000
FLD0076,2026-04-03,0.7111,0.6380,0.3870,0.8993,713.5171,0.0450,2.0000
FLD0129,2026-04-03,0.8462,0.6648,0.4024,1.0761,714.3751,0.0874,3.0000
FLD0130,2026-04-03,1.0000,0.5959,0.3410,0.8087,713.7970,0.0259,2.0000
FLD0135,2026-04-03,0.6000,0.7398,0.4586,1.3188,715.2653,0.0543,5.0000
FLD0139,2026-04-03,0.7143,0.6053,0.3502,0.9412,715.2159,,1.0000
FLD0151,2026-04-03,0.7075,0.7005,0.3937,1.1455,713.4624,0.0628,10.0000
FLD0152,2026-04-03,0.5186,0.7800,0.4760,1.5611,715.8248,0.0952,8.0000
FLD0155,2026-04-03,0.5187,0.7105,0.4129,1.1329,712.8017,0.0821,5.0000
FLD0158,2026-04-03,0.5674,0.7858,0.4507,1.3536,715.0425,0.0991,2.0000
FLD0162,2026-04-03,1.0000,0.6979,0.4663,1.3151,717.7748,,1.0000
FLD0163,2026-04-03,0.9756,0.4247,0.2921,0.5647,713.8067,0.0301,2.0000
FLD0166,2026-04-03,0.5547,0.6873,0.4550,1.3327,718.6597,0.0729,6.0000
FLD0167,2026-04-03,0.5316,0.5822,0.3658,1.0046,713.9852,0.0862,25.0000
FLD0168,2026-04-03,0.6290,0.5966,0.3523,0.9697,711.6981,0.1224,12.0000
FLD0169,2026-04-03,0.8000,0.6728,0.3895,1.0420,714.3054,,1.0000
FLD0175,2026-04-03,0.6531,0.5970,0.3699,0.8795,713.5149,0.1019,7.0000
FLD0177,2026-04-03,0.8537,0.3364,0.2101,0.4513,708.8738,0.0901,4.0000
FLD0178,2026-04-03,0.7143,0.3158,0.2167,0.4023,713.6505,,1.0000
FLD0182,2026-04-03,0.8228,0.7904,0.4949,1.5131,717.3853,0.0727,4.0000
FLD0188,2026-04-03,0.6333,0.5775,0.3514,0.9419,713.0742,0.0682,22.0000
FLD0189,2026-04-03,1.0000,0.6895,0.4389,1.3837,716.3599,0.0905,3.0000
FLD0196,2026-04-03,0.9429,0.5782,0.3604,0.8622,713.9357,0.0191,2.0000
FLD0198,2026-04-03,0.8000,0.1916,0.1587,0.3566,722.5380,,1.0000
FLD0202,2026-04-03,0.5556,0.6407,0.4280,1.2988,718.3606,0.1477,2.0000
FLD0207,2026-04-03,1.0000,0.5236,0.3161,0.8205,716.5350,0.0544,4.0000
FLD0208,2026-04-03,0.8000,0.5888,0.4667,1.5259,720.5818,,1.0000
FLD0209,2026-04-03,0.8500,0.5732,0.3558,1.1060,715.4754,0.1502,5.0000
FLD0212,2026-04-03,0.8000,0.8977,0.4672,1.3809,712.1996,,1.0000
FLD0214,2026-04-03,0.6250,0.7041,0.4943,1.6343,720.3212,,1.0000
FLD0219,2026-04-03,0.8000,0.8216,0.4514,1.1621,711.2525,0.0317,2.0000
FLD0220,2026-04-03,0.8889,0.7294,0.4094,1.0476,713.7823,0.1313,2.0000
FLD0221,2026-04-03,0.8333,0.4227,0.3483,1.3614,715.4863,,1.0000
FLD0222,2026-04-03,0.8158,0.7298,0.4399,1.2949,716.4280,0.0568,7.0000
FLD0223,2026-04-03,1.0000,0.6956,0.4688,1.6821,717.5305,,1.0000
FLD0226,2026-04-03,0.6033,0.6308,0.3838,0.9033,713.9787,0.0855,5.0000
FLD0228,2026-04-03,0.7209,0.7202,0.4468,1.3193,716.1202,0.0997,13.0000
FLD0230,2026-04-03,0.6364,0.3188,0.1656,0.4030,709.3251,,1.0000
FLD0231,2026-04-03,0.8392,0.6313,0.3756,0.9449,713.1829,0.0548,12.0000
FLD0235,2026-04-03,0.5000,0.5019,0.3237,1.1156,713.9610,0.0866,2.0000
FLD0238,2026-04-03,1.0000,0.2764,0.2740,0.7584,732.8193,,1.0000
FLD0244,2026-04-03,0.5366,0.8047,0.4953,1.5340,717.6172,,1.0000
FLD0245,2026-04-03,0.7692,0.8276,0.4364,1.1040,711.3676,0.0311,3.0000
FLD0247,2026-04-03,0.7953,0.5983,0.3758,0.9111,713.9016,0.0655,14.0000
FLD0251,2026-04-03,0.5817,0.6246,0.4069,1.0994,715.6990,0.1120,22.0000
FLD0254,2026-04-03,0.5929,0.8578,0.5535,1.8412,718.7663,0.0279,7.0000
FLD0256,2026-04-03,0.6444,0.3899,0.2642,0.5397,712.9902,0.0063,2.0000
FLD0257,2026-04-03,0.9074,0.5602,0.3386,0.7770,712.0728,0.0668,4.0000
FLD0258,2026-04-03,1.0000,0.5242,0.3146,0.6446,712.1628,0.1165,2.0000
FLD0259,2026-04-03,0.8028,0.4224,0.2722,0.6073,712.9372,0.0825,18.0000
FLD0263,2026-04-03,0.6352,0.7517,0.4677,1.4364,716.7008,0.0680,11.0000
FLD0266,2026-04-03,0.7084,0.5423,0.3348,0.7876,712.2849,0.0589,67.0000
FLD0268,2026-04-03,0.7024,0.6812,0.4058,1.1015,713.7255,0.0753,4.0000
FLD0278,2026-04-03,0.5187,0.6939,0.4415,1.3651,716.3299,0.0452,7.0000
FLD0281,2026-04-03,0.8462,0.8563,0.4961,1.6245,716.0035,0.0324,2.0000
FLD0284,2026-04-03,0.6261,0.6577,0.3744,1.0235,711.9979,0.0898,11.0000
FLD0286,2026-04-03,0.5914,0.7128,0.4331,1.2647,715.5750,,1.0000
FLD0291,2026-04-03,0.9859,0.5934,0.3812,0.8952,714.6141,,1.0000
FLD0293,2026-04-03,0.8182,0.8601,0.5500,2.0159,718.6189,0.0368,4.0000
FLD0310,2026-04-03,1.0000,0.6872,0.4622,1.2847,717.2397,,1.0000
FLD0314,2026-04-03,0.8382,0.8313,0.4713,1.2536,713.4875,0.0149,5.0000
FLD0325,2026-04-03,0.8205,0.7087,0.4032,1.1554,714.3354,0.0906,7.0000
FLD0326,2026-04-03,0.6159,0.7040,0.4401,1.2940,716.6441,0.0210,7.0000
FLD0330,2026-04-03,0.7027,0.5966,0.3683,1.0249,714.4203,0.0925,6.0000
FLD0334,2026-04-03,0.8837,0.3732,0.2075,0.4648,706.4171,0.1089,24.0000
FLD0336,2026-04-03,0.7391,0.7259,0.4313,1.1967,714.5218,0.1370,6.0000
FLD0337,2026-04-03,0.6667,0.2620,0.1199,0.2530,698.1276,,1.0000
FLD0338,2026-04-03,0.7660,0.4465,0.2746,0.5884,711.8305,0.1149,10.0000
FLD0339,2026-04-03,0.8289,0.5906,0.3478,0.7823,712.7563,0.1171,9.0000
FLD0340,2026-04-03,0.8286,0.4660,0.2850,0.6329,710.9610,0.0823,7.0000
FLD0341,2026-04-03,0.6393,0.5226,0.2779,0.7400,711.0797,0.1316,3.0000
FLD0343,2026-04-03,0.5617,0.6638,0.3764,0.9543,712.7029,0.0507,2.0000
FLD0345,2026-04-03,0.7415,0.6129,0.3961,0.9612,715.6579,0.0698,14.0000
FLD0348,2026-04-03,0.5854,0.2557,0.1819,0.3329,711.0753,0.0592,3.0000
FLD0351,2026-04-03,0.5025,0.3326,0.3103,0.5662,732.8847,0.1032,8.0000
FLD0353,2026-04-03,0.8785,0.4080,0.2677,0.6104,716.1119,0.1145,8.0000
FLD0354,2026-04-03,0.5769,0.3695,0.2498,0.6210,717.5664,0.1289,12.0000
FLD0356,2026-04-03,0.7169,0.4197,0.2780,0.5861,713.9582,0.0864,21.0000
FLD0357,2026-04-03,0.9865,0.3615,0.2430,0.4364,710.5008,0.0671,9.0000
FLD0359,2026-04-03,0.6111,0.2619,0.2408,0.6988,728.3450,0.1999,2.0000
FLD0360,2026-04-03,0.5889,0.3412,0.2347,0.5443,715.4169,0.1217,10.0000
FLD0361,2026-04-03,0.5467,0.3856,0.2842,0.7546,718.6777,0.0931,3.0000
FLD0374,2026-04-03,0.7327,0.4461,0.2704,0.6178,710.7569,0.1129,77.0000
FLD0375,2026-04-03,1.0000,0.4124,0.3052,0.5927,716.8200,0.0290,3.0000
FLD0377,2026-04-03,0.8864,0.3418,0.2291,0.3876,710.5019,0.0998,4.0000
FLD0378,2026-04-03,0.6451,0.3261,0.2047,0.4402,713.4739,0.1301,7.0000
FLD0379,2026-04-03,0.9535,0.4388,0.2872,0.5929,710.5085,0.0855,8.0000
FLD0381,2026-04-03,0.5457,0.6470,0.3890,1.0969,713.5415,0.0997,13.0000
FLD0382,2026-04-03,0.7798,0.5345,0.3210,0.7276,710.6149,0.0307,5.0000
FLD0383,2026-04-03,0.7835,0.4031,0.2500,0.5046,710.8179,0.0554,29.0000
FLD0392,2026-04-03,0.7103,0.6611,0.3984,1.1203,714.4614,0.0754,22.0000
FLD0423,2026-04-03,0.9000,0.6987,0.4261,1.1818,715.3041,,1.0000
FLD0426,2026-04-03,0.5035,0.7164,0.4414,1.3925,716.7167,0.0746,7.0000
FLD0427,2026-04-03,0.7107,0.8050,0.4402,1.2778,713.5108,0.0324,8.0000
FLD0428,2026-04-03,0.5176,0.7172,0.4418,1.3303,716.7885,0.0713,16.0000
FLD0432,2026-04-03,0.8491,0.4924,0.3316,0.8520,715.4454,0.1367,3.0000
FLD0433,2026-04-03,0.5455,0.7446,0.4608,1.6270,715.4302,,1.0000
FLD0436,2026-04-03,0.8562,0.6744,0.4066,1.0310,713.8129,0.0763,20.0000
FLD0443,2026-04-03,0.5556,0.8082,0.5392,1.9170,719.4120,0.0222,3.0000
FLD0458,2026-04-03,0.9000,0.7360,0.4984,1.6128,717.6004,0.0365,2.0000
FLD0459,2026-04-03,0.8182,0.6269,0.3836,1.0719,718.2169,0.1101,3.0000
FLD0466,2026-04-03,0.6667,0.6344,0.3995,1.0820,716.6529,0.0348,2.0000
FLD0468,2026-04-03,1.0000,0.7176,0.4604,1.2919,717.0663,0.0540,2.0000
FLD0003,2026-04-05,0.6707,0.6067,0.4006,1.0175,718.4349,0.1004,7.0000
FLD0038,2026-04-05,0.7143,0.5347,0.3470,0.8322,713.3154,0.0753,17.0000
FLD0042,2026-04-05,0.5435,0.6772,0.4078,1.1445,714.1844,0.0610,10.0000
FLD0043,2026-04-05,0.5109,0.5674,0.3814,1.0328,717.5304,0.0886,30.0000
FLD0049,2026-04-05,0.7442,0.5654,0.3579,0.9046,715.8620,0.0870,22.0000
FLD0051,2026-04-05,0.8889,0.5354,0.4197,1.3364,719.3081,0.1874,3.0000
FLD0053,2026-04-05,0.6000,0.4610,0.3187,0.8168,720.8437,0.0360,5.0000
FLD0056,2026-04-05,0.5354,0.6514,0.4266,1.0806,716.9071,0.0368,7.0000
FLD0059,2026-04-05,0.6377,0.6949,0.4412,1.1578,714.4731,0.0741,6.0000
FLD0073,2026-04-05,1.0000,0.5577,0.3054,0.6989,712.1413,0.0235,2.0000
FLD0076,2026-04-05,0.7778,0.6349,0.3692,0.8733,713.3347,0.0811,2.0000
FLD0102,2026-04-05,0.5000,0.5221,0.3273,0.7841,718.4923,,
FLD0114,2026-04-05,0.6154,0.7663,0.5445,1.9613,719.2836,,1.0000
FLD0129,2026-04-05,0.7692,0.6029,0.3824,1.0422,717.0020,0.0943,3.0000
FLD0130,2026-04-05,1.0000,0.5234,0.2929,0.6296,714.0543,0.0015,2.0000
FLD0135,2026-04-05,0.5563,0.6672,0.4352,1.1807,714.3568,0.0851,5.0000
FLD0139,2026-04-05,0.7857,0.6149,0.3067,0.8407,712.0369,,1.0000
FLD0151,2026-04-05,0.5682,0.6272,0.3818,1.1419,715.0239,0.0764,8.0000
FLD0162,2026-04-05,1.0000,0.6789,0.4417,1.2382,717.9593,,1.0000
FLD0163,2026-04-05,0.9512,0.3699,0.2541,0.4583,713.1951,0.0265,2.0000
FLD0166,2026-04-05,0.5156,0.6462,0.4360,1.2933,721.8009,0.0636,6.0000
FLD0175,2026-04-05,0.6163,0.5387,0.3421,0.7945,712.8868,0.1112,7.0000
FLD0182,2026-04-05,0.8101,0.7957,0.5160,1.7295,719.4328,0.0339,3.0000
FLD0188,2026-04-05,0.5207,0.4985,0.3113,0.8383,713.3927,0.0757,21.0000
FLD0189,2026-04-05,1.0000,0.6276,0.4056,1.3796,717.5119,0.0942,3.0000
FLD0196,2026-04-05,0.9286,0.5032,0.3271,0.7663,715.4890,0.0298,2.0000
FLD0202,2026-04-05,0.5000,0.5502,0.3932,1.1850,723.0304,,1.0000
FLD0207,2026-04-05,0.8462,0.4906,0.2921,0.7233,712.9413,0.0605,4.0000
FLD0208,2026-04-05,0.8000,0.4649,0.4841,1.7281,728.3655,,1.0000
FLD0209,2026-04-05,0.6000,0.5382,0.3966,1.3518,720.2102,0.2251,3.0000
FLD0214,2026-04-05,0.5000,0.4401,0.4618,1.5542,729.2291,,1.0000
FLD0219,2026-04-05,0.6400,0.7594,0.4382,1.1207,712.0659,0.0342,2.0000
FLD0220,2026-04-05,0.7778,0.6486,0.3472,0.8929,715.7079,0.1554,2.0000
FLD0221,2026-04-05,0.8333,0.2954,0.3030,1.5824,722.2820,,1.0000
FLD0222,2026-04-05,0.7105,0.6438,0.3774,1.0684,718.6997,0.0677,6.0000
FLD0223,2026-04-05,0.9091,0.6416,0.4564,1.5723,720.3693,,1.0000
FLD0226,2026-04-05,0.5067,0.5465,0.3382,0.6977,713.4994,0.0930,5.0000
FLD0228,2026-04-05,0.6744,0.6786,0.4353,1.2418,717.0238,0.1006,9.0000
FLD0231,2026-04-05,0.8099,0.5650,0.3445,0.8256,713.2310,0.0576,12.0000
FLD0238,2026-04-05,1.0000,0.1476,0.2089,0.5385,744.2476,,1.0000
FLD0244,2026-04-05,0.5122,0.7694,0.5036,1.5521,718.6343,,1.0000
FLD0245,2026-04-05,0.6538,0.8030,0.4161,0.9685,709.8356,0.0044,3.0000
FLD0247,2026-04-05,0.7234,0.5458,0.3502,0.8227,712.7404,0.0842,14.0000
FLD0251,2026-04-05,0.5086,0.6427,0.4312,1.2647,717.5190,0.1003,15.0000
FLD0257,2026-04-05,0.7037,0.5443,0.3341,0.7429,713.8262,0.0569,4.0000
FLD0258,2026-04-05,1.0000,0.5195,0.2597,0.4813,706.3464,0.1204,2.0000
FLD0259,2026-04-05,0.5528,0.4600,0.3128,0.7451,715.9756,0.0905,10.0000
FLD0263,2026-04-05,0.5306,0.7139,0.4626,1.5357,718.7939,0.0700,10.0000
FLD0266,2026-04-05,0.5404,0.4648,0.2967,0.6733,710.3249,0.0733,55.0000
FLD0268,2026-04-05,0.5854,0.6059,0.3748,1.0070,714.2822,0.0745,4.0000
FLD0278,2026-04-05,0.5104,0.5928,0.4068,1.2871,715.9642,0.0783,8.0000
FLD0281,2026-04-05,0.8462,0.8345,0.4896,1.7001,716.8131,0.0338,2.0000
FLD0284,2026-04-05,0.5000,0.6085,0.3585,1.0353,711.2945,0.1060,11.0000
FLD0286,2026-04-05,0.5161,0.6239,0.3987,1.1719,717.2401,,1.0000
FLD0291,2026-04-05,0.9859,0.5350,0.3536,0.8097,716.7820,,1.0000
FLD0293,2026-04-05,0.5000,0.8520,0.5901,2.5135,721.7057,0.0719,3.0000
FLD0310,2026-04-05,0.9302,0.6252,0.4457,1.2530,718.4352,,1.0000
FLD0314,2026-04-05,0.6471,0.8144,0.4659,1.2589,715.0845,0.0446,5.0000
FLD0325,2026-04-05,0.6154,0.6240,0.3590,0.9947,714.5888,0.1104,6.0000
FLD0326,2026-04-05,0.5099,0.6630,0.4474,1.3948,718.8268,0.0396,6.0000
FLD0336,2026-04-05,0.5826,0.7427,0.4575,1.3067,716.3974,0.0600,5.0000
FLD0340,2026-04-05,0.7143,0.3708,0.2559,0.5623,712.8225,0.1030,5.0000
FLD0345,2026-04-05,0.5870,0.5828,0.3869,0.9603,717.4672,0.0631,9.0000
FLD0353,2026-04-05,0.6636,0.3739,0.2367,0.5191,715.7903,0.1391,5.0000
FLD0356,2026-04-05,0.5377,0.4255,0.2884,0.6298,712.4711,0.0984,15.0000
FLD0357,2026-04-05,0.7568,0.3498,0.2370,0.4045,711.9826,0.0284,6.0000
FLD0375,2026-04-05,0.9000,0.3618,0.2711,0.4256,721.9225,0.0188,2.0000
FLD0377,2026-04-05,0.6136,0.3033,0.2332,0.3890,716.7628,,1.0000
FLD0379,2026-04-05,0.7209,0.4344,0.3048,0.6728,716.5081,0.0728,7.0000
FLD0382,2026-04-05,0.5595,0.6070,0.3509,0.8572,713.1585,0.0072,2.0000
FLD0383,2026-04-05,0.5876,0.3910,0.2427,0.4754,711.0905,0.0569,21.0000
FLD0392,2026-04-05,0.6495,0.6029,0.3644,1.0158,714.9304,0.0845,21.0000
FLD0404,2026-04-05,0.5238,0.7596,0.4790,1.6108,718.2007,,1.0000
FLD0423,2026-04-05,0.8333,0.6470,0.3867,0.9625,713.1747,,1.0000
FLD0427,2026-04-05,0.6777,0.7355,0.4179,1.1995,714.3920,0.0599,8.0000
FLD0428,2026-04-05,0.5095,0.6578,0.4185,1.2152,717.7003,0.0921,15.0000
FLD0432,2026-04-05,0.7547,0.4523,0.3228,0.8978,720.2284,0.1543,3.0000
FLD0436,2026-04-05,0.7169,0.6010,0.3711,0.8821,712.7710,0.0912,17.0000
FLD0458,2026-04-05,0.9000,0.6186,0.4620,1.4810,720.7764,0.0767,2.0000
FLD0459,2026-04-05,0.8182,0.5360,0.3568,1.0055,721.8717,0.1690,3.0000
FLD0466,2026-04-05,0.6000,0.4667,0.3556,0.9165,721.4479,0.0425,2.0000
FLD0468,2026-04-05,1.0000,0.6657,0.4325,1.2509,720.0147,0.0477,2.0000
FLD0003,2026-04-08,0.8902,0.5614,0.3692,0.9443,720.2267,0.0714,9.0000
FLD0004,2026-04-08,0.5926,0.5542,0.3379,1.0178,723.4260,0.1278,6.0000
FLD0005,2026-04-08,0.5593,0.6446,0.4136,1.2160,718.8340,0.0799,3.0000
FLD0006,2026-04-08,0.6812,0.7294,0.4580,1.5924,719.0122,0.0938,8.0000
FLD0007,2026-04-08,0.6680,0.5607,0.3691,1.1766,718.6177,0.1503,18.0000
FLD0010,2026-04-08,0.5795,0.7884,0.5154,1.7584,720.8993,0.0411,2.0000
FLD0021,2026-04-08,0.7838,0.7686,0.5062,1.8589,720.6882,0.0444,7.0000
FLD0022,2026-04-08,0.7630,0.7677,0.5004,1.8680,721.5335,0.0526,12.0000
FLD0033,2026-04-08,0.9070,0.6492,0.4162,1.1264,719.1130,0.0743,8.0000
FLD0034,2026-04-08,0.5333,0.8155,0.4920,1.8068,722.5397,0.0978,5.0000
FLD0035,2026-04-08,0.6923,0.9017,0.5642,2.1374,721.1842,0.0124,2.0000
FLD0038,2026-04-08,0.8950,0.5086,0.3358,0.8490,717.8251,0.0713,22.0000
FLD0040,2026-04-08,0.7939,0.6235,0.4042,1.2422,718.5159,0.0853,21.0000
FLD0041,2026-04-08,0.7949,0.5985,0.3828,1.0495,717.5837,0.0796,52.0000
FLD0042,2026-04-08,0.8043,0.6267,0.3800,1.0108,716.2385,0.0531,13.0000
FLD0043,2026-04-08,0.8179,0.6205,0.4012,1.2348,719.1357,0.1057,53.0000
FLD0049,2026-04-08,0.9302,0.5340,0.3441,0.8784,718.2816,0.0862,30.0000
FLD0050,2026-04-08,0.7237,0.6989,0.4118,1.2245,716.8615,0.0856,9.0000
FLD0051,2026-04-08,1.0000,0.5316,0.3577,0.9408,719.0268,0.0960,3.0000
FLD0053,2026-04-08,0.9111,0.5095,0.3149,0.8241,718.8496,0.0561,7.0000
FLD0054,2026-04-08,0.5277,0.7092,0.4568,1.4593,719.8485,0.0825,14.0000
FLD0056,2026-04-08,0.7913,0.6313,0.4090,1.1183,719.0659,0.0305,9.0000
FLD0057,2026-04-08,0.6883,0.8133,0.5109,1.6505,719.3735,0.0326,13.0000
FLD0058,2026-04-08,0.5703,0.7363,0.4958,1.7089,721.0917,0.0464,13.0000
FLD0059,2026-04-08,0.9034,0.6343,0.4094,1.1070,718.5121,0.0598,8.0000
FLD0060,2026-04-08,0.6964,0.7901,0.4836,1.5110,718.8001,0.0497,2.0000
FLD0061,2026-04-08,0.6638,0.7562,0.4842,1.5138,719.6355,0.0673,4.0000
FLD0066,2026-04-08,0.5356,0.6331,0.4150,1.3769,719.7459,0.1152,21.0000
FLD0068,2026-04-08,0.5816,0.7140,0.4593,1.6431,720.6532,0.0658,10.0000
FLD0069,2026-04-08,0.6571,0.5019,0.3536,1.0315,720.4769,0.0861,3.0000
FLD0070,2026-04-08,0.7375,0.6564,0.4520,1.5449,721.6748,0.0921,5.0000
FLD0071,2026-04-08,0.6448,0.5592,0.3757,1.0704,719.3044,0.1077,29.0000
FLD0073,2026-04-08,1.0000,0.4437,0.2945,0.7042,718.9564,0.0059,2.0000
FLD0074,2026-04-08,0.7042,0.5880,0.4071,1.2215,721.7232,0.1090,2.0000
FLD0075,2026-04-08,0.8947,0.7316,0.4445,1.3648,718.6162,0.0354,3.0000
FLD0076,2026-04-08,1.0000,0.5692,0.3412,0.8061,716.1923,0.0326,4.0000
FLD0078,2026-04-08,0.6166,0.7497,0.4836,1.6463,720.4405,0.0712,16.0000
FLD0079,2026-04-08,0.6876,0.7535,0.4896,1.7811,720.7540,0.0810,18.0000
FLD0080,2026-04-08,0.5486,0.6267,0.4226,1.4240,720.3680,0.1202,12.0000
FLD0082,2026-04-08,0.6355,0.6631,0.4308,1.3250,719.6740,0.0799,19.0000
FLD0087,2026-04-08,0.5152,0.7722,0.5088,1.9984,721.1663,0.1048,15.0000
FLD0095,2026-04-08,0.5710,0.7906,0.4946,1.8032,720.4599,0.0853,7.0000
FLD0097,2026-04-08,0.9516,0.8463,0.5156,1.8705,720.1145,0.0211,7.0000
FLD0102,2026-04-08,0.8261,0.6294,0.3956,1.2240,720.8049,,1.0000
FLD0114,2026-04-08,0.8205,0.6782,0.4749,1.5818,722.0942,,1.0000
FLD0126,2026-04-08,0.5152,0.8338,0.5318,1.9964,721.6959,0.0775,4.0000
FLD0128,2026-04-08,0.8904,0.6465,0.3897,1.0538,717.2652,0.0465,4.0000
FLD0129,2026-04-08,0.9231,0.5813,0.3477,0.9338,717.6681,0.0299,3.0000
FLD0130,2026-04-08,1.0000,0.4734,0.3052,0.7185,718.9532,0.0364,2.0000
FLD0135,2026-04-08,0.8187,0.6339,0.4178,1.2324,719.6340,0.0557,8.0000
FLD0139,2026-04-08,0.9286,0.5726,0.3140,0.8530,715.9341,,1.0000
FLD0141,2026-04-08,0.8571,0.8491,0.5833,2.8425,724.5205,0.1351,2.0000
FLD0143,2026-04-08,0.5455,0.7392,0.4937,1.9835,721.9482,0.0957,40.0000
FLD0148,2026-04-08,0.5223,0.6622,0.4204,1.4588,719.6532,0.1016,26.0000
FLD0150,2026-04-08,0.6312,0.6508,0.4101,1.3183,719.2675,0.1059,9.0000
FLD0151,2026-04-08,0.9276,0.6154,0.3721,1.1183,717.7754,0.0794,13.0000
FLD0152,2026-04-08,0.8851,0.7471,0.4561,1.5192,718.5103,0.0987,10.0000
FLD0155,2026-04-08,0.7433,0.6269,0.3995,1.1836,718.8492,0.0816,8.0000
FLD0156,2026-04-08,0.7282,0.6279,0.3984,1.3025,718.8153,0.0947,13.0000
FLD0157,2026-04-08,1.0000,0.9073,0.5543,2.1872,719.7433,,1.0000
FLD0158,2026-04-08,0.7801,0.6556,0.3950,1.1635,718.6114,0.0981,3.0000
FLD0159,2026-04-08,0.9465,0.7624,0.4276,1.3578,716.4593,0.0631,9.0000
FLD0161,2026-04-08,0.5279,0.6903,0.4443,1.4633,719.9562,0.0696,17.0000
FLD0162,2026-04-08,1.0000,0.5153,0.3648,0.9475,722.6958,,1.0000
FLD0163,2026-04-08,1.0000,0.3722,0.2559,0.5032,718.3252,0.0201,2.0000
FLD0165,2026-04-08,0.5000,0.6593,0.4563,1.6603,722.1647,0.1339,9.0000
FLD0166,2026-04-08,0.7344,0.6278,0.4132,1.1954,721.1380,0.0960,9.0000
FLD0167,2026-04-08,0.7273,0.5756,0.3735,1.1383,718.9006,0.1079,29.0000
FLD0168,2026-04-08,0.7880,0.5502,0.3493,1.0592,716.9643,0.1278,15.0000
FLD0169,2026-04-08,1.0000,0.4809,0.3290,0.7563,724.7989,,1.0000
FLD0173,2026-04-08,0.6676,0.6476,0.4069,1.2412,719.2377,0.0927,18.0000
FLD0175,2026-04-08,0.8898,0.5699,0.3587,1.0110,717.5785,0.1325,9.0000
FLD0176,2026-04-08,0.5507,0.4233,0.2666,0.7469,716.4741,0.1455,10.0000
FLD0177,2026-04-08,0.9512,0.3283,0.2008,0.4984,713.1643,0.1185,6.0000
FLD0178,2026-04-08,0.7857,0.2951,0.2230,0.4873,721.3752,,1.0000
FLD0180,2026-04-08,0.6800,0.8038,0.5067,1.7881,724.6085,,1.0000
FLD0182,2026-04-08,0.9684,0.7123,0.4619,1.4569,720.3142,0.0455,7.0000
FLD0183,2026-04-08,0.8024,0.7554,0.4704,1.5654,719.6347,0.0384,16.0000
FLD0185,2026-04-08,0.7000,0.7180,0.4374,1.3837,719.2033,,1.0000
FLD0188,2026-04-08,0.8135,0.5085,0.3266,0.9357,717.7368,0.0764,28.0000
FLD0189,2026-04-08,1.0000,0.5325,0.3898,1.0995,720.6677,0.0676,3.0000
FLD0190,2026-04-08,0.5517,0.8001,0.5836,2.7648,726.5043,0.1975,3.0000
FLD0195,2026-04-08,0.5217,0.7100,0.4366,1.4785,718.8432,0.0678,3.0000
FLD0196,2026-04-08,0.9857,0.4848,0.3134,0.7459,717.2298,0.0571,3.0000
FLD0197,2026-04-08,0.5819,0.6700,0.4178,1.3403,719.5671,0.1667,6.0000
FLD0202,2026-04-08,0.6111,0.5574,0.3711,1.1133,721.6214,0.0906,3.0000
FLD0203,2026-04-08,0.6128,0.6088,0.3948,1.3632,719.4440,0.1042,19.0000
FLD0205,2026-04-08,0.6709,0.7392,0.5010,1.8880,721.3041,,1.0000
FLD0207,2026-04-08,1.0000,0.4079,0.2683,0.6334,720.1408,0.0390,4.0000
FLD0208,2026-04-08,1.0000,0.5418,0.4510,1.5885,726.9175,0.1304,2.0000
FLD0209,2026-04-08,0.9000,0.5185,0.3223,0.9413,715.3049,0.1644,4.0000
FLD0212,2026-04-08,1.0000,0.7255,0.3733,0.9961,710.1669,,1.0000
FLD0214,2026-04-08,0.7500,0.5666,0.3748,0.9776,719.6593,0.0686,2.0000
FLD0219,2026-04-08,0.9600,0.6457,0.3828,0.9358,715.2897,0.0369,2.0000
FLD0220,2026-04-08,1.0000,0.5656,0.3535,0.8727,720.6614,0.0618,3.0000
FLD0221,2026-04-08,0.8333,0.3667,0.2958,1.2304,719.4445,,1.0000
FLD0222,2026-04-08,1.0000,0.6309,0.3846,1.1011,718.7214,0.0481,9.0000
FLD0223,2026-04-08,1.0000,0.5850,0.4233,1.3235,720.0444,,1.0000
FLD0226,2026-04-08,0.7667,0.5181,0.3395,0.8170,719.3305,0.0767,6.0000
FLD0228,2026-04-08,0.8682,0.6061,0.3965,1.1015,719.1515,0.0913,17.0000
FLD0229,2026-04-08,0.6842,0.7132,0.4275,1.4018,718.5474,0.0937,4.0000
FLD0230,2026-04-08,0.6364,0.2701,0.1588,0.4226,715.7943,,1.0000
FLD0231,2026-04-08,0.9825,0.5219,0.3268,0.8122,716.8657,0.0357,14.0000
FLD0235,2026-04-08,0.6047,0.4704,0.3157,1.0880,717.5949,0.0661,2.0000
FLD0238,2026-04-08,0.8000,0.2794,0.2728,0.7270,727.6145,,1.0000
FLD0242,2026-04-08,0.6931,0.6725,0.4457,1.3292,719.7476,,1.0000
FLD0244,2026-04-08,0.8780,0.7261,0.4582,1.4541,718.9883,0.0729,2.0000
FLD0245,2026-04-08,1.0000,0.6151,0.3624,0.8363,713.2956,0.0428,4.0000
FLD0246,2026-04-08,0.6613,0.6248,0.4152,1.2573,719.2870,0.0540,11.0000
FLD0247,2026-04-08,0.9109,0.5132,0.3367,0.8468,717.6903,0.0841,21.0000
FLD0248,2026-04-08,0.7289,0.6351,0.3958,1.0777,717.9298,0.0732,10.0000
FLD0250,2026-04-08,0.5904,0.7882,0.5129,2.0605,720.5416,0.1503,16.0000
FLD0251,2026-04-08,0.7006,0.5800,0.3819,1.0894,719.0448,0.1152,29.0000
FLD0252,2026-04-08,0.6938,0.7697,0.5156,1.9097,721.7847,0.0579,5.0000
FLD0253,2026-04-08,0.6054,0.5568,0.3403,1.2241,716.7550,0.1540,14.0000
FLD0254,2026-04-08,0.7295,0.7508,0.5042,1.7258,721.8951,0.0583,8.0000
FLD0256,2026-04-08,0.6741,0.3774,0.2324,0.5346,715.5727,0.1480,3.0000
FLD0257,2026-04-08,0.9630,0.4350,0.2765,0.6219,716.5170,0.0607,4.0000
FLD0258,2026-04-08,1.0000,0.4097,0.2387,0.5706,719.5726,0.0663,2.0000
FLD0259,2026-04-08,0.7359,0.3718,0.2465,0.5649,718.0218,0.1108,22.0000
FLD0263,2026-04-08,0.7679,0.7148,0.4629,1.5383,719.7372,0.0713,12.0000
FLD0264,2026-04-08,0.5074,0.6751,0.4378,1.4284,719.6931,0.1160,16.0000
FLD0265,2026-04-08,0.5550,0.6982,0.4541,1.5560,719.7268,0.1101,26.0000
FLD0266,2026-04-08,0.8171,0.4775,0.3058,0.7709,716.6746,0.0932,78.0000
FLD0268,2026-04-08,0.8390,0.5859,0.3697,1.0713,717.6415,0.0815,5.0000
FLD0270,2026-04-08,0.6471,0.7059,0.4502,1.6199,719.5714,0.1045,6.0000
FLD0271,2026-04-08,0.5470,0.8849,0.5646,2.2491,721.3973,0.0154,5.0000
FLD0277,2026-04-08,0.5304,0.6806,0.4222,1.3643,718.2223,0.0814,10.0000
FLD0278,2026-04-08,0.8133,0.6209,0.3985,1.2435,719.6942,0.0949,15.0000
FLD0279,2026-04-08,0.6319,0.6218,0.3868,1.2250,718.7219,0.1071,10.0000
FLD0280,2026-04-08,0.7081,0.6327,0.3955,1.2906,718.4833,0.0651,15.0000
FLD0281,2026-04-08,1.0000,0.7076,0.4352,1.3693,718.7423,0.0091,2.0000
FLD0284,2026-04-08,0.9118,0.5575,0.3423,0.9327,716.3483,0.0849,18.0000
FLD0286,2026-04-08,0.7634,0.6434,0.4203,1.3590,719.2875,,1.0000
FLD0288,2026-04-08,0.5327,0.8064,0.5107,1.6987,720.1334,,1.0000
FLD0291,2026-04-08,1.0000,0.5101,0.3473,0.8313,719.5212,,1.0000
FLD0292,2026-04-08,0.9412,0.7616,0.4819,1.5721,719.5606,0.0424,2.0000
FLD0293,2026-04-08,0.9318,0.8250,0.5415,2.1266,721.7327,0.0469,4.0000
FLD0294,2026-04-08,0.6389,0.7949,0.4735,1.5081,718.5608,0.0075,2.0000
FLD0295,2026-04-08,0.5758,0.7946,0.5401,1.9732,722.0793,0.0225,2.0000
FLD0297,2026-04-08,0.8889,0.8656,0.5738,2.4630,722.5114,0.0237,3.0000
FLD0298,2026-04-08,0.7612,0.7181,0.4565,1.5630,719.8037,0.0285,6.0000
FLD0300,2026-04-08,0.6471,0.6602,0.4202,1.4635,718.9265,0.1572,5.0000
FLD0301,2026-04-08,0.7565,0.6192,0.3998,1.3373,719.8137,0.1147,7.0000
FLD0302,2026-04-08,0.6698,0.7712,0.4774,1.7187,719.4913,0.1195,15.0000
FLD0303,2026-04-08,0.5424,0.6442,0.4269,1.5114,720.1750,0.1120,46.0000
FLD0310,2026-04-08,1.0000,0.5476,0.3879,0.9926,722.3485,,1.0000
FLD0311,2026-04-08,0.6573,0.7861,0.4941,1.6819,719.8371,0.0468,9.0000
FLD0313,2026-04-08,0.5000,0.7182,0.4193,1.2694,719.0837,0.0864,3.0000
FLD0314,2026-04-08,0.9853,0.6581,0.4134,1.1038,718.1669,0.0176,5.0000
FLD0316,2026-04-08,0.5496,0.7195,0.4668,1.7141,720.3496,0.1030,19.0000
FLD0318,2026-04-08,0.7676,0.6641,0.4178,1.3698,719.0110,0.0817,20.0000
FLD0321,2026-04-08,0.7303,0.8393,0.5024,1.6485,718.8254,,1.0000
FLD0322,2026-04-08,0.8592,0.7190,0.4522,1.4544,719.6726,0.0706,9.0000
FLD0325,2026-04-08,0.9744,0.5617,0.3395,0.9447,716.4862,0.0704,8.0000
FLD0326,2026-04-08,0.8675,0.6698,0.4274,1.3258,720.0174,0.0182,8.0000
FLD0327,2026-04-08,0.7152,0.7253,0.4782,1.8579,720.6566,0.0806,3.0000
FLD0330,2026-04-08,0.8288,0.5490,0.3405,0.9207,717.0579,0.0814,9.0000
FLD0333,2026-04-08,0.8300,0.7368,0.4415,1.3222,717.5777,0.0597,6.0000
FLD0334,2026-04-08,0.8140,0.3181,0.1800,0.4058,708.5784,0.0816,21.0000
FLD0335,2026-04-08,0.6080,0.7396,0.4534,1.4412,718.3216,0.0971,36.0000
FLD0336,2026-04-08,0.9478,0.6549,0.4028,1.1107,717.7780,0.0728,10.0000
FLD0337,2026-04-08,0.8000,0.1818,0.0904,0.2198,707.4232,0.0213,3.0000
FLD0338,2026-04-08,0.7092,0.3184,0.2027,0.4202,715.8558,0.0633,8.0000
FLD0339,2026-04-08,0.7829,0.3901,0.2523,0.5077,715.9861,0.0646,8.0000
FLD0340,2026-04-08,0.8571,0.3134,0.2172,0.4712,717.5308,0.0924,7.0000
FLD0341,2026-04-08,0.6885,0.4281,0.2503,0.6243,715.9378,0.0853,4.0000
FLD0343,2026-04-08,0.7574,0.5561,0.3335,0.8437,715.3824,0.0871,7.0000
FLD0345,2026-04-08,0.9300,0.5179,0.3357,0.8118,718.5532,0.0643,15.0000
FLD0346,2026-04-08,0.9487,0.7488,0.4562,1.2532,717.8815,0.0454,7.0000
FLD0348,2026-04-08,0.5285,0.2171,0.1455,0.2962,713.7726,0.0550,3.0000
FLD0353,2026-04-08,0.7944,0.3179,0.2076,0.4685,719.5285,0.0997,6.0000
FLD0356,2026-04-08,0.7230,0.3938,0.2576,0.5876,717.4350,0.1264,23.0000
FLD0357,2026-04-08,0.9730,0.2894,0.1937,0.3698,715.2489,0.0532,9.0000
FLD0360,2026-04-08,0.5556,0.3301,0.2267,0.5897,717.9491,0.1325,9.0000
FLD0361,2026-04-08,0.6000,0.3856,0.2783,0.8298,721.7498,0.1790,4.0000
FLD0363,2026-04-08,0.5444,0.6841,0.4481,1.5501,720.0320,0.0434,4.0000
FLD0365,2026-04-08,1.0000,0.6574,0.4444,1.3206,720.0219,0.0715,2.0000
FLD0367,2026-04-08,0.6578,0.6394,0.4167,1.3124,719.9509,0.0816,10.0000
FLD0368,2026-04-08,0.6400,0.7918,0.4761,1.5885,719.7383,0.0584,5.0000
FLD0374,2026-04-08,0.7602,0.3780,0.2359,0.5781,713.8556,0.1164,84.0000
FLD0375,2026-04-08,1.0000,0.2979,0.2220,0.4252,722.5070,0.0237,3.0000
FLD0377,2026-04-08,0.8523,0.2567,0.1781,0.3113,714.3958,0.0704,2.0000
FLD0378,2026-04-08,0.5370,0.2663,0.1673,0.3690,717.0234,0.1037,6.0000
FLD0379,2026-04-08,0.9070,0.3348,0.2318,0.4584,716.9406,0.0629,8.0000
FLD0380,2026-04-08,0.7438,0.6282,0.3870,1.1973,718.1270,0.0933,51.0000
FLD0381,2026-04-08,0.7098,0.5859,0.3621,1.1438,717.1473,0.0999,14.0000
FLD0382,2026-04-08,0.7560,0.3837,0.2470,0.5212,712.5470,0.0345,5.0000
FLD0383,2026-04-08,0.7608,0.3227,0.2026,0.4238,713.1753,0.0693,29.0000
FLD0384,2026-04-08,0.5497,0.7037,0.4447,1.4588,719.7128,0.0583,11.0000
FLD0385,2026-04-08,0.8281,0.6927,0.4266,1.3292,718.0821,0.0867,10.0000
FLD0388,2026-04-08,0.7000,0.5993,0.4107,1.2389,721.4539,,1.0000
FLD0392,2026-04-08,0.9065,0.5841,0.3728,1.1465,718.2473,0.0982,23.0000
FLD0396,2026-04-08,0.6070,0.6586,0.4215,1.3437,719.9698,0.1214,7.0000
FLD0397,2026-04-08,0.5567,0.6452,0.4041,1.3727,720.4736,0.0580,3.0000
FLD0402,2026-04-08,0.6852,0.6044,0.4122,1.4841,720.0410,0.1193,10.0000
FLD0404,2026-04-08,0.8095,0.7870,0.4881,1.8304,721.1951,0.0543,2.0000
FLD0405,2026-04-08,0.6000,0.7392,0.5072,2.0308,721.6408,0.0576,3.0000
FLD0407,2026-04-08,0.5455,0.8844,0.6252,3.1551,722.6911,0.0138,3.0000
FLD0408,2026-04-08,1.0000,0.7015,0.3830,1.3371,713.9032,,1.0000
FLD0409,2026-04-08,1.0000,0.8372,0.5460,2.1199,721.0199,,1.0000
FLD0423,2026-04-08,0.9000,0.5482,0.3639,0.9279,719.0362,,1.0000
FLD0426,2026-04-08,0.8951,0.6674,0.4209,1.2905,719.4927,0.0788,13.0000
FLD0427,2026-04-08,0.8678,0.6423,0.3985,1.2119,717.9609,0.0804,10.0000
FLD0428,2026-04-08,0.7615,0.6553,0.4215,1.2975,719.9904,0.0844,26.0000
FLD0431,2026-04-08,1.0000,0.6902,0.4228,1.1647,718.6574,0.0197,3.0000
FLD0432,2026-04-08,0.9623,0.4544,0.3086,0.8052,719.4141,0.1464,3.0000
FLD0433,2026-04-08,0.7727,0.6145,0.3935,1.2149,716.8082,0.0681,3.0000
FLD0434,2026-04-08,1.0000,0.5714,0.4054,1.1906,720.4100,,1.0000
FLD0436,2026-04-08,0.9730,0.5498,0.3539,0.8699,717.6389,0.0793,22.0000
FLD0437,2026-04-08,0.6236,0.8653,0.5399,2.0284,720.1183,0.0318,8.0000
FLD0440,2026-04-08,0.6667,0.7068,0.4677,1.5468,720.3102,0.0732,3.0000
FLD0441,2026-04-08,0.6923,0.9063,0.4801,1.6366,716.4255,,1.0000
FLD0442,2026-04-08,0.7031,0.6188,0.4291,1.3115,720.3011,0.0325,3.0000
FLD0443,2026-04-08,0.7677,0.7517,0.5017,1.7314,721.2808,0.0420,4.0000
FLD0448,2026-04-08,0.5441,0.7924,0.4948,1.6716,720.7051,0.0369,2.0000
FLD0449,2026-04-08,0.8354,0.8002,0.4900,1.5080,719.5959,,1.0000
FLD0456,2026-04-08,0.8448,0.8774,0.5243,1.9339,719.8502,0.0235,3.0000
FLD0458,2026-04-08,1.0000,0.5208,0.3767,1.0359,723.1347,0.0366,2.0000
FLD0459,2026-04-08,0.9545,0.5336,0.3387,0.8705,719.2865,0.0879,4.0000
FLD0463,2026-04-08,0.5385,0.8156,0.5360,1.6660,718.7140,0.0847,2.0000
FLD0466,2026-04-08,0.8000,0.5769,0.3604,0.9653,718.5331,0.0264,4.0000
FLD0467,2026-04-08,0.7143,0.7610,0.4723,1.6180,719.1995,0.0637,6.0000
FLD0468,2026-04-08,1.0000,0.5972,0.3889,1.0415,719.4939,0.0614,2.0000
FLD0003,2026-04-13,0.8659,0.5557,0.3494,0.7942,715.6987,0.0854,9.0000
FLD0005,2026-04-13,0.6610,0.7039,0.4281,1.2183,714.7242,0.1139,4.0000
FLD0006,2026-04-13,0.5700,0.7115,0.4302,1.2655,715.1669,0.0894,6.0000
FLD0007,2026-04-13,0.5861,0.4918,0.3079,0.7611,714.0666,0.1286,17.0000
FLD0021,2026-04-13,0.7297,0.7567,0.4815,1.5572,717.9546,0.0468,6.0000
FLD0022,2026-04-13,0.6667,0.7695,0.4916,1.6873,717.5963,0.0522,11.0000
FLD0033,2026-04-13,0.7907,0.6260,0.3903,0.9045,713.7745,0.0705,8.0000
FLD0038,2026-04-13,0.8739,0.4878,0.3083,0.6777,712.2250,0.0781,22.0000
FLD0040,2026-04-13,0.7500,0.6069,0.3858,1.0923,715.7067,0.0797,19.0000
FLD0041,2026-04-13,0.7430,0.5695,0.3561,0.8603,713.5347,0.0750,50.0000
FLD0042,2026-04-13,0.8043,0.6230,0.3645,0.8963,711.8150,0.0609,12.0000
FLD0043,2026-04-13,0.7432,0.5729,0.3629,0.9514,715.5562,0.0903,42.0000
FLD0049,2026-04-13,0.8791,0.4968,0.3171,0.7008,714.3098,0.0806,28.0000
FLD0050,2026-04-13,0.6579,0.6400,0.3717,0.9536,713.6526,0.0821,8.0000
FLD0051,2026-04-13,0.8889,0.5006,0.3426,0.8386,714.5697,0.1115,3.0000
FLD0053,2026-04-13,0.8889,0.4762,0.2999,0.7764,719.0112,0.0439,6.0000
FLD0056,2026-04-13,0.7126,0.6052,0.3796,0.8694,714.6706,0.0292,9.0000
FLD0057,2026-04-13,0.5325,0.8141,0.4968,1.3863,715.6282,0.0282,12.0000
FLD0059,2026-04-13,0.8599,0.6325,0.3989,0.9538,714.4475,0.0650,8.0000
FLD0060,2026-04-13,0.5893,0.7225,0.4508,1.1880,714.4567,0.0447,2.0000
FLD0061,2026-04-13,0.6034,0.7785,0.4801,1.3545,715.1518,0.0963,3.0000
FLD0068,2026-04-13,0.5035,0.6673,0.4269,1.4228,717.5326,0.0783,7.0000
FLD0070,2026-04-13,0.6875,0.6370,0.4366,1.3393,717.7937,0.1038,4.0000
FLD0071,2026-04-13,0.6189,0.5406,0.3519,0.9098,715.3684,0.1001,26.0000
FLD0073,2026-04-13,1.0000,0.4663,0.2776,0.6299,713.8743,0.0225,2.0000
FLD0074,2026-04-13,0.6056,0.5669,0.3743,1.0162,718.8608,0.1317,2.0000
FLD0075,2026-04-13,0.6842,0.6456,0.3952,1.0446,715.0929,,1.0000
FLD0076,2026-04-13,0.9778,0.5145,0.3121,0.6238,712.7197,0.0431,4.0000
FLD0079,2026-04-13,0.5720,0.7615,0.4733,1.6315,717.6289,0.0759,13.0000
FLD0082,2026-04-13,0.5602,0.6451,0.4047,1.1220,716.2602,0.0839,18.0000
FLD0102,2026-04-13,0.6957,0.5696,0.3468,0.8708,716.6974,,1.0000
FLD0114,2026-04-13,0.8205,0.6663,0.4646,1.4115,718.2937,,1.0000
FLD0128,2026-04-13,0.8767,0.6418,0.3549,0.8354,712.2626,0.0414,4.0000
FLD0129,2026-04-13,0.9231,0.5810,0.3212,0.7871,712.5603,0.0693,3.0000
FLD0130,2026-04-13,1.0000,0.4801,0.2797,0.6012,714.1136,0.0588,2.0000
FLD0135,2026-04-13,0.7688,0.6221,0.3895,0.9356,713.7661,0.0416,7.0000
FLD0139,2026-04-13,0.9286,0.5791,0.2802,0.7191,711.8117,,1.0000
FLD0141,2026-04-13,0.7143,0.8089,0.5529,2.2631,721.4039,0.1057,2.0000
FLD0143,2026-04-13,0.5010,0.6873,0.4473,1.5722,718.0744,0.0900,36.0000
FLD0150,2026-04-13,0.5033,0.5851,0.3568,0.9546,715.2841,0.0674,6.0000
FLD0151,2026-04-13,0.8691,0.6112,0.3487,0.9533,713.3346,0.0720,12.0000
FLD0152,2026-04-13,0.8230,0.7273,0.4296,1.2875,714.4541,0.1073,10.0000
FLD0155,2026-04-13,0.6524,0.6152,0.3623,0.9751,713.0437,0.0969,6.0000
FLD0156,2026-04-13,0.5971,0.5827,0.3651,1.1345,714.2813,0.1420,11.0000
FLD0157,2026-04-13,0.8000,0.9530,0.5433,2.0374,717.0954,,1.0000
FLD0158,2026-04-13,0.7589,0.6499,0.3750,0.9884,713.4646,0.1083,3.0000
FLD0159,2026-04-13,0.9091,0.7370,0.3836,1.0473,711.9939,0.0731,9.0000
FLD0162,2026-04-13,1.0000,0.4832,0.3299,0.6765,716.1778,,1.0000
FLD0166,2026-04-13,0.6641,0.6164,0.4007,1.0617,718.2592,0.0789,8.0000
FLD0167,2026-04-13,0.6008,0.5825,0.3592,0.9962,714.3149,0.1181,26.0000
FLD0168,2026-04-13,0.6221,0.5305,0.3310,0.9248,713.4218,0.1340,13.0000
FLD0169,2026-04-13,1.0000,0.5448,0.3362,0.7335,712.2669,,1.0000
FLD0173,2026-04-13,0.5084,0.6451,0.3896,1.0944,714.0962,0.1055,16.0000
FLD0175,2026-04-13,0.7633,0.5255,0.3222,0.7477,712.5499,0.0963,5.0000
FLD0177,2026-04-13,0.8415,0.2992,0.1774,0.3939,708.8376,0.0965,5.0000
FLD0182,2026-04-13,0.9114,0.7686,0.4816,1.5092,717.6363,0.0477,7.0000
FLD0183,2026-04-13,0.5749,0.7640,0.4767,1.5883,717.9612,0.0787,10.0000
FLD0185,2026-04-13,0.5375,0.7315,0.4430,1.3249,716.9306,,1.0000
FLD0188,2026-04-13,0.7935,0.4556,0.2807,0.7051,711.8973,0.0776,28.0000
FLD0189,2026-04-13,1.0000,0.5250,0.3432,0.8791,714.7202,0.0946,3.0000
FLD0196,2026-04-13,0.9571,0.4679,0.2993,0.6532,714.6237,0.0270,2.0000
FLD0202,2026-04-13,0.5556,0.5259,0.3439,0.9279,718.9659,0.1455,2.0000
FLD0205,2026-04-13,0.5316,0.6929,0.4518,1.4153,717.6318,,1.0000
FLD0207,2026-04-13,1.0000,0.4020,0.2312,0.4854,715.5621,0.0318,4.0000
FLD0208,2026-04-13,1.0000,0.5264,0.3987,1.1594,721.2343,0.1355,2.0000
FLD0209,2026-04-13,0.9000,0.4801,0.3028,0.7890,715.7191,0.1366,5.0000
FLD0212,2026-04-13,1.0000,0.6844,0.3626,0.8945,711.0505,,1.0000
FLD0214,2026-04-13,1.0000,0.6372,0.3744,0.9113,715.3002,0.1142,3.0000
FLD0219,2026-04-13,0.9600,0.6637,0.3714,0.7778,709.5635,0.0398,2.0000
FLD0220,2026-04-13,1.0000,0.6066,0.3331,0.7350,713.6037,0.0826,3.0000
FLD0221,2026-04-13,0.8333,0.3786,0.2816,1.0055,714.6887,,1.0000
FLD0222,2026-04-13,0.9211,0.6458,0.3824,1.0269,715.8982,0.0542,8.0000
FLD0223,2026-04-13,1.0000,0.6173,0.4254,1.4348,718.5030,,1.0000
FLD0226,2026-04-13,0.7267,0.4921,0.3127,0.6448,713.1844,0.0838,6.0000
FLD0228,2026-04-13,0.8372,0.6243,0.3948,1.0283,715.4959,0.0924,16.0000
FLD0229,2026-04-13,0.5263,0.6174,0.4000,1.1622,717.4601,0.1111,3.0000
FLD0230,2026-04-13,0.5455,0.2565,0.1408,0.3258,709.9936,,1.0000
FLD0231,2026-04-13,0.9123,0.5493,0.3250,0.7382,712.7132,0.0459,13.0000
FLD0235,2026-04-13,0.6163,0.4815,0.3064,0.9781,713.2352,0.0981,3.0000
FLD0238,2026-04-13,1.0000,0.2460,0.2116,0.5066,728.1307,,1.0000
FLD0242,2026-04-13,0.6337,0.6675,0.4267,1.1356,715.8575,,1.0000
FLD0244,2026-04-13,0.7561,0.7213,0.4407,1.2137,715.7332,0.0658,2.0000
FLD0245,2026-04-13,0.9231,0.6364,0.3585,0.7485,708.7544,0.0146,3.0000
FLD0246,2026-04-13,0.5108,0.6096,0.4011,1.1758,715.1730,0.0877,8.0000
FLD0247,2026-04-13,0.8547,0.4996,0.3200,0.7311,712.8329,0.0838,18.0000
FLD0248,2026-04-13,0.6000,0.5976,0.3587,0.7967,712.4431,0.0382,7.0000
FLD0251,2026-04-13,0.6246,0.6156,0.3895,1.0453,715.2743,0.1143,22.0000
FLD0252,2026-04-13,0.5359,0.8321,0.5247,1.8199,718.0546,0.0329,4.0000
FLD0254,2026-04-13,0.5902,0.7817,0.5016,1.4784,717.9738,0.0318,7.0000
FLD0256,2026-04-13,0.6444,0.3260,0.2082,0.3843,712.3047,0.0228,2.0000
FLD0257,2026-04-13,0.9444,0.4868,0.2765,0.5545,710.0762,0.0634,4.0000
FLD0258,2026-04-13,1.0000,0.4394,0.2461,0.5033,714.6084,0.0249,2.0000
FLD0259,2026-04-13,0.7077,0.3816,0.2508,0.5307,714.5192,0.1065,17.0000
FLD0263,2026-04-13,0.5638,0.7416,0.4593,1.4390,716.7728,0.0443,8.0000
FLD0266,2026-04-13,0.7654,0.4519,0.2801,0.6199,711.1687,0.0910,75.0000
FLD0268,2026-04-13,0.7317,0.5671,0.3484,0.8981,713.0881,0.0707,4.0000
FLD0270,2026-04-13,0.6397,0.6934,0.4128,1.3057,715.3880,0.1052,8.0000
FLD0278,2026-04-13,0.7552,0.6003,0.3758,1.0280,714.8556,0.0864,14.0000
FLD0279,2026-04-13,0.5486,0.5706,0.3440,0.9399,714.6216,0.0766,9.0000
FLD0280,2026-04-13,0.5483,0.5767,0.3532,1.0147,714.8927,0.0887,14.0000
FLD0281,2026-04-13,0.9231,0.7910,0.4426,1.3360,714.8733,0.0325,2.0000
FLD0284,2026-04-13,0.8782,0.5267,0.3176,0.7770,710.8893,0.0960,16.0000
FLD0286,2026-04-13,0.7097,0.6251,0.3921,1.1277,715.9254,,1.0000
FLD0291,2026-04-13,0.9859,0.5074,0.3309,0.6895,715.2537,,1.0000
FLD0293,2026-04-13,0.9091,0.8192,0.4966,1.5894,717.3867,0.0520,4.0000
FLD0294,2026-04-13,0.5139,0.7792,0.4566,1.2495,714.8789,0.0044,2.0000
FLD0297,2026-04-13,0.8519,0.8425,0.5589,2.1171,719.5785,0.0173,3.0000
FLD0298,2026-04-13,0.6418,0.6568,0.4203,1.2839,716.5629,0.0453,5.0000
FLD0300,2026-04-13,0.5640,0.6181,0.3820,1.1878,714.7597,0.1584,5.0000
FLD0301,2026-04-13,0.5751,0.5747,0.3632,1.0411,716.1837,0.1397,4.0000
FLD0302,2026-04-13,0.5000,0.6960,0.4133,1.2488,715.5102,0.1001,10.0000
FLD0310,2026-04-13,1.0000,0.5319,0.3780,0.9139,717.3423,,1.0000
FLD0314,2026-04-13,0.9706,0.6571,0.4094,0.9280,713.6303,0.0403,5.0000
FLD0318,2026-04-13,0.5730,0.6093,0.3754,1.1183,715.7645,0.0940,15.0000
FLD0322,2026-04-13,0.6901,0.6694,0.4203,1.1562,716.5127,0.0697,7.0000
FLD0325,2026-04-13,1.0000,0.5600,0.3210,0.8660,712.5571,0.0840,8.0000
FLD0326,2026-04-13,0.7086,0.7011,0.4351,1.3228,716.6429,0.0444,7.0000
FLD0327,2026-04-13,0.5190,0.5825,0.3907,1.2932,716.1989,0.1958,2.0000
FLD0330,2026-04-13,0.5676,0.5493,0.3156,0.8089,712.1082,0.0807,4.0000
FLD0333,2026-04-13,0.5300,0.7555,0.4591,1.2674,715.7799,0.0566,3.0000
FLD0334,2026-04-13,0.6667,0.3275,0.1707,0.3435,702.8819,0.0918,17.0000
FLD0336,2026-04-13,0.7826,0.6810,0.3971,1.0038,713.4922,0.0830,6.0000
FLD0338,2026-04-13,0.6738,0.4102,0.2356,0.4200,709.1157,0.0859,8.0000
FLD0339,2026-04-13,0.8224,0.4544,0.2788,0.5207,712.1485,0.0843,8.0000
FLD0340,2026-04-13,0.8286,0.3636,0.2315,0.4667,711.2627,0.1454,7.0000
FLD0341,2026-04-13,0.5000,0.4489,0.2571,0.6400,713.2116,0.1063,3.0000
FLD0343,2026-04-13,0.6000,0.5787,0.3321,0.7282,711.7789,0.0582,3.0000
FLD0345,2026-04-13,0.8188,0.5372,0.3383,0.7661,715.3064,0.0706,14.0000
FLD0346,2026-04-13,0.5641,0.7826,0.4502,1.1859,713.9773,0.0431,4.0000
FLD0348,2026-04-13,0.5203,0.2153,0.1323,0.2476,710.4361,0.0601,3.0000
FLD0353,2026-04-13,0.7664,0.3348,0.2196,0.4587,716.7272,0.1218,7.0000
FLD0356,2026-04-13,0.6701,0.3648,0.2385,0.4669,711.8054,0.1040,20.0000
FLD0357,2026-04-13,0.9054,0.2965,0.2007,0.3234,711.8357,0.0551,8.0000
FLD0359,2026-04-13,0.5000,0.1702,0.1745,0.4805,730.0104,,1.0000
FLD0360,2026-04-13,0.5444,0.3144,0.2010,0.4800,715.2615,0.1489,9.0000
FLD0361,2026-04-13,0.5467,0.3517,0.2461,0.6293,717.2341,0.1041,4.0000
FLD0362,2026-04-13,0.7000,0.6802,0.3935,1.0935,713.9769,0.0403,5.0000
FLD0363,2026-04-13,0.5111,0.6394,0.3997,1.2028,716.0629,0.0376,3.0000
FLD0365,2026-04-13,0.9000,0.6822,0.4784,1.4926,718.6647,0.1129,2.0000
FLD0367,2026-04-13,0.5518,0.6641,0.4177,1.2442,716.5920,0.0763,8.0000
FLD0368,2026-04-13,0.5500,0.7836,0.4542,1.3891,716.1051,0.0575,4.0000
FLD0374,2026-04-13,0.7008,0.3884,0.2342,0.5173,709.9609,0.1175,73.0000
FLD0375,2026-04-13,0.8000,0.2909,0.2175,0.3327,715.4450,0.0217,2.0000
FLD0377,2026-04-13,0.6818,0.2683,0.1779,0.2792,709.7690,,1.0000
FLD0378,2026-04-13,0.5309,0.2867,0.1698,0.3518,713.4371,0.1084,4.0000
FLD0379,2026-04-13,0.7442,0.3942,0.2619,0.5310,713.1012,0.0525,6.0000
FLD0380,2026-04-13,0.6381,0.6428,0.3806,1.0899,714.7676,0.1000,43.0000
FLD0381,2026-04-13,0.5741,0.5435,0.3233,0.8191,712.7953,0.0977,14.0000
FLD0382,2026-04-13,0.6429,0.4480,0.2731,0.6013,713.1081,0.0356,3.0000
FLD0383,2026-04-13,0.7258,0.3334,0.2032,0.3860,710.0155,0.0846,26.0000
FLD0385,2026-04-13,0.7647,0.6375,0.3814,0.9674,714.0403,0.0982,9.0000
FLD0388,2026-04-13,0.6667,0.6094,0.4046,1.0749,718.5633,,1.0000
FLD0392,2026-04-13,0.8271,0.5694,0.3486,0.9584,714.1720,0.0870,22.0000
FLD0396,2026-04-13,0.5371,0.6133,0.3826,0.9813,715.6357,0.1323,6.0000
FLD0397,2026-04-13,0.5361,0.5774,0.3463,0.9398,713.0796,0.0608,3.0000
FLD0402,2026-04-13,0.6481,0.6150,0.4019,1.3624,717.2362,0.1273,9.0000
FLD0404,2026-04-13,0.5714,0.6862,0.4527,1.4424,717.6161,,1.0000
FLD0405,2026-04-13,0.5500,0.7200,0.4682,1.6492,717.8706,0.0687,3.0000
FLD0408,2026-04-13,1.0000,0.7682,0.3705,1.1917,710.8408,,1.0000
FLD0423,2026-04-13,0.9000,0.5629,0.3512,0.8107,714.9465,,1.0000
FLD0426,2026-04-13,0.8252,0.6673,0.4049,1.1569,715.5509,0.0767,13.0000
FLD0427,2026-04-13,0.8264,0.6184,0.3629,0.9524,713.1699,0.0887,10.0000
FLD0428,2026-04-13,0.6883,0.6401,0.3988,1.0545,715.3889,0.0990,24.0000
FLD0431,2026-04-13,0.8630,0.7277,0.4229,1.1177,714.4009,0.0187,3.0000
FLD0432,2026-04-13,0.9434,0.4427,0.2828,0.6540,714.2090,0.1503,3.0000
FLD0433,2026-04-13,0.7727,0.6005,0.3799,1.0275,713.5153,0.0792,3.0000
FLD0434,2026-04-13,1.0000,0.6245,0.4039,1.1276,715.3584,,1.0000
FLD0436,2026-04-13,0.9506,0.5483,0.3389,0.7321,712.8516,0.0809,21.0000
FLD0442,2026-04-13,0.6719,0.5775,0.3964,1.1539,718.4362,0.0970,3.0000
FLD0443,2026-04-13,0.7071,0.8037,0.5107,1.7204,718.0583,0.0543,4.0000
FLD0449,2026-04-13,0.5443,0.8243,0.4851,1.3162,715.2541,,1.0000
FLD0458,2026-04-13,1.0000,0.4470,0.3123,0.6210,716.0730,0.0178,2.0000
FLD0459,2026-04-13,0.9545,0.5337,0.3075,0.7261,713.6358,0.0795,4.0000
FLD0466,2026-04-13,0.8000,0.5603,0.3437,0.8562,716.3778,0.0286,4.0000
FLD0467,2026-04-13,0.7500,0.7862,0.4483,1.4826,712.7249,0.0684,6.0000
FLD0468,2026-04-13,1.0000,0.6045,0.3631,0.9699,717.2836,0.1000,2.0000
FLD0003,2026-04-18,0.9024,0.5246,0.3459,0.8225,718.8941,0.0764,10.0000
FLD0005,2026-04-18,0.5932,0.6912,0.4405,1.3996,719.3443,0.0862,3.0000
FLD0006,2026-04-18,0.6280,0.7152,0.4584,1.5272,719.9830,0.0951,7.0000
FLD0007,2026-04-18,0.6189,0.5015,0.3376,0.9258,717.9066,0.1185,17.0000
FLD0021,2026-04-18,0.7568,0.7837,0.5250,1.9569,720.8864,0.0804,8.0000
FLD0022,2026-04-18,0.8370,0.7817,0.5192,2.1021,722.5292,0.0704,12.0000
FLD0023,2026-04-18,0.5714,0.7069,0.5044,1.8836,724.4114,,1.0000
FLD0029,2026-04-18,0.6429,0.7040,0.4701,1.6746,722.4145,0.0966,19.0000
FLD0032,2026-04-18,0.5000,0.7668,0.5159,2.0826,722.3623,0.0722,2.0000
FLD0035,2026-04-18,0.7885,0.5595,0.3459,0.9701,724.5770,0.0831,2.0000
FLD0037,2026-04-18,0.6912,0.5517,0.3343,1.0102,719.1161,0.0947,8.0000
FLD0038,2026-04-18,0.6471,0.4195,0.3004,0.7527,719.5199,0.1087,16.0000
FLD0040,2026-04-18,0.7669,0.5988,0.4008,1.1744,719.1374,0.0845,21.0000
FLD0041,2026-04-18,0.8783,0.4336,0.2902,0.7326,719.9403,0.0975,62.0000
FLD0042,2026-04-18,0.9891,0.4974,0.3112,0.7620,716.8798,0.0502,14.0000
FLD0043,2026-04-18,0.9932,0.4734,0.3210,0.8699,720.9744,0.1029,68.0000
FLD0045,2026-04-18,0.8994,0.7492,0.5049,1.8857,723.1135,0.1931,9.0000
FLD0046,2026-04-18,0.5810,0.7781,0.5000,1.9224,721.2155,0.1052,16.0000
FLD0047,2026-04-18,1.0000,0.4939,0.3526,1.0380,721.6602,0.0752,7.0000
FLD0048,2026-04-18,0.8384,0.7727,0.5233,2.2566,722.5056,0.1109,5.0000
FLD0049,2026-04-18,0.9488,0.4441,0.3266,0.8616,720.1115,0.0951,32.0000
FLD0050,2026-04-18,1.0000,0.4651,0.3090,0.8285,720.9330,0.0673,12.0000
FLD0051,2026-04-18,1.0000,0.4677,0.3647,1.0084,725.5532,0.0807,3.0000
FLD0052,2026-04-18,1.0000,0.4756,0.3400,1.0109,721.9862,0.1026,23.0000
FLD0053,2026-04-18,1.0000,0.2703,0.1891,0.4504,720.2679,0.0506,7.0000
FLD0054,2026-04-18,0.6808,0.6502,0.4296,1.3270,720.4226,0.0917,18.0000
FLD0055,2026-04-18,0.5196,0.7738,0.4854,1.6178,719.9673,0.0525,11.0000
FLD0056,2026-04-18,0.8858,0.5534,0.3776,1.0559,719.7073,0.0551,10.0000
FLD0057,2026-04-18,0.9870,0.6275,0.4188,1.1774,719.7690,0.0373,17.0000
FLD0058,2026-04-18,0.9961,0.5026,0.3598,1.0074,721.1256,0.0833,24.0000
FLD0059,2026-04-18,0.9082,0.6005,0.3950,1.0310,718.5007,0.0613,8.0000
FLD0060,2026-04-18,0.8214,0.6865,0.4422,1.2954,720.5986,0.0340,2.0000
FLD0061,2026-04-18,0.6466,0.7420,0.4744,1.4641,719.7434,0.0756,4.0000
FLD0069,2026-04-18,1.0000,0.2843,0.1871,0.4564,722.3019,0.0288,4.0000
FLD0070,2026-04-18,0.8250,0.2733,0.1844,0.4250,722.6148,0.0307,6.0000
FLD0071,2026-04-18,0.7022,0.5510,0.3793,1.2180,720.7512,0.1126,28.0000
FLD0072,2026-04-18,1.0000,0.3408,0.2688,0.6836,722.4213,0.0597,5.0000
FLD0073,2026-04-18,1.0000,0.3308,0.2153,0.4923,721.4040,0.0335,2.0000
FLD0074,2026-04-18,1.0000,0.3351,0.2347,0.5393,722.0917,0.0139,3.0000
FLD0075,2026-04-18,1.0000,0.3082,0.2033,0.4434,720.9415,0.0200,4.0000
FLD0076,2026-04-18,1.0000,0.2959,0.2158,0.4548,720.8400,0.0140,4.0000
FLD0079,2026-04-18,0.6085,0.7413,0.4902,1.8436,721.5547,0.0843,14.0000
FLD0080,2026-04-18,0.5602,0.6402,0.4251,1.3583,720.2508,0.1269,12.0000
FLD0082,2026-04-18,0.5904,0.6332,0.4224,1.2619,720.3128,0.0931,17.0000
FLD0087,2026-04-18,0.5130,0.7399,0.4854,1.8537,721.3589,0.1030,20.0000
FLD0092,2026-04-18,0.5556,0.6303,0.4126,1.2728,720.5014,0.0880,12.0000
FLD0097,2026-04-18,0.5242,0.8898,0.5612,2.3562,720.8879,0.0212,5.0000
FLD0102,2026-04-18,0.9565,0.6012,0.3501,0.8718,717.2109,,1.0000
FLD0114,2026-04-18,0.8462,0.6151,0.4532,1.4378,723.1394,,1.0000
FLD0122,2026-04-18,0.5475,0.7210,0.4638,1.6319,719.1981,0.0814,25.0000
FLD0126,2026-04-18,0.5758,0.7991,0.4937,1.6567,719.5861,0.0699,5.0000
FLD0128,2026-04-18,0.7808,0.5647,0.3305,0.7875,711.2677,0.0505,6.0000
FLD0129,2026-04-18,0.7692,0.5025,0.3478,0.9164,719.8165,0.0805,3.0000
FLD0130,2026-04-18,1.0000,0.4333,0.2721,0.5428,714.3296,0.0679,2.0000
FLD0135,2026-04-18,0.7937,0.5625,0.3740,1.0191,717.7199,0.0560,6.0000
FLD0139,2026-04-18,0.8571,0.5483,0.3327,0.9429,717.6476,,1.0000
FLD0141,2026-04-18,0.8571,0.6716,0.4841,1.7463,725.3530,,1.0000
FLD0143,2026-04-18,0.6518,0.6586,0.4495,1.6808,722.3736,0.1161,44.0000
FLD0148,2026-04-18,0.5187,0.6022,0.3886,1.2818,718.8185,0.1053,28.0000
FLD0150,2026-04-18,0.6030,0.5282,0.3516,0.9699,719.3374,0.0805,10.0000
FLD0151,2026-04-18,0.8050,0.5872,0.3591,1.0510,716.5828,0.0854,12.0000
FLD0152,2026-04-18,0.8727,0.6867,0.4293,1.4152,718.2345,0.1182,10.0000
FLD0155,2026-04-18,0.5722,0.5568,0.3479,0.9753,715.6865,0.1155,6.0000
FLD0156,2026-04-18,0.6068,0.5842,0.3783,1.2139,719.1271,0.1174,10.0000
FLD0157,2026-04-18,1.0000,0.9736,0.5871,2.4200,719.7646,,1.0000
FLD0158,2026-04-18,0.6525,0.6122,0.3615,1.0380,717.4808,0.1346,3.0000
FLD0159,2026-04-18,0.9251,0.6239,0.3628,1.0169,715.0946,0.0905,9.0000
FLD0162,2026-04-18,1.0000,0.4369,0.3109,0.6403,719.4334,,1.0000
FLD0166,2026-04-18,0.6797,0.6245,0.4184,1.2409,722.5112,0.0855,8.0000
FLD0167,2026-04-18,0.6196,0.5757,0.3716,1.1413,718.1535,0.1265,27.0000
FLD0168,2026-04-18,0.6705,0.5098,0.3310,0.9824,717.9462,0.1224,14.0000
FLD0169,2026-04-18,1.0000,0.5296,0.3465,0.8589,721.1394,,1.0000
FLD0173,2026-04-18,0.5335,0.6761,0.4232,1.3548,719.4383,0.0884,17.0000
FLD0175,2026-04-18,0.8939,0.5177,0.3268,0.7974,716.3008,0.1297,8.0000
FLD0177,2026-04-18,0.7256,0.2817,0.1663,0.4235,710.5944,0.1377,4.0000
FLD0178,2026-04-18,0.5714,0.2711,0.2541,0.5022,726.0934,,1.0000
FLD0182,2026-04-18,0.9430,0.7618,0.5004,1.7305,720.8270,0.0581,7.0000
FLD0183,2026-04-18,0.6946,0.7559,0.4865,1.7514,720.5459,0.0685,14.0000
FLD0184,2026-04-18,0.6667,0.7627,0.4542,1.5240,718.2161,0.0376,3.0000
FLD0185,2026-04-18,0.7000,0.7550,0.4732,1.6348,719.8264,,1.0000
FLD0188,2026-04-18,0.7372,0.4085,0.2763,0.7490,715.8203,0.0846,28.0000
FLD0189,2026-04-18,1.0000,0.4760,0.3290,0.8787,721.5005,0.1004,3.0000
FLD0196,2026-04-18,0.9571,0.4174,0.2855,0.6335,718.9916,0.0158,2.0000
FLD0202,2026-04-18,0.6111,0.5850,0.4077,1.3080,723.0239,0.1317,3.0000
FLD0205,2026-04-18,0.6709,0.6957,0.4804,1.7240,720.8553,,1.0000
FLD0207,2026-04-18,0.9231,0.3611,0.2633,0.5940,719.8154,0.0232,4.0000
FLD0209,2026-04-18,0.9500,0.4808,0.3149,0.8080,717.5818,0.0988,5.0000
FLD0212,2026-04-18,1.0000,0.6057,0.3299,0.7371,710.2526,,1.0000
FLD0214,2026-04-18,1.0000,0.5489,0.3662,0.9171,724.9144,0.0926,3.0000
FLD0219,2026-04-18,0.9200,0.5975,0.3579,0.8111,714.5433,0.1024,2.0000
FLD0220,2026-04-18,0.8889,0.5525,0.3475,0.7572,718.2670,0.0253,2.0000
FLD0221,2026-04-18,0.8333,0.3311,0.3282,1.2759,725.2849,,1.0000
FLD0222,2026-04-18,1.0000,0.6265,0.3715,1.0392,718.0756,0.0592,9.0000
FLD0223,2026-04-18,1.0000,0.5936,0.4478,1.5168,723.6995,,1.0000
FLD0226,2026-04-18,0.7700,0.4655,0.3151,0.7343,718.9645,0.0744,6.0000
FLD0227,2026-04-18,0.5375,0.7094,0.4702,1.4848,720.8060,0.0332,6.0000
FLD0228,2026-04-18,0.8372,0.5695,0.3800,1.0249,719.0843,0.0944,17.0000
FLD0229,2026-04-18,0.8947,0.6771,0.4119,1.2637,719.0889,0.1027,7.0000
FLD0230,2026-04-18,0.6364,0.2491,0.1658,0.3877,715.2354,,1.0000
FLD0231,2026-04-18,0.9327,0.4875,0.3153,0.7711,718.1828,0.0303,13.0000
FLD0235,2026-04-18,0.6395,0.4412,0.2983,0.9948,717.8978,0.0925,3.0000
FLD0238,2026-04-18,1.0000,0.2147,0.2407,0.6405,733.5248,,1.0000
FLD0242,2026-04-18,0.6733,0.6496,0.4291,1.2081,718.8251,,1.0000
FLD0244,2026-04-18,0.7561,0.7040,0.4377,1.2652,719.0340,0.0589,2.0000
FLD0245,2026-04-18,1.0000,0.6197,0.3622,0.8260,712.6487,0.0569,4.0000
FLD0246,2026-04-18,0.5161,0.6031,0.3997,1.3146,717.8154,0.0922,8.0000
FLD0247,2026-04-18,0.8359,0.4957,0.3333,0.8489,718.2146,0.0921,18.0000
FLD0248,2026-04-18,0.5733,0.5800,0.3587,0.8166,715.6145,0.0420,6.0000
FLD0251,2026-04-18,0.5931,0.6353,0.4221,1.2896,720.0225,0.1377,24.0000
FLD0252,2026-04-18,0.6699,0.8567,0.5733,2.3521,722.3936,0.0335,5.0000
FLD0254,2026-04-18,0.6721,0.7580,0.5050,1.6246,721.3731,0.0611,9.0000
FLD0256,2026-04-18,0.6444,0.3431,0.2226,0.4629,717.7328,0.1003,3.0000
FLD0257,2026-04-18,0.8889,0.4993,0.3078,0.7426,717.4967,0.0868,4.0000
FLD0258,2026-04-18,1.0000,0.4542,0.2684,0.6209,719.3360,0.0468,2.0000
FLD0259,2026-04-18,0.7641,0.3964,0.2667,0.6171,719.1132,0.1008,18.0000
FLD0264,2026-04-18,0.5372,0.7130,0.4647,1.5754,720.6367,0.0947,17.0000
FLD0266,2026-04-18,0.7910,0.4363,0.3039,0.8026,718.8071,0.0795,82.0000
FLD0267,2026-04-18,0.8722,0.6251,0.4236,1.4336,721.5466,0.0837,9.0000
FLD0278,2026-04-18,0.8423,0.5456,0.3660,1.0911,720.0417,0.1067,16.0000
FLD0279,2026-04-18,0.6146,0.5284,0.3490,1.0467,720.9439,0.1162,12.0000
FLD0280,2026-04-18,0.8067,0.6233,0.3990,1.2757,719.4646,0.0832,16.0000
FLD0281,2026-04-18,1.0000,0.6376,0.4081,1.2212,718.9397,0.0177,2.0000
FLD0282,2026-04-18,0.7351,0.5775,0.3987,1.3400,722.1672,0.0827,11.0000
FLD0283,2026-04-18,0.8653,0.4241,0.3037,0.8496,721.5760,0.0604,24.0000
FLD0284,2026-04-18,0.7101,0.4542,0.3026,0.8002,719.8680,0.0955,18.0000
FLD0286,2026-04-18,0.7204,0.6317,0.4159,1.2840,719.4426,,1.0000
FLD0291,2026-04-18,0.9859,0.5019,0.3400,0.7784,718.1096,,1.0000
FLD0292,2026-04-18,0.7255,0.7148,0.4582,1.3159,719.4644,0.0134,2.0000
FLD0293,2026-04-18,0.8864,0.8005,0.5252,1.8546,721.7928,0.0336,4.0000
FLD0294,2026-04-18,0.5417,0.6932,0.4396,1.1986,718.9201,0.0039,2.0000
FLD0295,2026-04-18,0.5152,0.7330,0.5249,1.8937,724.3329,,1.0000
FLD0297,2026-04-18,1.0000,0.7253,0.5157,1.9552,724.4509,0.0617,3.0000
FLD0298,2026-04-18,0.7761,0.5462,0.3726,0.9987,719.3359,0.0436,6.0000
FLD0300,2026-04-18,0.7232,0.5932,0.4004,1.3975,720.3357,0.1560,7.0000
FLD0301,2026-04-18,0.9845,0.5393,0.3500,1.0221,719.0024,0.1052,7.0000
FLD0302,2026-04-18,0.9953,0.5970,0.3944,1.2161,720.1236,0.0917,21.0000
FLD0303,2026-04-18,0.6115,0.6027,0.4076,1.4058,720.7751,0.1228,50.0000
FLD0304,2026-04-18,1.0000,0.6330,0.3912,1.1712,719.5216,0.0900,4.0000
FLD0307,2026-04-18,0.6667,0.7553,0.4971,1.7397,721.5256,0.0951,4.0000
FLD0308,2026-04-18,0.7037,0.6834,0.4439,1.7409,719.0887,0.1464,4.0000
FLD0309,2026-04-18,0.6042,0.6702,0.4590,1.7489,721.8839,0.1171,3.0000
FLD0310,2026-04-18,1.0000,0.4647,0.3509,0.8274,722.6698,,1.0000
FLD0311,2026-04-18,0.6742,0.7841,0.4815,1.6351,718.7592,0.0652,10.0000
FLD0313,2026-04-18,0.5000,0.6744,0.4138,1.1642,718.7825,0.0901,3.0000
FLD0314,2026-04-18,1.0000,0.5605,0.3675,0.8661,718.4575,0.0608,5.0000
FLD0316,2026-04-18,0.6048,0.6313,0.4268,1.4418,720.4560,0.1083,21.0000
FLD0318,2026-04-18,0.7595,0.5966,0.3802,1.2016,719.2078,0.1034,19.0000
FLD0322,2026-04-18,0.8028,0.6531,0.4258,1.2397,719.1300,0.0754,9.0000
FLD0325,2026-04-18,1.0000,0.5178,0.3277,0.8446,716.1462,0.0948,8.0000
FLD0326,2026-04-18,0.7815,0.7000,0.4498,1.4632,719.9897,0.0558,8.0000
FLD0327,2026-04-18,0.5633,0.5452,0.3798,1.2704,721.2869,0.1159,2.0000
FLD0330,2026-04-18,0.5586,0.5662,0.3593,1.0495,718.0449,0.0791,4.0000
FLD0334,2026-04-18,0.7209,0.2886,0.1744,0.3670,710.8887,0.0853,17.0000
FLD0335,2026-04-18,0.5175,0.7103,0.4455,1.3515,718.1159,0.0795,32.0000
FLD0336,2026-04-18,0.8783,0.6538,0.4094,1.1215,717.8826,0.1385,9.0000
FLD0337,2026-04-18,0.6000,0.2066,0.1173,0.2463,701.1844,,1.0000
FLD0338,2026-04-18,0.7163,0.4497,0.2817,0.6305,715.6232,0.0811,8.0000
FLD0339,2026-04-18,0.7105,0.5928,0.3441,0.8567,716.7737,0.1258,9.0000
FLD0345,2026-04-18,0.7657,0.5521,0.3723,0.9199,720.1075,0.0639,14.0000
FLD0346,2026-04-18,0.6667,0.7847,0.4744,1.3474,717.3778,0.0380,6.0000
FLD0348,2026-04-18,0.6585,0.2401,0.1681,0.3401,715.9608,0.0704,3.0000
FLD0353,2026-04-18,0.8224,0.3587,0.2384,0.5432,721.8435,0.0906,7.0000
FLD0356,2026-04-18,0.6884,0.3955,0.2740,0.6326,718.5252,0.1057,20.0000
FLD0357,2026-04-18,0.9865,0.3185,0.2220,0.4393,717.0990,0.0659,9.0000
FLD0358,2026-04-18,0.6667,0.2658,0.1853,0.4002,718.6585,0.0649,3.0000
FLD0359,2026-04-18,0.5556,0.1964,0.1959,0.4847,726.4810,,1.0000
FLD0360,2026-04-18,0.5556,0.3372,0.2423,0.5941,721.6212,0.1450,9.0000
FLD0361,2026-04-18,0.5600,0.3740,0.2738,0.7980,721.1875,0.1088,3.0000
FLD0362,2026-04-18,0.8167,0.6344,0.3809,1.0403,716.5845,0.0610,6.0000
FLD0363,2026-04-18,0.5556,0.6049,0.4022,1.2433,720.1341,0.0281,3.0000
FLD0365,2026-04-18,0.9500,0.6876,0.5106,1.8749,721.8994,0.0910,2.0000
FLD0367,2026-04-18,0.5337,0.6465,0.4329,1.3788,720.4257,0.1021,10.0000
FLD0368,2026-04-18,0.5400,0.7739,0.4826,1.6830,719.7556,0.0531,4.0000
FLD0374,2026-04-18,0.7063,0.3884,0.2565,0.6390,717.5494,0.1000,73.0000
FLD0377,2026-04-18,0.5909,0.4553,0.2360,0.6433,712.3202,,1.0000
FLD0385,2026-04-18,0.7376,0.6331,0.3979,1.0709,717.8568,0.0649,8.0000
FLD0388,2026-04-18,0.8000,0.4556,0.3161,0.8331,719.9784,,1.0000
FLD0390,2026-04-18,0.6221,0.7613,0.4595,1.5416,719.4405,0.0713,13.0000
FLD0391,2026-04-18,0.8862,0.8592,0.5900,2.7648,723.1231,0.1161,7.0000
FLD0392,2026-04-18,0.8388,0.5526,0.3598,1.1007,718.7194,0.1123,22.0000
FLD0402,2026-04-18,0.6574,0.5907,0.4162,1.6250,720.5658,0.0732,10.0000
FLD0403,2026-04-18,0.5217,0.8422,0.5577,2.5721,722.4241,0.0375,3.0000
FLD0404,2026-04-18,0.7619,0.7193,0.4607,1.7509,721.3152,0.0735,2.0000
FLD0405,2026-04-18,0.9500,0.7296,0.4329,1.4019,717.6109,0.0470,4.0000
FLD0408,2026-04-18,1.0000,0.7032,0.3700,1.2142,710.7735,,1.0000
FLD0421,2026-04-18,0.8519,0.7600,0.4966,1.7935,721.5452,0.0434,2.0000
FLD0423,2026-04-18,0.9000,0.5650,0.3602,0.9013,718.5434,,1.0000
FLD0426,2026-04-18,0.8392,0.6928,0.4240,1.3058,718.6654,0.0763,13.0000
FLD0427,2026-04-18,0.8512,0.6383,0.3891,1.1703,717.9190,0.0828,11.0000
FLD0428,2026-04-18,0.7182,0.6192,0.4018,1.1256,719.2153,0.0742,23.0000
FLD0431,2026-04-18,0.7671,0.7434,0.4462,1.2962,717.4208,0.0192,3.0000
FLD0432,2026-04-18,0.9811,0.4461,0.3011,0.7202,718.4200,0.1369,3.0000
FLD0433,2026-04-18,0.7727,0.6032,0.3795,1.0245,716.1724,0.0598,3.0000
FLD0434,2026-04-18,1.0000,0.6845,0.4426,1.4528,719.2846,,1.0000
FLD0436,2026-04-18,0.9640,0.5342,0.3418,0.7959,716.5731,0.0958,22.0000
FLD0440,2026-04-18,0.5859,0.6927,0.4713,1.5227,720.9555,0.0673,3.0000
FLD0441,2026-04-18,0.6923,0.8444,0.5051,1.7579,719.6152,,1.0000
FLD0442,2026-04-18,0.5781,0.5767,0.4203,1.3830,722.7268,0.0939,3.0000
FLD0443,2026-04-18,0.6566,0.8462,0.5502,2.0883,721.4245,0.0714,4.0000
FLD0449,2026-04-18,0.6329,0.8246,0.4980,1.5001,719.7650,,1.0000
FLD0458,2026-04-18,1.0000,0.4873,0.3185,0.6821,713.9435,0.0054,2.0000
FLD0459,2026-04-18,0.9545,0.4963,0.3133,0.7620,718.9121,0.0412,4.0000
FLD0460,2026-04-18,0.5385,0.7345,0.4888,1.5420,721.9505,,1.0000
FLD0463,2026-04-18,0.6154,0.7603,0.5110,1.5604,721.0746,0.0921,2.0000
FLD0466,2026-04-18,0.8000,0.5525,0.3536,0.9153,719.6619,0.0546,4.0000
FLD0467,2026-04-18,0.7857,0.7137,0.4404,1.3393,718.5202,0.0692,6.0000
FLD0468,2026-04-18,1.0000,0.5506,0.3711,0.9469,719.7445,0.0801,2.0000
FLD0003,2026-04-23,0.8659,0.5683,0.3655,0.8305,716.0041,0.0658,9.0000
FLD0006,2026-04-23,0.5942,0.7511,0.4553,1.3951,715.1908,0.0826,8.0000
FLD0007,2026-04-23,0.6844,0.5394,0.3395,0.8302,713.7899,0.1153,19.0000
FLD0021,2026-04-23,0.5946,0.8700,0.5441,2.0610,718.9803,0.0601,5.0000
FLD0022,2026-04-23,0.6074,0.7957,0.5196,1.9491,718.9992,0.0722,10.0000
FLD0033,2026-04-23,0.7984,0.6874,0.4189,1.0377,713.8028,0.0692,8.0000
FLD0038,2026-04-23,0.8824,0.5406,0.3397,0.7488,712.7100,0.0666,22.0000
FLD0040,2026-04-23,0.6318,0.6848,0.4280,1.1941,716.5190,0.0620,18.0000
FLD0041,2026-04-23,0.7311,0.5880,0.3707,0.8767,713.3578,0.0676,49.0000
FLD0042,2026-04-23,0.8478,0.6441,0.3780,0.9202,712.3871,0.0428,13.0000
FLD0043,2026-04-23,0.7011,0.6281,0.4000,1.0970,715.8873,0.0863,41.0000
FLD0049,2026-04-23,0.8372,0.5821,0.3663,0.8904,714.5924,0.0750,26.0000
FLD0050,2026-04-23,0.6184,0.6142,0.3743,0.9584,713.9130,0.0659,6.0000
FLD0051,2026-04-23,0.8889,0.4826,0.3756,0.9247,716.8471,0.0978,3.0000
FLD0053,2026-04-23,0.7778,0.4897,0.3194,0.8973,718.0945,0.0334,6.0000
FLD0054,2026-04-23,0.5160,0.6842,0.4350,1.2308,716.1182,0.0742,15.0000
FLD0056,2026-04-23,0.7126,0.6391,0.4086,0.9453,714.9676,0.0297,9.0000
FLD0057,2026-04-23,0.6364,0.7982,0.5024,1.4211,716.5347,0.0259,12.0000
FLD0059,2026-04-23,0.8647,0.6765,0.4245,1.0403,714.5470,0.0548,8.0000
FLD0060,2026-04-23,0.5714,0.7659,0.4883,1.5183,716.8558,0.0390,2.0000
FLD0061,2026-04-23,0.5948,0.8163,0.5007,1.4365,715.9448,0.0514,3.0000
FLD0070,2026-04-23,0.6875,0.6903,0.4401,1.3377,715.7241,0.0667,5.0000
FLD0071,2026-04-23,0.6093,0.5377,0.3613,0.8873,715.2610,0.0976,25.0000
FLD0072,2026-04-23,0.6452,0.6068,0.3643,0.9318,713.7019,0.0288,3.0000
FLD0073,2026-04-23,1.0000,0.5289,0.3010,0.6765,712.5561,0.0047,2.0000
FLD0076,2026-04-23,0.9333,0.6164,0.3681,0.8236,713.0237,0.0436,4.0000
FLD0079,2026-04-23,0.5375,0.7795,0.4895,1.7292,717.6117,0.0895,14.0000
FLD0080,2026-04-23,0.5185,0.6381,0.4068,1.1721,716.5659,0.0997,13.0000
FLD0082,2026-04-23,0.5663,0.6499,0.4115,1.1339,715.5597,0.1000,19.0000
FLD0102,2026-04-23,0.5000,0.5435,0.3513,0.7545,718.4424,,
FLD0114,2026-04-23,0.5128,0.7660,0.5421,2.0273,719.7862,,1.0000
FLD0128,2026-04-23,0.8904,0.6694,0.3702,0.8803,711.8343,0.0419,4.0000
FLD0129,2026-04-23,0.9231,0.6395,0.3649,0.9502,714.3554,0.0596,3.0000
FLD0130,2026-04-23,1.0000,0.5380,0.3175,0.6828,714.5703,0.0086,2.0000
FLD0134,2026-04-23,0.5084,0.6637,0.4266,1.1609,715.8316,0.0884,2.0000
FLD0135,2026-04-23,0.8750,0.6437,0.4022,0.9868,713.6064,0.0742,7.0000
FLD0139,2026-04-23,0.9286,0.6064,0.3312,0.8375,713.6785,,1.0000
FLD0141,2026-04-23,0.8571,0.7316,0.4830,1.6830,717.5770,,1.0000
FLD0150,2026-04-23,0.5163,0.5373,0.3421,0.8575,714.7317,0.0675,8.0000
FLD0151,2026-04-23,0.8078,0.6615,0.3750,1.0530,713.0871,0.0642,11.0000
FLD0152,2026-04-23,0.6894,0.7797,0.4766,1.5930,716.1148,0.1133,10.0000
FLD0155,2026-04-23,0.5294,0.6667,0.3987,1.1392,714.4455,0.0792,5.0000
FLD0159,2026-04-23,0.8396,0.6563,0.3910,1.1064,714.0733,0.0850,8.0000
FLD0162,2026-04-23,1.0000,0.5396,0.3356,0.6583,709.3211,,1.0000
FLD0167,2026-04-23,0.5049,0.5887,0.3607,0.9641,713.5560,0.0873,23.0000
FLD0168,2026-04-23,0.6037,0.5437,0.3358,0.9471,712.6351,0.1241,11.0000
FLD0169,2026-04-23,0.8000,0.6138,0.3608,0.8022,711.3982,,1.0000
FLD0175,2026-04-23,0.7633,0.5957,0.3584,0.8281,712.4237,0.0227,4.0000
FLD0177,2026-04-23,0.7561,0.3578,0.2092,0.5477,707.3859,0.1544,5.0000
FLD0178,2026-04-23,0.7143,0.2799,0.2429,0.5611,722.8786,,1.0000
FLD0182,2026-04-23,0.6962,0.8478,0.5473,2.0379,718.8664,0.0710,5.0000
FLD0188,2026-04-23,0.7347,0.5205,0.3192,0.7959,712.9204,0.0615,25.0000
FLD0189,2026-04-23,1.0000,0.6085,0.3988,1.0869,716.6311,0.0609,3.0000
FLD0196,2026-04-23,0.9571,0.5510,0.3458,0.7962,714.1671,0.0187,2.0000
FLD0198,2026-04-23,1.0000,0.1982,0.1327,0.2801,726.8654,,1.0000
FLD0202,2026-04-23,0.6111,0.6345,0.4102,1.2059,719.5115,0.0004,2.0000
FLD0207,2026-04-23,1.0000,0.4297,0.2654,0.5865,714.1074,0.0531,4.0000
FLD0208,2026-04-23,1.0000,0.4938,0.4301,1.2161,722.6501,0.1088,2.0000
FLD0209,2026-04-23,0.9000,0.5532,0.3372,0.9235,712.9738,0.1283,5.0000
FLD0212,2026-04-23,1.0000,0.6612,0.3637,0.8950,710.2835,,1.0000
FLD0214,2026-04-23,1.0000,0.5441,0.3560,0.7876,718.0688,0.0706,3.0000
FLD0219,2026-04-23,0.9600,0.6998,0.4166,0.9327,711.6060,0.0311,2.0000
FLD0220,2026-04-23,1.0000,0.6655,0.3737,0.8560,712.0808,0.0966,3.0000
FLD0221,2026-04-23,0.8333,0.3703,0.3093,0.9930,717.1949,,1.0000
FLD0222,2026-04-23,0.9211,0.6851,0.4058,1.1056,715.5161,0.0397,8.0000
FLD0223,2026-04-23,1.0000,0.6553,0.4702,1.6649,719.3658,,1.0000
FLD0226,2026-04-23,0.7300,0.5869,0.3705,0.8690,714.3145,0.0977,6.0000
FLD0228,2026-04-23,0.8062,0.6338,0.4051,1.0271,715.6842,0.0710,16.0000
FLD0229,2026-04-23,0.6842,0.7330,0.4283,1.2486,715.4571,0.0829,4.0000
FLD0230,2026-04-23,0.7273,0.2998,0.1454,0.3727,708.6702,,1.0000
FLD0231,2026-04-23,0.8830,0.5627,0.3398,0.7768,712.1336,0.0238,12.0000
FLD0235,2026-04-23,0.6628,0.5260,0.3326,1.0409,713.5969,0.0883,3.0000
FLD0238,2026-04-23,1.0000,0.2178,0.2395,0.5633,730.5443,,1.0000
FLD0242,2026-04-23,0.6337,0.6963,0.4438,1.1398,715.7589,,1.0000
FLD0244,2026-04-23,0.6341,0.7735,0.4792,1.3895,716.0749,,1.0000
FLD0245,2026-04-23,0.7692,0.7639,0.4215,1.0188,711.5463,0.0312,4.0000
FLD0247,2026-04-23,0.7937,0.5778,0.3694,0.8985,713.7935,0.0795,15.0000
FLD0248,2026-04-23,0.5822,0.6538,0.3955,0.9140,713.4574,0.0436,8.0000
FLD0250,2026-04-23,0.5700,0.7881,0.4890,1.6642,717.7434,0.1702,14.0000
FLD0251,2026-04-23,0.6017,0.6390,0.4143,1.1675,715.6167,0.1303,25.0000
FLD0252,2026-04-23,0.6172,0.8411,0.5487,1.9961,719.0769,0.0395,5.0000
FLD0253,2026-04-23,0.5405,0.4530,0.2674,0.7597,709.5349,0.1168,15.0000
FLD0254,2026-04-23,0.6311,0.7853,0.5102,1.5193,717.8649,0.0445,9.0000
FLD0256,2026-04-23,0.6889,0.3640,0.2461,0.4943,713.3095,0.0016,2.0000
FLD0257,2026-04-23,0.9074,0.5276,0.3159,0.7096,711.9230,0.0651,4.0000
FLD0258,2026-04-23,1.0000,0.5218,0.3033,0.6393,712.7235,0.0652,2.0000
FLD0259,2026-04-23,0.7958,0.4006,0.2725,0.5890,715.4585,0.0928,19.0000
FLD0263,2026-04-23,0.5128,0.7613,0.4721,1.4417,717.0136,0.0255,7.0000
FLD0266,2026-04-23,0.7791,0.5002,0.3123,0.7258,711.9477,0.0845,77.0000
FLD0268,2026-04-23,0.7024,0.5990,0.3746,1.0124,713.1046,0.0780,4.0000
FLD0270,2026-04-23,0.6434,0.6378,0.3920,1.1541,715.7381,0.1229,8.0000
FLD0277,2026-04-23,0.5093,0.6036,0.3806,1.0904,714.2685,0.0993,10.0000
FLD0278,2026-04-23,0.7344,0.6638,0.4073,1.1575,714.6354,0.0942,12.0000
FLD0279,2026-04-23,0.5868,0.5717,0.3511,0.9192,714.7749,0.0668,10.0000
FLD0280,2026-04-23,0.5266,0.6136,0.3851,1.1385,714.6880,0.0708,14.0000
FLD0281,2026-04-23,0.7692,0.8386,0.4893,1.6198,715.6343,0.0492,2.0000
FLD0284,2026-04-23,0.8866,0.5742,0.3463,0.8493,711.7181,0.0994,18.0000
FLD0286,2026-04-23,0.7419,0.6782,0.4221,1.2225,715.4372,,1.0000
FLD0291,2026-04-23,0.9859,0.5459,0.3691,0.8681,716.5524,,1.0000
FLD0293,2026-04-23,0.7955,0.8738,0.5535,2.0159,719.1490,0.0234,4.0000
FLD0294,2026-04-23,0.5000,0.7923,0.4730,1.3100,714.9377,0.0072,2.0000
FLD0298,2026-04-23,0.6418,0.6763,0.4384,1.2949,715.7256,0.0696,6.0000
FLD0300,2026-04-23,0.5709,0.4139,0.2882,0.6872,716.1943,0.0803,5.0000
FLD0301,2026-04-23,0.5855,0.5818,0.3622,1.0108,714.4718,0.1203,4.0000
FLD0304,2026-04-23,0.7826,0.6460,0.4024,1.1981,716.0306,0.0761,3.0000
FLD0310,2026-04-23,1.0000,0.6556,0.4442,1.2169,718.1915,,1.0000
FLD0314,2026-04-23,0.9853,0.7144,0.4391,1.0415,714.2036,0.0310,5.0000
FLD0318,2026-04-23,0.5405,0.6805,0.4109,1.2768,715.1532,0.1172,13.0000
FLD0322,2026-04-23,0.6056,0.7957,0.4755,1.4187,715.6182,0.0487,5.0000
FLD0325,2026-04-23,0.9487,0.6461,0.3756,1.0390,713.8032,0.0947,7.0000
FLD0326,2026-04-23,0.6556,0.7580,0.4716,1.5885,717.1808,0.0716,8.0000
FLD0330,2026-04-23,0.6126,0.6413,0.3651,0.9605,713.6202,0.0925,5.0000
FLD0333,2026-04-23,0.5400,0.7428,0.4554,1.2163,715.3080,0.0415,4.0000
FLD0334,2026-04-23,0.7907,0.3525,0.1942,0.3858,704.2348,0.0873,21.0000
FLD0336,2026-04-23,0.8609,0.6734,0.4014,1.0289,714.1794,0.1252,8.0000
FLD0337,2026-04-23,0.5333,0.2228,0.1087,0.2292,703.6964,,1.0000
FLD0338,2026-04-23,0.7376,0.4584,0.2732,0.5696,710.8568,0.1097,9.0000
FLD0339,2026-04-23,0.8158,0.5497,0.3267,0.6796,712.0067,0.1067,9.0000
FLD0340,2026-04-23,0.9000,0.4239,0.2722,0.5706,710.6847,0.1050,8.0000
FLD0341,2026-04-23,0.6311,0.4619,0.2566,0.6381,710.4005,0.1181,3.0000
FLD0343,2026-04-23,0.6170,0.6501,0.3787,0.8966,711.9241,0.0712,4.0000
FLD0345,2026-04-23,0.7657,0.5848,0.3774,0.8729,716.0322,0.0742,14.0000
FLD0346,2026-04-23,0.7436,0.8314,0.4686,1.2228,713.8189,0.0439,6.0000
FLD0348,2026-04-23,0.5935,0.2558,0.1730,0.3231,710.6457,0.0422,5.0000
FLD0351,2026-04-23,0.5533,0.3299,0.2830,0.4795,729.7483,0.0983,8.0000
FLD0353,2026-04-23,0.8505,0.3896,0.2613,0.5708,716.6483,0.1049,9.0000
FLD0354,2026-04-23,0.5256,0.3909,0.2669,0.6291,718.6993,0.0664,9.0000
FLD0356,2026-04-23,0.7271,0.4143,0.2716,0.5703,713.3883,0.1012,21.0000
FLD0357,2026-04-23,0.9595,0.3339,0.2295,0.4035,711.7326,0.0652,9.0000
FLD0360,2026-04-23,0.5889,0.3729,0.2462,0.5868,716.1970,0.1580,8.0000
FLD0361,2026-04-23,0.5733,0.3621,0.2643,0.6776,718.3069,0.1161,4.0000
FLD0362,2026-04-23,0.7667,0.6414,0.3941,1.0376,714.8833,0.0299,4.0000
FLD0363,2026-04-23,0.5444,0.6301,0.4007,1.1426,715.8805,0.0310,4.0000
FLD0374,2026-04-23,0.7536,0.4124,0.2515,0.5481,710.0660,0.1112,85.0000
FLD0375,2026-04-23,1.0000,0.3765,0.2660,0.4531,712.8542,0.0147,3.0000
FLD0377,2026-04-23,0.8864,0.3270,0.2394,0.4003,713.7863,0.0805,4.0000
FLD0378,2026-04-23,0.6265,0.3162,0.1988,0.4047,713.3426,0.0991,3.0000
FLD0379,2026-04-23,0.9070,0.4801,0.3025,0.6333,710.8221,0.0520,7.0000
FLD0381,2026-04-23,0.5962,0.5705,0.3421,0.8418,712.6470,0.0805,14.0000
FLD0382,2026-04-23,0.7679,0.4796,0.2928,0.6334,710.1474,0.0373,5.0000
FLD0383,2026-04-23,0.7938,0.3505,0.2218,0.4270,710.7265,0.0679,29.0000
FLD0388,2026-04-23,0.7000,0.6632,0.4436,1.3021,718.7497,,1.0000
FLD0392,2026-04-23,0.7407,0.5884,0.3594,0.9697,713.4986,0.0735,21.0000
FLD0397,2026-04-23,0.5155,0.5876,0.3598,1.1400,713.9920,0.0678,3.0000
FLD0402,2026-04-23,0.5370,0.6517,0.4126,1.4603,716.1591,0.1370,9.0000
FLD0405,2026-04-23,0.7750,0.7694,0.4455,1.3946,714.5139,0.0722,4.0000
FLD0421,2026-04-23,0.8148,0.8518,0.5160,1.7439,716.7993,0.0218,2.0000
FLD0423,2026-04-23,0.9000,0.6081,0.3879,0.9467,715.4420,,1.0000
FLD0426,2026-04-23,0.6853,0.7168,0.4348,1.3448,716.1033,0.0772,11.0000
FLD0427,2026-04-23,0.7851,0.6889,0.4021,1.0980,714.2961,0.0380,10.0000
FLD0428,2026-04-23,0.6233,0.7302,0.4489,1.3211,716.4808,0.0676,21.0000
FLD0432,2026-04-23,0.9623,0.4513,0.2981,0.6437,714.9599,0.1343,3.0000
FLD0433,2026-04-23,0.9545,0.6842,0.3888,1.0208,711.4382,0.0998,3.0000
FLD0434,2026-04-23,0.7714,0.8112,0.4808,1.4946,714.1836,,1.0000
FLD0436,2026-04-23,0.9551,0.5931,0.3682,0.8101,712.9769,0.0659,22.0000
FLD0442,2026-04-23,0.5938,0.6455,0.4159,1.2392,716.3889,0.0788,3.0000
FLD0443,2026-04-23,0.5960,0.8906,0.5629,2.1429,718.2602,0.0663,4.0000
FLD0449,2026-04-23,0.6709,0.8152,0.4920,1.3740,715.4817,,1.0000
FLD0458,2026-04-23,1.0000,0.4582,0.2980,0.6413,711.6154,0.0384,2.0000
FLD0459,2026-04-23,0.9545,0.5802,0.3374,0.8201,714.5574,0.0784,4.0000
FLD0466,2026-04-23,0.7333,0.5896,0.3861,1.0462,718.1283,0.0787,3.0000
FLD0467,2026-04-23,0.6786,0.7733,0.4563,1.3147,714.2545,0.0623,6.0000
FLD0468,2026-04-23,1.0000,0.6506,0.4002,1.1068,717.9078,0.0768,2.0000
FLD0002,2026-04-25,0.5155,0.6484,0.4479,1.5304,719.3205,0.0767,4.0000
FLD0003,2026-04-25,0.9390,0.5487,0.3601,0.8441,717.3679,0.0603,9.0000
FLD0004,2026-04-25,0.5556,0.5760,0.3358,0.9005,717.5448,0.1244,5.0000
FLD0005,2026-04-25,0.7797,0.7458,0.4733,1.5833,717.9424,0.1056,4.0000
FLD0006,2026-04-25,0.6957,0.7228,0.4679,1.5816,718.0333,0.0948,9.0000
FLD0007,2026-04-25,0.8074,0.5500,0.3556,0.9456,715.9795,0.1091,23.0000
FLD0010,2026-04-25,0.6205,0.7815,0.5068,1.6182,719.1028,0.0242,2.0000
FLD0021,2026-04-25,0.7568,0.8398,0.5437,2.1418,720.0928,0.0655,7.0000
FLD0022,2026-04-25,0.7333,0.7753,0.5221,1.9645,720.3498,0.0618,11.0000
FLD0030,2026-04-25,0.5678,0.7186,0.4794,1.5351,719.4436,0.0534,5.0000
FLD0033,2026-04-25,0.8915,0.6958,0.4272,1.1747,716.6033,0.0605,8.0000
FLD0038,2026-04-25,0.8992,0.5485,0.3466,0.8413,714.8178,0.0652,22.0000
FLD0040,2026-04-25,0.7297,0.6860,0.4393,1.3358,718.1336,0.0647,21.0000
FLD0041,2026-04-25,0.7660,0.5941,0.3808,1.0003,716.0279,0.0720,53.0000
FLD0042,2026-04-25,0.9239,0.6523,0.3931,1.0646,715.7642,0.0520,14.0000
FLD0043,2026-04-25,0.7704,0.6434,0.4193,1.2267,717.7268,0.0855,47.0000
FLD0045,2026-04-25,0.5444,0.7942,0.5353,2.0642,721.3165,0.2137,8.0000
FLD0049,2026-04-25,0.9023,0.5919,0.3808,0.9685,716.7982,0.0674,29.0000
FLD0050,2026-04-25,0.7105,0.6487,0.4175,1.2208,717.2751,0.1025,9.0000
FLD0051,2026-04-25,0.8889,0.4926,0.3769,1.0048,718.8994,0.0877,3.0000
FLD0053,2026-04-25,0.8000,0.5065,0.3402,0.9396,719.8695,0.0558,6.0000
FLD0054,2026-04-25,0.5408,0.7005,0.4475,1.3649,717.9894,0.0692,15.0000
FLD0056,2026-04-25,0.7087,0.6561,0.4225,1.1128,717.6980,0.0312,9.0000
FLD0057,2026-04-25,0.7305,0.7979,0.5134,1.6047,718.5585,0.0359,15.0000
FLD0058,2026-04-25,0.5391,0.7820,0.5184,1.7822,719.8897,0.0372,13.0000
FLD0059,2026-04-25,0.8647,0.6970,0.4470,1.2132,717.3310,0.0543,8.0000
FLD0061,2026-04-25,0.6121,0.8132,0.5140,1.6344,718.0937,0.0359,3.0000
FLD0068,2026-04-25,0.5248,0.7279,0.4907,1.7831,719.4144,0.0594,9.0000
FLD0070,2026-04-25,0.7750,0.6550,0.4364,1.2963,718.3485,0.0557,5.0000
FLD0071,2026-04-25,0.6202,0.5847,0.3910,1.0873,717.6212,0.1008,26.0000
FLD0072,2026-04-25,0.6532,0.6042,0.3712,1.0467,717.3054,0.0362,3.0000
FLD0073,2026-04-25,1.0000,0.5367,0.3120,0.7394,714.0935,0.0106,2.0000
FLD0074,2026-04-25,0.5634,0.5927,0.3868,1.1037,717.8636,,1.0000
FLD0076,2026-04-25,0.8889,0.6081,0.3705,0.8774,715.0397,0.0446,4.0000
FLD0079,2026-04-25,0.5152,0.8007,0.5157,1.9610,719.7710,0.0824,14.0000
FLD0080,2026-04-25,0.5486,0.6699,0.4423,1.4184,719.0997,0.1054,14.0000
FLD0082,2026-04-25,0.5723,0.6902,0.4416,1.3182,717.6153,0.0899,19.0000
FLD0102,2026-04-25,0.7174,0.6351,0.3927,1.1404,720.1183,,1.0000
FLD0114,2026-04-25,0.6410,0.7036,0.5109,1.8782,722.1460,,1.0000
FLD0128,2026-04-25,0.9863,0.6202,0.3581,0.9434,714.5167,0.0736,6.0000
FLD0129,2026-04-25,0.9231,0.6111,0.3748,1.0024,715.6839,0.0560,3.0000
FLD0130,2026-04-25,1.0000,0.5310,0.3238,0.7568,715.9156,0.0024,2.0000
FLD0134,2026-04-25,0.6872,0.6965,0.4524,1.3141,718.5706,0.1043,3.0000
FLD0135,2026-04-25,0.9437,0.6036,0.3898,0.9739,716.7174,0.0503,8.0000
FLD0139,2026-04-25,0.9286,0.5878,0.3383,0.8959,715.2810,,1.0000
FLD0141,2026-04-25,0.8571,0.7085,0.4826,1.7237,720.6406,,1.0000
FLD0143,2026-04-25,0.6634,0.7034,0.4663,1.6864,720.0156,0.0901,45.0000
FLD0150,2026-04-25,0.6247,0.5747,0.3727,1.0428,717.1272,0.1046,11.0000
FLD0151,2026-04-25,0.9304,0.6360,0.3821,1.1365,715.6331,0.0815,13.0000
FLD0152,2026-04-25,0.9472,0.7707,0.4832,1.7012,718.1934,0.1159,11.0000
FLD0155,2026-04-25,0.5829,0.6166,0.3920,1.1244,716.0927,0.0832,5.0000
FLD0156,2026-04-25,0.6092,0.6982,0.4442,1.5651,717.8992,0.0984,11.0000
FLD0158,2026-04-25,0.6879,0.6355,0.3852,1.1428,715.7198,0.1293,3.0000
FLD0159,2026-04-25,0.9572,0.6156,0.3779,1.0708,716.3502,0.0834,9.0000
FLD0161,2026-04-25,0.5116,0.7342,0.4719,1.5671,719.0796,0.0545,18.0000
FLD0162,2026-04-25,1.0000,0.5206,0.3210,0.6744,710.5668,,1.0000
FLD0163,2026-04-25,0.7805,0.7602,0.4521,1.2661,715.9259,0.0016,2.0000
FLD0166,2026-04-25,0.6484,0.7397,0.4728,1.5066,720.0923,0.1056,8.0000
FLD0167,2026-04-25,0.6196,0.5958,0.3796,1.1656,715.9385,0.1013,26.0000
FLD0168,2026-04-25,0.7166,0.5633,0.3611,1.1463,715.7148,0.1217,13.0000
FLD0169,2026-04-25,1.0000,0.5542,0.3246,0.8160,715.2748,,1.0000
FLD0173,2026-04-25,0.6034,0.6743,0.4143,1.2950,717.0052,0.0919,17.0000
FLD0175,2026-04-25,0.9510,0.6073,0.3772,1.0144,715.3163,0.0982,9.0000
FLD0176,2026-04-25,0.5435,0.4838,0.3011,0.9039,713.7305,0.1325,9.0000
FLD0177,2026-04-25,0.8963,0.3877,0.2285,0.6228,710.2966,0.1368,5.0000
FLD0178,2026-04-25,0.7143,0.3244,0.2379,0.6111,719.0039,,1.0000
FLD0179,2026-04-25,0.6848,0.7393,0.4767,1.7218,720.2542,0.0002,2.0000
FLD0180,2026-04-25,0.6800,0.7438,0.4616,1.3885,715.5225,,1.0000
FLD0182,2026-04-25,0.7975,0.8360,0.5635,2.2436,720.7553,0.0708,5.0000
FLD0184,2026-04-25,0.6061,0.7575,0.4709,1.5864,717.7266,0.0581,3.0000
FLD0185,2026-04-25,0.5250,0.8001,0.5128,1.8358,719.7054,,1.0000
FLD0188,2026-04-25,0.7897,0.5071,0.3208,0.8615,714.6325,0.0615,27.0000
FLD0189,2026-04-25,1.0000,0.5672,0.3865,1.0676,718.1183,0.0734,3.0000
FLD0196,2026-04-25,0.9714,0.5492,0.3510,0.8592,715.9997,0.0878,3.0000
FLD0197,2026-04-25,0.5085,0.6054,0.3693,1.1867,715.7770,0.1183,6.0000
FLD0198,2026-04-25,0.8000,0.2627,0.1977,0.4281,724.9256,,1.0000
FLD0202,2026-04-25,0.7778,0.6258,0.3972,1.2721,719.3806,0.1206,3.0000
FLD0203,2026-04-25,0.5404,0.6229,0.3970,1.2788,717.6893,0.1177,18.0000
FLD0205,2026-04-25,0.6203,0.7639,0.5138,1.8534,720.3144,,1.0000
FLD0207,2026-04-25,1.0000,0.4417,0.2954,0.6857,718.3450,0.0309,4.0000
FLD0208,2026-04-25,1.0000,0.5022,0.4390,1.3163,725.7415,0.1110,2.0000
FLD0209,2026-04-25,0.9500,0.5676,0.3614,1.0487,716.1237,0.1160,5.0000
FLD0212,2026-04-25,1.0000,0.6378,0.3667,0.9083,712.5200,,1.0000
FLD0214,2026-04-25,1.0000,0.5383,0.3745,0.8897,720.9657,0.0640,3.0000
FLD0219,2026-04-25,1.0000,0.6658,0.4023,0.9196,712.5553,0.0247,2.0000
FLD0220,2026-04-25,1.0000,0.6314,0.3761,0.9353,716.3004,0.1026,3.0000
FLD0221,2026-04-25,0.8333,0.3755,0.3274,1.0715,720.3137,,1.0000
FLD0222,2026-04-25,1.0000,0.6863,0.4097,1.1800,716.7095,0.0509,9.0000
FLD0223,2026-04-25,1.0000,0.6541,0.4731,1.6307,719.6242,,1.0000
FLD0226,2026-04-25,0.7800,0.5842,0.3687,0.9100,716.0661,0.0769,6.0000
FLD0228,2026-04-25,0.8295,0.6272,0.4122,1.1224,717.7299,0.0759,16.0000
FLD0229,2026-04-25,0.6842,0.7092,0.4368,1.3229,717.7991,0.0669,4.0000
FLD0230,2026-04-25,0.7273,0.3409,0.1787,0.4431,709.3964,,1.0000
FLD0231,2026-04-25,0.9444,0.5596,0.3481,0.8684,715.0582,0.0288,13.0000
FLD0235,2026-04-25,0.6860,0.5442,0.3650,1.2008,716.7003,0.0840,3.0000
FLD0238,2026-04-25,1.0000,0.2423,0.2575,0.6263,730.6006,,1.0000
FLD0240,2026-04-25,0.5122,0.8139,0.5696,2.1625,720.7358,0.0452,2.0000
FLD0242,2026-04-25,0.7426,0.7077,0.4591,1.3068,717.1872,0.0020,2.0000
FLD0244,2026-04-25,0.7317,0.7511,0.4796,1.4715,717.5318,0.0587,2.0000
FLD0245,2026-04-25,1.0000,0.6832,0.3877,0.9265,712.3060,0.0333,4.0000
FLD0246,2026-04-25,0.5430,0.6443,0.4258,1.2890,717.0388,0.0722,8.0000
FLD0247,2026-04-25,0.8531,0.5674,0.3687,0.9629,716.0700,0.0834,19.0000
FLD0248,2026-04-25,0.7378,0.6634,0.4038,1.0476,715.0930,0.0565,10.0000
FLD0250,2026-04-25,0.8328,0.7781,0.4944,1.7259,719.0498,0.1495,19.0000
FLD0251,2026-04-25,0.6619,0.6366,0.4181,1.2587,717.6142,0.1327,28.0000
FLD0252,2026-04-25,0.7033,0.8400,0.5689,2.2772,721.3735,0.0438,5.0000
FLD0253,2026-04-25,0.7135,0.5634,0.3441,1.2147,713.0822,0.1628,17.0000
FLD0254,2026-04-25,0.7459,0.7574,0.5025,1.6574,719.5594,0.0647,10.0000
FLD0256,2026-04-25,0.7556,0.4223,0.2635,0.5921,713.7478,0.1209,3.0000
FLD0257,2026-04-25,0.9815,0.5100,0.3086,0.7031,713.5990,0.0551,4.0000
FLD0258,2026-04-25,1.0000,0.5020,0.2843,0.6740,715.5976,0.1036,2.0000
FLD0259,2026-04-25,0.8345,0.4074,0.2744,0.6302,716.9511,0.1130,20.0000
FLD0263,2026-04-25,0.5153,0.7718,0.5047,1.7105,719.4539,0.0629,8.0000
FLD0266,2026-04-25,0.7904,0.5216,0.3266,0.8400,714.2801,0.0858,77.0000
FLD0268,2026-04-25,0.7463,0.6139,0.3886,1.1537,715.6980,0.0642,4.0000
FLD0270,2026-04-25,0.6250,0.7356,0.4619,1.6114,718.3497,0.1173,10.0000
FLD0277,2026-04-25,0.5327,0.6143,0.3948,1.2163,716.6359,0.0934,10.0000
FLD0278,2026-04-25,0.7635,0.6613,0.4037,1.2480,716.1863,0.0895,14.0000
FLD0279,2026-04-25,0.6354,0.5841,0.3615,0.9903,716.2872,0.0908,11.0000
FLD0280,2026-04-25,0.6016,0.6388,0.4071,1.2844,717.0039,0.0623,14.0000
FLD0281,2026-04-25,0.7692,0.8062,0.4994,1.8003,719.1114,0.0393,2.0000
FLD0284,2026-04-25,0.9454,0.5885,0.3481,0.9281,713.9446,0.0930,20.0000
FLD0285,2026-04-25,0.6731,0.8394,0.5132,1.6513,717.8154,,1.0000
FLD0286,2026-04-25,0.7849,0.6621,0.4317,1.3461,718.1777,,1.0000
FLD0288,2026-04-25,0.5327,0.7630,0.5091,1.6059,719.7351,,1.0000
FLD0290,2026-04-25,0.5087,0.7217,0.4689,1.6141,718.9821,0.0646,20.0000
FLD0291,2026-04-25,1.0000,0.5487,0.3716,0.9394,718.2486,,1.0000
FLD0292,2026-04-25,0.5882,0.7735,0.4680,1.3884,715.4787,0.0140,2.0000
FLD0293,2026-04-25,0.9545,0.8450,0.5597,2.0912,720.7287,0.0445,4.0000
FLD0294,2026-04-25,0.6111,0.7542,0.4647,1.3526,717.2212,0.0529,3.0000
FLD0297,2026-04-25,0.7407,0.8503,0.5816,2.3793,721.1033,0.0488,2.0000
FLD0298,2026-04-25,0.6866,0.6554,0.4440,1.3759,718.1977,0.0563,6.0000
FLD0300,2026-04-25,0.5744,0.4444,0.3130,0.8146,719.0635,0.0836,5.0000
FLD0301,2026-04-25,0.6943,0.5852,0.3694,1.0932,716.3357,0.1132,6.0000
FLD0302,2026-04-25,0.6186,0.6639,0.4255,1.4056,717.8092,0.1032,13.0000
FLD0303,2026-04-25,0.5170,0.6689,0.4311,1.4721,717.8673,0.1081,43.0000
FLD0304,2026-04-25,0.7826,0.6189,0.4015,1.2518,719.2192,0.0771,3.0000
FLD0307,2026-04-25,0.5143,0.8938,0.5722,2.2108,719.0023,0.0791,4.0000
FLD0310,2026-04-25,1.0000,0.5867,0.4136,1.1222,720.2312,,1.0000
FLD0311,2026-04-25,0.7135,0.7840,0.4849,1.6203,717.1333,0.0619,10.0000
FLD0313,2026-04-25,0.5385,0.7054,0.4403,1.3345,718.8373,0.1180,3.0000
FLD0314,2026-04-25,1.0000,0.6379,0.4098,1.0022,716.8003,0.0373,5.0000
FLD0316,2026-04-25,0.5607,0.6860,0.4513,1.5576,718.8975,0.0980,22.0000
FLD0318,2026-04-25,0.7730,0.7221,0.4258,1.3703,716.5890,0.0868,18.0000
FLD0322,2026-04-25,0.8592,0.7422,0.4720,1.5617,718.5230,0.0629,9.0000
FLD0325,2026-04-25,1.0000,0.5647,0.3581,0.9497,715.5220,0.0798,8.0000
FLD0326,2026-04-25,0.8940,0.7293,0.4640,1.5866,718.5332,0.0669,8.0000
FLD0327,2026-04-25,0.6203,0.6341,0.4283,1.5166,718.2233,0.1352,3.0000
FLD0328,2026-04-25,0.5243,0.5900,0.3552,1.1296,714.6595,0.1670,11.0000
FLD0330,2026-04-25,0.7297,0.6031,0.3654,1.0204,716.2329,0.0919,8.0000
FLD0333,2026-04-25,0.7400,0.7366,0.4524,1.3116,717.0423,0.0435,5.0000
FLD0334,2026-04-25,0.9302,0.3382,0.1917,0.4172,707.7983,0.0797,25.0000
FLD0335,2026-04-25,0.6634,0.7302,0.4504,1.3501,716.7419,0.0806,37.0000
FLD0336,2026-04-25,0.9652,0.6435,0.4049,1.1007,717.2571,0.1239,11.0000
FLD0337,2026-04-25,0.8000,0.2572,0.1225,0.2822,701.6875,0.0082,2.0000
FLD0338,2026-04-25,0.8936,0.4257,0.2544,0.5363,712.4365,0.0709,9.0000
FLD0339,2026-04-25,0.9013,0.4615,0.2873,0.6064,713.6256,0.0995,10.0000
FLD0340,2026-04-25,0.9857,0.4025,0.2529,0.5675,711.7101,0.0854,8.0000
FLD0341,2026-04-25,0.7787,0.4493,0.2575,0.6529,712.9150,0.0871,4.0000
FLD0343,2026-04-25,0.7362,0.6137,0.3642,0.9278,714.5404,0.0830,7.0000
FLD0345,2026-04-25,0.9179,0.5846,0.3792,0.9577,717.7478,0.0727,15.0000
FLD0346,2026-04-25,0.9744,0.7756,0.4607,1.2469,715.8871,0.0596,7.0000
FLD0348,2026-04-25,0.6667,0.2623,0.1711,0.3460,712.3516,0.0378,5.0000
FLD0351,2026-04-25,0.5584,0.3598,0.3030,0.5712,730.8755,0.0949,11.0000
FLD0352,2026-04-25,0.6359,0.4730,0.3249,1.0469,721.2322,0.1068,11.0000
FLD0353,2026-04-25,0.8972,0.3826,0.2507,0.5899,718.7112,0.0861,10.0000
FLD0354,2026-04-25,0.5641,0.3783,0.2649,0.7075,720.8069,0.0838,11.0000
FLD0356,2026-04-25,0.8289,0.4009,0.2666,0.5981,715.5296,0.1055,24.0000
FLD0357,2026-04-25,1.0000,0.3503,0.2350,0.4533,713.1933,0.0613,9.0000
FLD0358,2026-04-25,0.5926,0.2768,0.2170,0.4478,720.6510,0.0323,3.0000
FLD0359,2026-04-25,0.6667,0.2529,0.2220,0.5473,725.2729,0.1709,2.0000
FLD0360,2026-04-25,0.6444,0.3511,0.2390,0.6027,719.2970,0.1316,11.0000
FLD0361,2026-04-25,0.5867,0.4147,0.3052,0.8680,719.2566,0.1884,6.0000
FLD0362,2026-04-25,0.8000,0.6013,0.3779,1.0394,716.9001,0.0390,6.0000
FLD0363,2026-04-25,0.6000,0.6014,0.3931,1.1480,717.4339,0.0470,4.0000
FLD0367,2026-04-25,0.6241,0.6822,0.4463,1.4432,718.6925,0.0653,9.0000
FLD0374,2026-04-25,0.8273,0.4154,0.2649,0.6642,713.6289,0.1051,93.0000
FLD0375,2026-04-25,1.0000,0.3579,0.2640,0.5175,717.4724,0.0168,3.0000
FLD0377,2026-04-25,0.8977,0.3293,0.2350,0.4289,715.0283,0.0581,3.0000
FLD0378,2026-04-25,0.6944,0.3138,0.1990,0.4251,715.2536,0.1038,6.0000
FLD0379,2026-04-25,0.9767,0.4066,0.2618,0.5919,712.9858,0.0849,8.0000
FLD0380,2026-04-25,0.7600,0.6561,0.4212,1.3501,717.9280,0.1021,51.0000
FLD0381,2026-04-25,0.6309,0.5444,0.3475,0.9322,715.2022,0.0805,15.0000
FLD0382,2026-04-25,0.8214,0.4323,0.2847,0.6374,713.3321,0.0305,5.0000
FLD0383,2026-04-25,0.8268,0.3554,0.2285,0.4798,712.9480,0.0768,31.0000
FLD0384,2026-04-25,0.5079,0.7097,0.4500,1.3777,718.0367,0.0660,11.0000
FLD0385,2026-04-25,0.6742,0.7180,0.4363,1.3158,716.8014,0.0688,8.0000
FLD0388,2026-04-25,0.6667,0.6415,0.4356,1.3354,719.4981,,1.0000
FLD0392,2026-04-25,0.8481,0.5970,0.3798,1.1630,716.4440,0.0871,22.0000
FLD0397,2026-04-25,0.6082,0.5971,0.3787,1.3092,716.5960,0.0760,3.0000
FLD0402,2026-04-25,0.7130,0.6494,0.4169,1.4225,717.0633,0.1300,12.0000
FLD0403,2026-04-25,0.5217,0.8977,0.5754,2.5041,719.5773,0.0346,4.0000
FLD0404,2026-04-25,0.5714,0.7735,0.5363,2.0075,720.5586,,1.0000
FLD0405,2026-04-25,0.9250,0.6627,0.4024,1.2301,717.1288,0.0659,4.0000
FLD0408,2026-04-25,1.0000,0.7606,0.4075,1.3801,713.5356,,1.0000
FLD0414,2026-04-25,0.5462,0.7206,0.4731,1.5964,718.7175,0.0798,5.0000
FLD0421,2026-04-25,0.9630,0.7265,0.4739,1.5309,718.8223,0.0203,3.0000
FLD0423,2026-04-25,0.9000,0.6244,0.3977,1.0741,717.7023,,1.0000
FLD0426,2026-04-25,0.6923,0.7599,0.4600,1.5240,717.7939,0.0818,11.0000
FLD0427,2026-04-25,0.8182,0.7366,0.4467,1.4039,717.1321,0.0311,10.0000
FLD0428,2026-04-25,0.6233,0.7402,0.4654,1.4829,718.9643,0.0586,21.0000
FLD0431,2026-04-25,0.8356,0.7813,0.4683,1.4109,716.5746,0.0142,2.0000
FLD0432,2026-04-25,0.9811,0.4631,0.3078,0.7019,716.4371,0.1278,3.0000
FLD0433,2026-04-25,1.0000,0.6008,0.3633,0.9163,714.3098,0.1001,3.0000
FLD0434,2026-04-25,1.0000,0.7496,0.4675,1.5144,717.3055,,1.0000
FLD0436,2026-04-25,0.9753,0.5698,0.3643,0.8594,715.4245,0.0689,22.0000
FLD0437,2026-04-25,0.5899,0.8580,0.5311,1.8924,718.7916,0.0368,8.0000
FLD0441,2026-04-25,1.0000,0.8526,0.4791,1.5501,717.2215,,1.0000
FLD0442,2026-04-25,0.6875,0.6047,0.4156,1.2437,718.7449,0.0621,3.0000
FLD0443,2026-04-25,0.7071,0.8556,0.5675,2.3272,720.6915,0.0817,4.0000
FLD0446,2026-04-25,0.7188,0.9313,0.5588,2.2413,718.3279,0.0097,2.0000
FLD0449,2026-04-25,0.7975,0.7841,0.4866,1.4546,717.9164,,1.0000
FLD0458,2026-04-25,1.0000,0.4543,0.2748,0.6726,715.2954,0.0428,2.0000
FLD0459,2026-04-25,0.9545,0.5754,0.3680,0.9626,719.3108,0.0742,4.0000
FLD0463,2026-04-25,0.6154,0.7835,0.5395,1.8077,720.7638,0.1154,2.0000
FLD0466,2026-04-25,0.7333,0.5797,0.4012,1.1437,720.4783,0.0519,3.0000
FLD0467,2026-04-25,0.7857,0.7809,0.4828,1.5727,717.0075,0.0643,6.0000
FLD0468,2026-04-25,1.0000,0.6463,0.4409,1.2743,719.8586,0.0837,2.0000
FLD0002,2026-04-28,0.5031,0.6193,0.4355,1.5225,721.5816,0.0716,4.0000
FLD0003,2026-04-28,0.9390,0.5090,0.3426,0.7978,720.2966,0.0648,9.0000
FLD0004,2026-04-28,0.7037,0.5600,0.3391,0.9749,720.0290,0.1256,7.0000
FLD0005,2026-04-28,0.6441,0.6816,0.4397,1.4281,719.0881,0.0747,3.0000
FLD0006,2026-04-28,0.6667,0.7093,0.4532,1.5910,719.4065,0.1091,9.0000
FLD0007,2026-04-28,0.7623,0.5044,0.3309,0.8951,718.1509,0.1125,21.0000
FLD0010,2026-04-28,0.6051,0.7795,0.5188,1.7685,721.6737,0.0383,2.0000
FLD0021,2026-04-28,0.7703,0.7942,0.5214,1.9470,719.8813,0.0744,6.0000
FLD0022,2026-04-28,0.7926,0.7491,0.5123,2.0377,722.6311,0.0680,12.0000
FLD0030,2026-04-28,0.5593,0.7037,0.4719,1.5360,721.6890,0.0517,5.0000
FLD0033,2026-04-28,0.9457,0.6406,0.3969,1.0154,718.0393,0.0668,8.0000
FLD0034,2026-04-28,0.5833,0.8094,0.5137,1.7680,720.9973,0.0763,3.0000
FLD0038,2026-04-28,0.8992,0.4856,0.3138,0.7298,716.7728,0.0712,22.0000
FLD0040,2026-04-28,0.7534,0.6347,0.4169,1.2290,719.4380,0.0657,21.0000
FLD0041,2026-04-28,0.7447,0.5503,0.3572,0.9193,717.2481,0.0826,50.0000
FLD0042,2026-04-28,0.9457,0.6139,0.3792,0.9825,716.0383,0.0506,15.0000
FLD0043,2026-04-28,0.8261,0.6105,0.4019,1.1948,719.6180,0.0987,54.0000
FLD0045,2026-04-28,0.5858,0.7720,0.5172,1.9403,722.3545,0.2300,7.0000
FLD0049,2026-04-28,0.9256,0.5368,0.3563,0.9150,718.7025,0.0632,29.0000
FLD0050,2026-04-28,0.6842,0.5780,0.3799,1.0829,718.1894,0.1200,8.0000
FLD0051,2026-04-28,0.8889,0.4779,0.3596,1.0183,720.9830,0.0881,3.0000
FLD0053,2026-04-28,0.8000,0.4922,0.3187,0.9001,722.1729,0.0349,6.0000
FLD0054,2026-04-28,0.5743,0.6715,0.4385,1.3449,719.9808,0.0720,15.0000
FLD0056,2026-04-28,0.7441,0.6071,0.4000,1.0053,719.3286,0.0270,9.0000
FLD0057,2026-04-28,0.7370,0.7855,0.5053,1.5784,719.8340,0.0449,15.0000
FLD0058,2026-04-28,0.5469,0.7547,0.5086,1.7731,721.5492,0.0430,13.0000
FLD0059,2026-04-28,0.8986,0.6371,0.4206,1.1021,718.8159,0.0554,8.0000
FLD0060,2026-04-28,0.7143,0.7588,0.5034,1.6372,720.9226,0.0432,2.0000
FLD0061,2026-04-28,0.6983,0.7826,0.5006,1.5573,719.8800,0.0452,4.0000
FLD0066,2026-04-28,0.5414,0.7309,0.4606,1.5387,720.4535,0.0859,22.0000
FLD0068,2026-04-28,0.5248,0.7064,0.4742,1.7674,721.9711,0.0615,8.0000
FLD0069,2026-04-28,0.6857,0.7351,0.4814,1.7169,720.7331,0.1972,3.0000
FLD0070,2026-04-28,0.7750,0.5543,0.3841,1.0626,720.7084,0.0376,5.0000
FLD0071,2026-04-28,0.5956,0.5342,0.3651,0.9903,719.1408,0.1028,25.0000
FLD0072,2026-04-28,0.6694,0.5578,0.3482,0.9356,717.2313,0.0351,3.0000
FLD0073,2026-04-28,1.0000,0.4624,0.2823,0.6563,716.0810,0.0171,2.0000
FLD0074,2026-04-28,0.7324,0.6538,0.4133,1.3206,720.6801,0.1087,3.0000
FLD0076,2026-04-28,1.0000,0.5788,0.3514,0.8430,717.1425,0.0467,4.0000
FLD0078,2026-04-28,0.5657,0.7490,0.4825,1.5810,720.4564,0.0629,15.0000
FLD0079,2026-04-28,0.6045,0.7750,0.5122,1.9840,721.3894,0.1001,14.0000
FLD0080,2026-04-28,0.5926,0.6648,0.4400,1.4595,720.3187,0.1374,15.0000
FLD0082,2026-04-28,0.6416,0.6581,0.4337,1.3242,719.7550,0.0801,18.0000
FLD0083,2026-04-28,0.5064,0.7120,0.4237,1.3759,717.0828,0.0652,7.0000
FLD0087,2026-04-28,0.5043,0.7103,0.4781,1.7457,721.7540,0.0924,15.0000
FLD0102,2026-04-28,0.8696,0.6489,0.3997,1.1702,720.1054,,1.0000
FLD0114,2026-04-28,0.7949,0.6852,0.4911,1.7649,721.9937,,1.0000
FLD0127,2026-04-28,0.5024,0.6456,0.4013,1.3806,719.1475,0.1166,3.0000
FLD0128,2026-04-28,0.9863,0.5843,0.3489,0.9139,716.4804,0.0690,6.0000
FLD0129,2026-04-28,0.9231,0.5926,0.3590,1.0086,719.1736,0.0562,3.0000
FLD0130,2026-04-28,1.0000,0.5024,0.3025,0.6954,717.3178,0.0099,2.0000
FLD0134,2026-04-28,0.7430,0.6586,0.4445,1.3008,720.5185,0.1270,4.0000
FLD0135,2026-04-28,0.9500,0.5755,0.3836,0.9525,719.1031,0.0466,8.0000
FLD0139,2026-04-28,0.9286,0.5613,0.3248,0.8634,718.1625,,1.0000
FLD0141,2026-04-28,0.8571,0.7329,0.4660,1.5394,720.4893,0.0762,2.0000
FLD0143,2026-04-28,0.6750,0.6643,0.4520,1.6391,722.0872,0.0938,45.0000
FLD0149,2026-04-28,0.5100,0.7340,0.4633,1.5819,719.0671,0.0955,8.0000
FLD0150,2026-04-28,0.6443,0.5454,0.3544,1.0050,719.1689,0.0972,12.0000
FLD0151,2026-04-28,0.9554,0.6113,0.3680,1.0896,717.3608,0.0821,13.0000
FLD0152,2026-04-28,0.9565,0.7313,0.4647,1.6328,719.8112,0.1236,11.0000
FLD0155,2026-04-28,0.5936,0.5994,0.3879,1.1577,718.4400,0.0713,5.0000
FLD0157,2026-04-28,0.8000,0.9504,0.5835,2.4064,720.7001,,1.0000
FLD0158,2026-04-28,0.7092,0.6128,0.3689,1.1057,717.4180,0.1297,3.0000
FLD0159,2026-04-28,0.9572,0.5719,0.3584,0.9909,717.6277,0.0925,9.0000
FLD0161,2026-04-28,0.5372,0.7075,0.4602,1.5307,720.7674,0.0636,18.0000
FLD0162,2026-04-28,1.0000,0.4493,0.3127,0.6829,717.9421,,1.0000
FLD0163,2026-04-28,0.9756,0.7138,0.4306,1.2188,719.1818,0.0161,2.0000
FLD0166,2026-04-28,0.5781,0.7274,0.4611,1.5010,720.7088,0.1068,7.0000
FLD0167,2026-04-28,0.6255,0.5765,0.3727,1.1742,718.0717,0.1225,26.0000
FLD0168,2026-04-28,0.7166,0.5327,0.3478,1.1029,717.3872,0.1260,13.0000
FLD0169,2026-04-28,0.8000,0.5087,0.3206,0.8275,720.8114,,1.0000
FLD0173,2026-04-28,0.6201,0.6490,0.4014,1.2176,719.0585,0.0879,18.0000
FLD0175,2026-04-28,0.9510,0.5620,0.3469,0.8910,716.2189,0.0992,9.0000
FLD0176,2026-04-28,0.5507,0.4415,0.2792,0.7983,715.1584,0.1585,10.0000
FLD0177,2026-04-28,0.8476,0.3356,0.2089,0.5933,712.2337,0.1365,5.0000
FLD0178,2026-04-28,0.8571,0.2915,0.2148,0.4565,714.9351,,1.0000
FLD0179,2026-04-28,0.7174,0.7109,0.4727,1.6392,722.1242,0.0090,2.0000
FLD0180,2026-04-28,0.6800,0.6860,0.4376,1.3780,720.3614,,1.0000
FLD0182,2026-04-28,0.7215,0.8232,0.5589,2.3038,722.0481,0.0845,5.0000
FLD0184,2026-04-28,0.6515,0.7327,0.4570,1.5795,719.0506,0.0729,3.0000
FLD0188,2026-04-28,0.7910,0.4673,0.3020,0.8110,717.2680,0.0727,27.0000
FLD0189,2026-04-28,1.0000,0.5537,0.3797,1.0907,721.8789,0.0687,3.0000
FLD0196,2026-04-28,0.9714,0.4851,0.3181,0.7443,717.4407,0.0312,2.0000
FLD0198,2026-04-28,0.8000,0.1972,0.1557,0.3511,728.1648,,1.0000
FLD0202,2026-04-28,0.7222,0.6035,0.4117,1.4362,721.0090,0.1421,3.0000
FLD0203,2026-04-28,0.5447,0.5996,0.3968,1.2932,720.7640,0.1306,20.0000
FLD0205,2026-04-28,0.6709,0.7507,0.5086,1.8697,721.7517,,1.0000
FLD0207,2026-04-28,1.0000,0.4081,0.2773,0.6460,720.7419,0.0400,4.0000
FLD0208,2026-04-28,1.0000,0.4910,0.3876,1.1283,726.3982,0.1275,2.0000
FLD0209,2026-04-28,0.9500,0.5279,0.3481,0.9839,718.5742,0.1016,5.0000
FLD0212,2026-04-28,1.0000,0.6037,0.3655,0.9559,715.7867,,1.0000
FLD0214,2026-04-28,1.0000,0.5383,0.3422,0.7725,716.8470,0.0556,3.0000
FLD0219,2026-04-28,1.0000,0.6216,0.3756,0.8903,714.7365,0.0457,2.0000
FLD0220,2026-04-28,1.0000,0.5981,0.3432,0.7719,714.7942,0.1088,3.0000
FLD0221,2026-04-28,0.8333,0.3873,0.3136,1.1713,719.6924,,1.0000
FLD0222,2026-04-28,1.0000,0.6497,0.3972,1.1321,718.9572,0.0505,9.0000
FLD0223,2026-04-28,1.0000,0.6286,0.4517,1.6233,722.1902,,1.0000
FLD0226,2026-04-28,0.8200,0.5315,0.3477,0.8310,718.8458,0.1162,8.0000
FLD0228,2026-04-28,0.8605,0.6102,0.4028,1.1020,719.3174,0.0855,17.0000
FLD0229,2026-04-28,0.7368,0.6835,0.4242,1.2925,719.3367,0.0873,5.0000
FLD0230,2026-04-28,0.7273,0.2648,0.1518,0.4083,714.5239,,1.0000
FLD0231,2026-04-28,0.9357,0.5199,0.3302,0.8418,717.0956,0.0718,14.0000
FLD0235,2026-04-28,0.6744,0.5189,0.3419,1.1639,718.0473,0.1007,4.0000
FLD0238,2026-04-28,1.0000,0.2668,0.2552,0.6604,731.4344,,1.0000
FLD0240,2026-04-28,0.5610,0.7865,0.5635,2.1825,722.3739,0.0340,2.0000
FLD0242,2026-04-28,0.6832,0.6448,0.4340,1.1944,719.7528,,1.0000
FLD0244,2026-04-28,0.7805,0.7294,0.4623,1.4390,719.5486,0.0663,2.0000
FLD0245,2026-04-28,1.0000,0.6386,0.3694,0.8608,713.3208,0.0492,4.0000
FLD0246,2026-04-28,0.5484,0.6157,0.4065,1.2776,718.8610,0.0863,9.0000
FLD0247,2026-04-28,0.8609,0.5286,0.3518,0.9155,718.3446,0.0910,18.0000
FLD0248,2026-04-28,0.7511,0.6338,0.3900,1.0422,717.4777,0.0680,10.0000
FLD0250,2026-04-28,0.8669,0.7318,0.4664,1.5583,719.9103,0.1504,18.0000
FLD0251,2026-04-28,0.6562,0.6270,0.4160,1.2913,719.8338,0.1337,25.0000
FLD0252,2026-04-28,0.6029,0.8336,0.5779,2.3645,722.9345,0.0476,5.0000
FLD0253,2026-04-28,0.6162,0.5674,0.3531,1.2863,716.6184,0.1692,14.0000
FLD0254,2026-04-28,0.7077,0.7338,0.4867,1.5616,721.5159,0.0681,10.0000
FLD0256,2026-04-28,0.7037,0.3721,0.2370,0.5201,715.7603,0.0163,2.0000
FLD0257,2026-04-28,0.9815,0.4595,0.2776,0.6346,716.1067,0.0515,4.0000
FLD0258,2026-04-28,1.0000,0.4488,0.2704,0.6000,716.1952,0.0881,2.0000
FLD0259,2026-04-28,0.7535,0.3883,0.2617,0.5968,718.4203,0.1084,21.0000
FLD0263,2026-04-28,0.5128,0.7599,0.4996,1.7183,720.5074,0.0299,7.0000
FLD0265,2026-04-28,0.5363,0.7300,0.4632,1.5720,719.3780,0.1176,26.0000
FLD0266,2026-04-28,0.8112,0.4666,0.3043,0.7754,716.7388,0.0898,79.0000
FLD0268,2026-04-28,0.7512,0.5478,0.3611,1.0645,717.4705,0.0720,4.0000
FLD0270,2026-04-28,0.6581,0.7115,0.4493,1.5287,720.4255,0.1148,11.0000
FLD0277,2026-04-28,0.5537,0.5680,0.3763,1.1548,718.5519,0.0978,10.0000
FLD0278,2026-04-28,0.8465,0.6140,0.3864,1.1842,718.4760,0.0985,17.0000
FLD0279,2026-04-28,0.6042,0.5795,0.3622,1.1397,718.8956,0.1270,12.0000
FLD0280,2026-04-28,0.6252,0.6067,0.3892,1.2629,718.5819,0.0662,13.0000
FLD0281,2026-04-28,0.7308,0.7918,0.4943,1.7436,718.7638,0.0412,2.0000
FLD0284,2026-04-28,0.9244,0.5172,0.3158,0.8177,715.4388,0.1019,21.0000
FLD0285,2026-04-28,0.6731,0.8331,0.5002,1.5915,718.6150,,1.0000
FLD0286,2026-04-28,0.7742,0.6338,0.4182,1.3099,719.9128,,1.0000
FLD0288,2026-04-28,0.5140,0.7572,0.5075,1.6230,721.7919,,1.0000
FLD0290,2026-04-28,0.5029,0.7013,0.4636,1.6372,721.1876,0.0784,20.0000
FLD0291,2026-04-28,0.9859,0.5173,0.3624,0.9201,720.2895,,1.0000
FLD0292,2026-04-28,0.5882,0.7776,0.4539,1.4501,717.2138,0.0343,2.0000
FLD0293,2026-04-28,0.9318,0.8610,0.5703,2.2356,722.4747,0.0443,4.0000
FLD0294,2026-04-28,0.6250,0.7424,0.4699,1.4071,719.2139,0.0081,2.0000
FLD0297,2026-04-28,0.8889,0.8325,0.5793,2.5225,724.1385,0.0327,3.0000
FLD0298,2026-04-28,0.6866,0.6202,0.4294,1.3467,719.6635,0.0567,6.0000
FLD0300,2026-04-28,0.6055,0.4317,0.3048,0.8651,720.2237,0.0966,5.0000
FLD0301,2026-04-28,0.7409,0.5462,0.3622,1.1356,720.2953,0.1180,7.0000
FLD0302,2026-04-28,0.6791,0.6533,0.4200,1.4046,719.1014,0.1190,15.0000
FLD0303,2026-04-28,0.5326,0.6303,0.4204,1.4648,720.3431,0.1124,46.0000
FLD0304,2026-04-28,0.7826,0.5867,0.3962,1.2735,720.4287,0.0816,3.0000
FLD0310,2026-04-28,1.0000,0.5614,0.4025,1.0501,722.3697,,1.0000
FLD0311,2026-04-28,0.7360,0.7601,0.4776,1.6507,719.9430,0.0580,10.0000
FLD0313,2026-04-28,0.5385,0.6732,0.4336,1.2653,719.1419,0.1130,3.0000
FLD0314,2026-04-28,1.0000,0.6137,0.3988,0.9812,718.3103,0.0536,5.0000
FLD0316,2026-04-28,0.5919,0.6549,0.4395,1.5472,721.1603,0.1115,23.0000
FLD0318,2026-04-28,0.8811,0.7068,0.4161,1.3532,718.0765,0.0895,18.0000
FLD0322,2026-04-28,0.8873,0.7109,0.4631,1.5455,720.1132,0.0828,10.0000
FLD0325,2026-04-28,1.0000,0.5361,0.3405,0.9153,717.5977,0.0892,8.0000
FLD0326,2026-04-28,0.8609,0.7310,0.4734,1.7422,720.2876,0.0796,8.0000
FLD0327,2026-04-28,0.5886,0.5888,0.4147,1.5006,720.8509,0.1286,3.0000
FLD0328,2026-04-28,0.5142,0.5642,0.3394,1.1120,716.0533,0.1930,12.0000
FLD0330,2026-04-28,0.7117,0.5993,0.3549,1.0035,716.5632,0.0942,7.0000
FLD0333,2026-04-28,0.7500,0.7360,0.4496,1.3386,718.4079,0.0295,5.0000
FLD0334,2026-04-28,0.8760,0.3039,0.1782,0.3925,710.4307,0.0814,24.0000
FLD0335,2026-04-28,0.6654,0.7174,0.4420,1.3342,718.2736,0.0802,38.0000
FLD0336,2026-04-28,0.9217,0.6313,0.3997,1.0800,718.1579,0.0858,10.0000
FLD0337,2026-04-28,0.6667,0.1918,0.1026,0.2471,705.3405,0.0129,3.0000
FLD0338,2026-04-28,0.7376,0.3704,0.2367,0.5029,716.7742,0.0773,8.0000
FLD0339,2026-04-28,0.7632,0.4299,0.2716,0.5956,716.3436,0.0924,8.0000
FLD0340,2026-04-28,0.9000,0.3666,0.2334,0.5258,715.9133,0.0729,8.0000
FLD0341,2026-04-28,0.6885,0.4467,0.2594,0.6687,715.1566,0.0827,4.0000
FLD0343,2026-04-28,0.7447,0.5796,0.3511,0.8878,715.9203,0.0820,7.0000
FLD0345,2026-04-28,0.8937,0.5516,0.3628,0.8983,720.0288,0.0683,13.0000
FLD0346,2026-04-28,0.9231,0.7315,0.4498,1.2154,718.1418,0.0455,6.0000
FLD0348,2026-04-28,0.5122,0.2149,0.1550,0.3065,718.4966,0.0489,3.0000
FLD0352,2026-04-28,0.5631,0.5309,0.3705,1.3148,722.6450,0.1177,8.0000
FLD0353,2026-04-28,0.8037,0.3415,0.2340,0.5267,719.9857,0.1051,6.0000
FLD0356,2026-04-28,0.7454,0.4027,0.2670,0.6083,718.2173,0.0993,23.0000
FLD0357,2026-04-28,0.9730,0.3088,0.2113,0.4108,715.9982,0.0601,9.0000
FLD0360,2026-04-28,0.5444,0.3471,0.2469,0.6141,720.4664,0.1191,9.0000
FLD0361,2026-04-28,0.5200,0.3969,0.2955,0.8463,722.4707,0.1938,3.0000
FLD0362,2026-04-28,0.8667,0.5832,0.3691,1.0148,717.8874,0.0712,7.0000
FLD0363,2026-04-28,0.5778,0.5616,0.3820,1.1117,720.5094,0.0542,4.0000
FLD0365,2026-04-28,0.5000,0.7444,0.5466,1.9953,728.4915,,1.0000
FLD0367,2026-04-28,0.6036,0.6346,0.4255,1.3653,720.4488,0.0973,9.0000
FLD0368,2026-04-28,0.5800,0.7907,0.4851,1.7011,720.2368,0.0564,5.0000
FLD0374,2026-04-28,0.7899,0.3814,0.2443,0.6158,715.0801,0.1077,87.0000
FLD0375,2026-04-28,1.0000,0.3240,0.2466,0.4615,720.5651,0.0269,3.0000
FLD0377,2026-04-28,0.8409,0.2780,0.2124,0.4443,719.6092,0.0496,4.0000
FLD0378,2026-04-28,0.5556,0.2868,0.1909,0.4307,717.0585,0.1401,6.0000
FLD0379,2026-04-28,0.9535,0.3741,0.2486,0.5731,715.7452,0.0821,8.0000
FLD0380,2026-04-28,0.7313,0.6456,0.4142,1.3646,719.2712,0.1032,49.0000
FLD0381,2026-04-28,0.6120,0.5278,0.3371,0.9292,717.8531,0.0889,14.0000
FLD0382,2026-04-28,0.6726,0.4283,0.2785,0.6162,714.0643,0.0291,5.0000
FLD0383,2026-04-28,0.7691,0.3295,0.2099,0.4398,713.8373,0.0492,29.0000
FLD0384,2026-04-28,0.5602,0.7011,0.4387,1.3615,719.3687,0.0622,11.0000
FLD0385,2026-04-28,0.7240,0.6784,0.4242,1.2533,718.6807,0.0690,9.0000
FLD0388,2026-04-28,0.7000,0.6169,0.4234,1.2584,722.3953,,1.0000
FLD0392,2026-04-28,0.7687,0.5842,0.3773,1.2148,718.6664,0.1081,21.0000
FLD0396,2026-04-28,0.5371,0.6878,0.4471,1.4354,720.1719,0.0603,7.0000
FLD0397,2026-04-28,0.6701,0.6063,0.3954,1.4618,719.2314,0.1445,4.0000
FLD0402,2026-04-28,0.6852,0.5974,0.4021,1.5141,720.2170,0.1199,10.0000
FLD0403,2026-04-28,0.6087,0.9014,0.5748,2.7779,721.8477,0.0408,4.0000
FLD0404,2026-04-28,0.5238,0.7963,0.5412,2.3818,724.5364,,1.0000
FLD0405,2026-04-28,0.9750,0.6241,0.3947,1.1404,718.5768,0.0453,4.0000
FLD0408,2026-04-28,1.0000,0.7519,0.4277,1.5630,717.5657,,1.0000
FLD0414,2026-04-28,0.5798,0.6793,0.4627,1.5682,721.3456,0.0704,4.0000
FLD0421,2026-04-28,1.0000,0.6615,0.4565,1.5082,722.2882,0.0069,3.0000
FLD0423,2026-04-28,0.9000,0.5542,0.3726,0.9288,719.6079,,1.0000
FLD0426,2026-04-28,0.8811,0.7155,0.4403,1.4051,719.4870,0.0729,13.0000
FLD0427,2026-04-28,0.9091,0.7010,0.4312,1.3589,718.6261,0.0726,12.0000
FLD0428,2026-04-28,0.7480,0.6815,0.4388,1.3520,720.5699,0.0653,27.0000
FLD0431,2026-04-28,0.9726,0.7308,0.4329,1.2107,716.7588,0.0149,3.0000
FLD0432,2026-04-28,1.0000,0.4349,0.2909,0.6372,717.1733,0.1281,3.0000
FLD0433,2026-04-28,1.0000,0.4965,0.3142,0.7615,715.6835,0.1102,3.0000
FLD0434,2026-04-28,1.0000,0.5689,0.4067,1.2060,720.8522,,1.0000
FLD0436,2026-04-28,0.9708,0.5265,0.3407,0.7770,716.4524,0.0810,22.0000
FLD0437,2026-04-28,0.6461,0.8411,0.5343,1.9697,720.0345,0.0384,8.0000
FLD0440,2026-04-28,0.5051,0.6918,0.4814,1.5949,721.3410,0.0202,2.0000
FLD0441,2026-04-28,1.0000,0.7806,0.4543,1.3938,718.2808,,1.0000
FLD0442,2026-04-28,0.6875,0.5860,0.4090,1.2367,720.7561,0.0696,3.0000
FLD0443,2026-04-28,0.6970,0.8541,0.5658,2.3200,721.4671,0.0831,4.0000
FLD0446,2026-04-28,0.9375,0.8472,0.5377,2.1202,720.0801,0.0023,2.0000
FLD0449,2026-04-28,0.8101,0.7542,0.4790,1.4317,720.3828,,1.0000
FLD0458,2026-04-28,1.0000,0.3931,0.2740,0.6494,718.3818,0.0255,2.0000
FLD0459,2026-04-28,0.9545,0.5083,0.3221,0.8244,719.8776,0.0675,4.0000
FLD0460,2026-04-28,0.5385,0.7580,0.5029,1.6168,721.9573,,1.0000
FLD0463,2026-04-28,0.6154,0.7556,0.4872,1.4073,717.8318,0.1004,2.0000
FLD0466,2026-04-28,0.8000,0.5465,0.3532,0.9086,719.4629,0.0318,4.0000
FLD0467,2026-04-28,0.8214,0.7155,0.4631,1.4936,719.4621,0.0521,6.0000
FLD0468,2026-04-28,1.0000,0.6023,0.4148,1.1763,722.4525,0.0717,2.0000
FLD0003,2026-05-03,0.9390,0.4816,0.3004,0.5877,713.6929,0.0738,9.0000
FLD0004,2026-05-03,0.5185,0.4523,0.2717,0.6720,720.1808,0.1345,5.0000
FLD0005,2026-05-03,0.6441,0.6716,0.3965,1.1198,713.3074,0.1122,4.0000
FLD0006,2026-05-03,0.5556,0.6714,0.4056,1.1999,714.8959,0.0989,8.0000
FLD0007,2026-05-03,0.6803,0.4521,0.2841,0.6435,713.4573,0.1156,20.0000
FLD0010,2026-05-03,0.5026,0.7797,0.4934,1.3794,716.7803,,1.0000
FLD0021,2026-05-03,0.6622,0.8144,0.5151,1.8290,717.2914,0.0493,5.0000
FLD0022,2026-05-03,0.7259,0.7469,0.4914,1.7634,718.6502,0.0638,11.0000
FLD0030,2026-05-03,0.5085,0.6756,0.4318,1.2471,717.3253,0.0717,5.0000
FLD0033,2026-05-03,0.7519,0.6084,0.3690,0.8235,712.0799,0.0718,8.0000
FLD0038,2026-05-03,0.8151,0.4473,0.2711,0.5436,710.6422,0.0862,23.0000
FLD0040,2026-05-03,0.6419,0.6162,0.3910,1.0546,716.5318,0.0710,18.0000
FLD0041,2026-05-03,0.6766,0.5082,0.3152,0.6907,711.5616,0.0839,49.0000
FLD0042,2026-05-03,0.8913,0.5770,0.3278,0.7315,710.1559,0.0581,14.0000
FLD0043,2026-05-03,0.7446,0.5548,0.3475,0.8747,714.4732,0.0878,44.0000
FLD0045,2026-05-03,0.5266,0.7912,0.4926,1.6740,718.4965,0.1884,6.0000
FLD0049,2026-05-03,0.8651,0.5021,0.3151,0.6739,713.3609,0.0617,27.0000
FLD0050,2026-05-03,0.6579,0.5071,0.3053,0.7329,712.3350,0.1048,7.0000
FLD0051,2026-05-03,0.7778,0.4644,0.3185,0.6739,711.3161,0.0885,2.0000
FLD0053,2026-05-03,0.6889,0.4507,0.2799,0.7027,715.5860,0.0684,6.0000
FLD0054,2026-05-03,0.5364,0.6503,0.3976,1.0518,715.3131,0.0693,16.0000
FLD0056,2026-05-03,0.7283,0.5630,0.3569,0.7707,714.7834,0.0377,9.0000
FLD0057,2026-05-03,0.6948,0.7594,0.4610,1.1893,715.2072,0.0370,14.0000
FLD0058,2026-05-03,0.5234,0.7374,0.4662,1.4101,717.0839,0.0432,12.0000
FLD0059,2026-05-03,0.8841,0.5977,0.3704,0.8052,713.1760,0.0557,8.0000
FLD0060,2026-05-03,0.6786,0.7375,0.4562,1.2964,715.3795,0.0502,2.0000
FLD0061,2026-05-03,0.6638,0.7736,0.4752,1.2864,715.8846,0.0582,4.0000
FLD0066,2026-05-03,0.5106,0.6825,0.4091,1.1696,715.6126,0.0868,20.0000
FLD0070,2026-05-03,0.7750,0.5162,0.3503,0.8763,715.9111,0.0429,5.0000
FLD0071,2026-05-03,0.5628,0.4891,0.3218,0.7688,713.9535,0.1201,25.0000
FLD0072,2026-05-03,0.6532,0.5063,0.2889,0.6827,712.4993,0.0385,3.0000
FLD0073,2026-05-03,1.0000,0.4287,0.2342,0.5071,711.5935,0.0229,2.0000
FLD0076,2026-05-03,0.8667,0.5234,0.3184,0.6525,712.0216,0.0766,4.0000
FLD0079,2026-05-03,0.5639,0.7629,0.4691,1.6432,717.1294,0.1073,13.0000
FLD0080,2026-05-03,0.5926,0.6518,0.4049,1.2460,716.5358,0.1397,15.0000
FLD0082,2026-05-03,0.5904,0.6149,0.3882,1.0379,715.2974,0.0941,19.0000
FLD0083,2026-05-03,0.5279,0.6725,0.3736,1.1089,714.8202,0.0714,7.0000
FLD0102,2026-05-03,0.8696,0.6390,0.3557,0.8968,714.6750,,1.0000
FLD0114,2026-05-03,0.6923,0.6325,0.4509,1.4710,718.9007,,1.0000
FLD0117,2026-05-03,0.5878,0.5367,0.3579,0.9025,717.8335,0.1351,9.0000
FLD0128,2026-05-03,0.7945,0.5132,0.2871,0.6431,711.1488,0.0441,4.0000
FLD0129,2026-05-03,0.9231,0.5315,0.2934,0.6984,711.3511,0.0425,3.0000
FLD0130,2026-05-03,1.0000,0.4526,0.2489,0.4755,710.6354,0.0206,2.0000
FLD0134,2026-05-03,0.6313,0.6037,0.3945,1.0234,715.9528,0.0906,3.0000
FLD0135,2026-05-03,0.8625,0.5206,0.3390,0.6941,713.9254,0.0694,7.0000
FLD0139,2026-05-03,0.9286,0.5310,0.2601,0.6167,711.4513,,1.0000
FLD0141,2026-05-03,0.5714,0.6920,0.4505,1.4809,719.9377,,1.0000
FLD0143,2026-05-03,0.6112,0.6209,0.4101,1.3682,717.9326,0.1034,39.0000
FLD0150,2026-05-03,0.6182,0.4431,0.2804,0.6402,713.7801,0.0769,11.0000
FLD0151,2026-05-03,0.8524,0.5926,0.3168,0.8204,711.8162,0.0698,13.0000
FLD0152,2026-05-03,0.6522,0.7373,0.4421,1.4259,715.8754,0.1349,10.0000
FLD0155,2026-05-03,0.5187,0.5463,0.3440,0.8928,713.6858,0.0629,5.0000
FLD0158,2026-05-03,0.5390,0.5333,0.3096,0.7486,712.3297,0.1014,2.0000
FLD0159,2026-05-03,0.8770,0.5698,0.3380,0.8760,713.6649,0.1006,9.0000
FLD0162,2026-05-03,0.8571,0.4201,0.2729,0.5237,712.0620,,1.0000
FLD0163,2026-05-03,0.7805,0.7165,0.4109,0.9680,713.3479,0.0167,2.0000
FLD0168,2026-05-03,0.5530,0.4645,0.2896,0.7893,713.0152,0.1294,11.0000
FLD0169,2026-05-03,0.8000,0.5086,0.3165,0.6245,715.9411,,1.0000
FLD0173,2026-05-03,0.5279,0.6359,0.3760,0.9932,713.6582,0.1049,17.0000
FLD0175,2026-05-03,0.8939,0.5174,0.3108,0.6842,711.3186,0.0937,8.0000
FLD0177,2026-05-03,0.6524,0.3118,0.1846,0.4779,707.2569,0.1341,5.0000
FLD0178,2026-05-03,0.6429,0.2159,0.1835,0.3893,722.2342,,1.0000
FLD0179,2026-05-03,0.5109,0.6688,0.4618,1.4610,719.1470,0.0130,2.0000
FLD0180,2026-05-03,0.6400,0.7179,0.4556,1.3388,716.9622,,1.0000
FLD0182,2026-05-03,0.5316,0.7882,0.5105,1.9004,718.6250,0.1299,4.0000
FLD0184,2026-05-03,0.6061,0.6927,0.3970,1.1795,714.0784,0.0845,3.0000
FLD0188,2026-05-03,0.6984,0.4118,0.2559,0.6183,712.4108,0.0751,24.0000
FLD0189,2026-05-03,1.0000,0.5441,0.3537,0.9157,716.1302,0.0697,3.0000
FLD0194,2026-05-03,0.5493,0.5955,0.3939,1.2603,718.3302,0.0855,3.0000
FLD0196,2026-05-03,0.8857,0.4485,0.2788,0.5621,713.3114,0.0194,2.0000
FLD0202,2026-05-03,0.6667,0.6019,0.3749,1.1778,719.3973,0.0766,2.0000
FLD0205,2026-05-03,0.6835,0.7269,0.4611,1.4415,717.1175,,1.0000
FLD0207,2026-05-03,0.8462,0.3842,0.2360,0.5158,715.4316,0.0567,4.0000
FLD0208,2026-05-03,1.0000,0.4114,0.3441,0.9041,726.5590,0.1438,2.0000
FLD0209,2026-05-03,0.9500,0.4869,0.2886,0.7361,712.2569,0.1139,5.0000
FLD0212,2026-05-03,1.0000,0.5495,0.3112,0.7200,711.9471,,1.0000
FLD0214,2026-05-03,1.0000,0.4653,0.3042,0.5870,714.5844,0.0815,3.0000
FLD0219,2026-05-03,0.9200,0.5851,0.3552,0.6994,710.1070,0.0666,2.0000
FLD0220,2026-05-03,1.0000,0.5842,0.3059,0.6139,709.7097,0.1133,3.0000
FLD0221,2026-05-03,0.8333,0.3181,0.2557,1.0506,711.8698,,1.0000
FLD0222,2026-05-03,0.9211,0.5919,0.3419,0.8656,714.8031,0.0621,8.0000
FLD0223,2026-05-03,1.0000,0.6010,0.4191,1.3313,717.6419,,1.0000
FLD0226,2026-05-03,0.7533,0.4688,0.3125,0.6122,714.9266,0.0911,6.0000
FLD0229,2026-05-03,0.6842,0.6212,0.3576,0.9366,713.5455,0.0747,4.0000
FLD0230,2026-05-03,0.6364,0.2183,0.0990,0.2261,707.2548,,1.0000
FLD0231,2026-05-03,0.8333,0.4742,0.2928,0.6347,712.4867,0.0486,12.0000
FLD0235,2026-05-03,0.6395,0.4968,0.3117,1.0305,713.3383,0.1116,4.0000
FLD0238,2026-05-03,1.0000,0.1897,0.1806,0.4339,737.4727,,1.0000
FLD0240,2026-05-03,0.5610,0.7267,0.4943,1.4836,718.1729,0.0431,3.0000
FLD0242,2026-05-03,0.7030,0.6243,0.3979,0.9538,714.8832,,1.0000
FLD0244,2026-05-03,0.6829,0.6891,0.4234,1.1158,715.6116,,1.0000
FLD0245,2026-05-03,0.9615,0.6578,0.3407,0.6683,704.4725,0.0291,4.0000
FLD0246,2026-05-03,0.5000,0.5618,0.3625,1.0015,713.1672,0.0977,8.0000
FLD0247,2026-05-03,0.8453,0.4894,0.3081,0.6848,712.7278,0.0888,17.0000
FLD0248,2026-05-03,0.6311,0.5639,0.3339,0.7037,711.6416,0.0619,9.0000
FLD0250,2026-05-03,0.8362,0.6719,0.3914,1.0605,714.2581,0.1160,15.0000
FLD0251,2026-05-03,0.6017,0.6346,0.3919,1.1104,715.2747,0.1222,23.0000
FLD0254,2026-05-03,0.6639,0.7318,0.4652,1.2766,716.6714,0.0596,9.0000
FLD0256,2026-05-03,0.5556,0.3351,0.2099,0.3849,713.2679,0.0343,2.0000
FLD0257,2026-05-03,0.9259,0.4301,0.2507,0.4820,710.2355,0.0615,4.0000
FLD0258,2026-05-03,1.0000,0.4150,0.2302,0.4517,712.2857,0.0886,2.0000
FLD0259,2026-05-03,0.6761,0.3715,0.2390,0.4783,714.1016,0.0870,17.0000
FLD0266,2026-05-03,0.6989,0.4183,0.2615,0.5915,711.0455,0.0946,71.0000
FLD0268,2026-05-03,0.6683,0.5254,0.3258,0.8428,712.8806,0.0861,4.0000
FLD0270,2026-05-03,0.6397,0.6667,0.3898,1.1031,714.7492,0.1027,11.0000
FLD0277,2026-05-03,0.5397,0.5108,0.3227,0.8754,713.8953,0.0938,11.0000
FLD0278,2026-05-03,0.8091,0.5686,0.3382,0.8933,713.3872,0.0993,15.0000
FLD0280,2026-05-03,0.5523,0.5538,0.3354,0.9634,713.8091,0.0715,13.0000
FLD0281,2026-05-03,0.6154,0.7617,0.4428,1.4908,716.3014,0.0712,2.0000
FLD0284,2026-05-03,0.8109,0.4920,0.2858,0.6300,709.5359,0.1107,19.0000
FLD0285,2026-05-03,0.6538,0.8269,0.4591,1.2686,714.1446,,1.0000
FLD0286,2026-05-03,0.7204,0.6089,0.3704,1.0213,714.6791,,1.0000
FLD0291,2026-05-03,0.9859,0.4992,0.3305,0.7533,714.8577,,1.0000
FLD0294,2026-05-03,0.5556,0.7291,0.4327,1.1089,715.2925,0.0063,2.0000
FLD0297,2026-05-03,0.5926,0.8420,0.5373,2.0799,717.6893,0.0692,3.0000
FLD0298,2026-05-03,0.6567,0.6057,0.3864,1.0966,715.5684,0.0735,6.0000
FLD0300,2026-05-03,0.5675,0.3797,0.2521,0.6282,716.0956,0.1040,5.0000
FLD0301,2026-05-03,0.6114,0.5287,0.3314,0.9652,717.7215,0.1284,6.0000
FLD0302,2026-05-03,0.5326,0.5851,0.3469,0.9990,714.8580,0.1038,12.0000
FLD0304,2026-05-03,0.7391,0.5509,0.3331,0.9452,716.5672,0.0873,3.0000
FLD0310,2026-05-03,1.0000,0.5654,0.3932,0.9179,717.4736,,1.0000
FLD0311,2026-05-03,0.5506,0.7973,0.4673,1.4134,714.6608,0.0476,8.0000
FLD0313,2026-05-03,0.5000,0.6491,0.3772,0.9510,715.5016,0.1182,3.0000
FLD0314,2026-05-03,0.9853,0.6092,0.3779,0.7915,713.2593,0.0540,5.0000
FLD0316,2026-05-03,0.5165,0.6244,0.3994,1.1966,716.7540,0.1033,20.0000
FLD0318,2026-05-03,0.7108,0.6677,0.3680,1.0422,713.2577,0.1002,17.0000
FLD0322,2026-05-03,0.7465,0.6976,0.4222,1.2038,715.3855,0.0662,6.0000
FLD0325,2026-05-03,0.9231,0.5592,0.3117,0.7919,713.9081,0.0870,7.0000
FLD0326,2026-05-03,0.6490,0.7552,0.4612,1.6865,716.9842,0.0936,8.0000
FLD0330,2026-05-03,0.5946,0.5493,0.3169,0.7703,712.6486,0.0884,6.0000
FLD0333,2026-05-03,0.6000,0.7036,0.4057,1.0564,714.5501,0.0482,5.0000
FLD0334,2026-05-03,0.5736,0.3107,0.1643,0.3186,705.0500,0.0932,14.0000
FLD0335,2026-05-03,0.5428,0.6999,0.4057,1.0467,713.6065,0.0861,32.0000
FLD0336,2026-05-03,0.8087,0.6215,0.3618,0.8452,713.6245,0.0800,7.0000
FLD0338,2026-05-03,0.6454,0.3821,0.2317,0.4407,712.0601,0.1056,8.0000
FLD0339,2026-05-03,0.7368,0.4514,0.2757,0.5145,712.1954,0.0971,8.0000
FLD0340,2026-05-03,0.7286,0.3623,0.2204,0.4215,710.1940,0.1024,6.0000
FLD0341,2026-05-03,0.5164,0.4719,0.2353,0.5433,711.1962,0.1008,4.0000
FLD0343,2026-05-03,0.6043,0.5683,0.3270,0.6980,712.2794,0.0944,4.0000
FLD0345,2026-05-03,0.7754,0.5125,0.3259,0.6806,714.8642,0.0672,13.0000
FLD0346,2026-05-03,0.7179,0.7247,0.4403,1.0324,714.5060,0.0656,5.0000
FLD0352,2026-05-03,0.5534,0.5280,0.3020,0.7973,713.9163,0.0756,5.0000
FLD0353,2026-05-03,0.7290,0.3074,0.1979,0.4244,717.9416,0.1022,7.0000
FLD0356,2026-05-03,0.6171,0.3705,0.2360,0.4597,712.8104,0.1055,19.0000
FLD0357,2026-05-03,0.8649,0.2645,0.1718,0.2745,710.3419,0.0591,7.0000
FLD0360,2026-05-03,0.5667,0.2919,0.1967,0.4778,717.2361,0.1404,10.0000
FLD0363,2026-05-03,0.5444,0.5649,0.3700,1.0802,717.8852,0.1024,4.0000
FLD0367,2026-05-03,0.5470,0.5775,0.3710,1.0521,715.8030,0.0871,9.0000
FLD0374,2026-05-03,0.6161,0.3620,0.2162,0.4753,710.2594,0.1104,67.0000
FLD0375,2026-05-03,1.0000,0.2701,0.2059,0.3300,717.2193,0.0374,3.0000
FLD0377,2026-05-03,0.7045,0.2471,0.1751,0.2570,711.3839,0.1037,2.0000
FLD0379,2026-05-03,0.7907,0.4221,0.2554,0.4944,710.2178,0.0398,7.0000
FLD0380,2026-05-03,0.5958,0.6178,0.3672,1.0639,715.0492,0.0907,37.0000
FLD0381,2026-05-03,0.5741,0.4944,0.2912,0.7155,711.8230,0.0911,13.0000
FLD0382,2026-05-03,0.6667,0.3947,0.2432,0.4602,710.2234,0.0416,5.0000
FLD0383,2026-05-03,0.6289,0.2991,0.1793,0.3321,709.3924,0.0737,22.0000
FLD0385,2026-05-03,0.6471,0.6539,0.3914,1.0169,714.1080,0.0803,8.0000
FLD0388,2026-05-03,0.6667,0.5769,0.3834,1.0359,719.7925,,1.0000
FLD0392,2026-05-03,0.7150,0.5416,0.3169,0.8471,712.5538,0.1105,21.0000
FLD0396,2026-05-03,0.5546,0.6620,0.4095,1.1551,715.4347,0.0813,7.0000
FLD0397,2026-05-03,0.5258,0.5255,0.3242,0.9798,713.4445,0.0772,3.0000
FLD0402,2026-05-03,0.5556,0.5544,0.3672,1.1707,717.1690,0.1091,7.0000
FLD0403,2026-05-03,0.5217,0.8650,0.4883,1.8877,716.0820,0.0475,4.0000
FLD0405,2026-05-03,0.9000,0.5598,0.3363,0.8785,714.3789,0.0692,4.0000
FLD0408,2026-05-03,1.0000,0.7211,0.3479,1.1184,710.0487,,1.0000
FLD0414,2026-05-03,0.5546,0.6005,0.4018,1.1725,718.0906,0.0665,4.0000
FLD0421,2026-05-03,0.9259,0.6124,0.4154,1.2178,718.1573,0.0474,2.0000
FLD0423,2026-05-03,0.9000,0.5162,0.3295,0.7023,714.0601,,1.0000
FLD0426,2026-05-03,0.8252,0.6846,0.3991,1.1355,714.9793,0.0919,13.0000
FLD0427,2026-05-03,0.7934,0.6470,0.3687,0.9717,713.9244,0.0506,10.0000
FLD0428,2026-05-03,0.7019,0.6384,0.3935,1.0369,716.6945,0.0806,24.0000
FLD0431,2026-05-03,0.9041,0.7155,0.3871,0.8830,710.8226,0.0257,3.0000
FLD0432,2026-05-03,0.9434,0.3859,0.2400,0.4537,711.7814,0.1301,3.0000
FLD0433,2026-05-03,0.9545,0.4448,0.2668,0.5543,710.7211,0.1321,3.0000
FLD0434,2026-05-03,1.0000,0.5762,0.3786,1.0527,714.8966,,1.0000
FLD0436,2026-05-03,0.9348,0.4757,0.2965,0.5625,711.0465,0.0913,22.0000
FLD0441,2026-05-03,1.0000,0.7727,0.4509,1.2240,715.4362,,1.0000
FLD0442,2026-05-03,0.6719,0.5868,0.3755,1.0703,716.7351,0.0779,3.0000
FLD0443,2026-05-03,0.5859,0.8648,0.5301,1.9329,717.7088,0.0804,4.0000
FLD0446,2026-05-03,0.8438,0.7853,0.4633,1.4631,716.1024,0.0110,2.0000
FLD0449,2026-05-03,0.7468,0.7553,0.4555,1.1997,715.6240,,1.0000
FLD0458,2026-05-03,1.0000,0.3304,0.2295,0.4623,714.0911,0.0239,2.0000
FLD0459,2026-05-03,0.9545,0.4900,0.2790,0.5891,713.2348,0.0543,4.0000
FLD0463,2026-05-03,0.6154,0.7201,0.4548,1.1949,715.4253,0.1243,2.0000
FLD0466,2026-05-03,0.8667,0.5280,0.3104,0.7570,714.1550,0.0560,4.0000
FLD0467,2026-05-03,0.7500,0.6876,0.4117,1.1220,714.6441,0.0641,6.0000
FLD0468,2026-05-03,1.0000,0.5786,0.3670,0.9238,716.6471,0.0490,2.0000
FLD0002,2026-05-08,0.5466,0.5488,0.3899,1.1679,721.7026,0.0781,5.0000
FLD0003,2026-05-08,0.9756,0.4514,0.3083,0.6423,717.8703,0.0584,10.0000
FLD0004,2026-05-08,0.7778,0.5521,0.3179,0.8164,716.9757,0.1273,8.0000
FLD0005,2026-05-08,0.7966,0.6212,0.4068,1.2348,717.5864,0.1360,5.0000
FLD0006,2026-05-08,0.7101,0.6521,0.4256,1.4340,718.9549,0.1310,11.0000
FLD0007,2026-05-08,0.7828,0.4624,0.3052,0.7489,716.3057,0.1013,22.0000
FLD0010,2026-05-08,0.6615,0.7083,0.4741,1.4259,720.4072,0.0004,2.0000
FLD0021,2026-05-08,0.8243,0.7014,0.4793,1.6215,720.1283,0.0631,7.0000
FLD0022,2026-05-08,0.8815,0.6853,0.4842,1.7133,722.0065,0.0728,13.0000
FLD0023,2026-05-08,0.5714,0.6797,0.4829,1.7435,722.3785,,1.0000
FLD0024,2026-05-08,0.6522,0.7889,0.4839,1.6838,719.1083,0.0724,11.0000
FLD0029,2026-05-08,0.5558,0.7343,0.4815,1.6928,720.6542,0.0798,20.0000
FLD0030,2026-05-08,0.7288,0.6836,0.4539,1.3547,720.7023,0.0775,6.0000
FLD0033,2026-05-08,0.8295,0.5278,0.3464,0.8325,717.2661,0.0718,8.0000
FLD0034,2026-05-08,0.7667,0.7048,0.4418,1.3265,719.3774,0.0686,6.0000
FLD0035,2026-05-08,0.5577,0.8944,0.5584,2.0246,720.9196,,1.0000
FLD0036,2026-05-08,0.6230,0.7682,0.4422,1.4169,716.8009,,1.0000
FLD0038,2026-05-08,0.8613,0.3999,0.2680,0.5751,715.1385,0.0968,24.0000
FLD0040,2026-05-08,0.8277,0.5567,0.3716,1.0061,717.8414,0.0666,21.0000
FLD0041,2026-05-08,0.8094,0.4877,0.3182,0.7684,715.3068,0.0905,58.0000
FLD0042,2026-05-08,0.9674,0.5046,0.3278,0.7517,715.2913,0.0566,15.0000
FLD0043,2026-05-08,0.8750,0.5532,0.3635,1.0063,718.5378,0.0951,61.0000
FLD0045,2026-05-08,0.6272,0.7813,0.5182,1.8910,721.8329,0.2316,5.0000
FLD0048,2026-05-08,0.6157,0.5794,0.3742,1.0425,717.9161,0.0139,3.0000
FLD0049,2026-05-08,0.9302,0.4666,0.3171,0.7318,717.7423,0.0680,30.0000
FLD0050,2026-05-08,0.8026,0.5339,0.3497,0.9768,717.3030,0.1145,11.0000
FLD0051,2026-05-08,1.0000,0.4449,0.3169,0.8222,721.6019,0.0762,3.0000
FLD0052,2026-05-08,0.8158,0.7573,0.4820,1.6595,719.7775,0.0849,20.0000
FLD0053,2026-05-08,0.8222,0.4685,0.3194,0.9060,720.2838,0.0608,7.0000
FLD0054,2026-05-08,0.7391,0.6394,0.4130,1.2143,718.6484,0.0960,21.0000
FLD0055,2026-05-08,0.5589,0.6975,0.4492,1.3601,719.1749,0.0535,13.0000
FLD0056,2026-05-08,0.8150,0.5420,0.3631,0.8601,717.7576,0.0268,9.0000
FLD0057,2026-05-08,0.8344,0.6998,0.4497,1.2354,718.4901,0.0421,16.0000
FLD0058,2026-05-08,0.7109,0.7090,0.4701,1.4765,720.4241,0.0494,15.0000
FLD0059,2026-05-08,0.9565,0.5584,0.3722,0.8910,717.8564,0.0888,9.0000
FLD0060,2026-05-08,0.8214,0.6529,0.4333,1.2208,719.2396,0.0416,2.0000
FLD0061,2026-05-08,0.8534,0.6972,0.4516,1.2855,719.4299,0.0633,5.0000
FLD0063,2026-05-08,0.5874,0.7569,0.4846,1.7342,720.2573,0.0918,17.0000
FLD0065,2026-05-08,0.5342,0.7981,0.5085,1.8417,720.1438,0.0548,7.0000
FLD0066,2026-05-08,0.6744,0.6566,0.4198,1.3121,718.8242,0.0805,25.0000
FLD0067,2026-05-08,0.5374,0.7023,0.4572,1.6283,720.1550,0.1037,14.0000
FLD0068,2026-05-08,0.6809,0.6521,0.4494,1.6319,722.3697,0.0821,12.0000
FLD0069,2026-05-08,0.7714,0.6206,0.4547,1.6195,723.2660,0.1275,3.0000
FLD0070,2026-05-08,0.8000,0.4678,0.3425,0.9186,719.4920,0.0819,6.0000
FLD0071,2026-05-08,0.6571,0.4968,0.3471,0.9857,718.4304,0.1116,26.0000
FLD0072,2026-05-08,0.7177,0.5060,0.3259,0.8535,717.0228,0.0235,3.0000
FLD0073,2026-05-08,1.0000,0.4116,0.2351,0.5103,711.7807,0.0141,2.0000
FLD0074,2026-05-08,0.8028,0.6121,0.3973,1.2189,720.5900,0.1170,3.0000
FLD0075,2026-05-08,0.8421,0.7276,0.4180,1.1505,715.2769,0.0051,2.0000
FLD0076,2026-05-08,1.0000,0.4594,0.2986,0.6152,714.7847,0.0380,4.0000
FLD0077,2026-05-08,0.6563,0.7185,0.4576,1.5199,719.3286,0.1090,20.0000
FLD0078,2026-05-08,0.6810,0.6814,0.4454,1.3677,719.6889,0.0753,20.0000
FLD0079,2026-05-08,0.7444,0.7457,0.4847,1.7060,720.7853,0.0967,20.0000
FLD0080,2026-05-08,0.6574,0.7474,0.4879,1.7591,721.3070,0.1565,16.0000
FLD0081,2026-05-08,0.5040,0.7314,0.4733,1.6751,719.6478,0.0763,16.0000
FLD0082,2026-05-08,0.7380,0.6173,0.4045,1.1394,718.6296,0.1057,24.0000
FLD0083,2026-05-08,0.6309,0.6200,0.3796,1.0933,716.9916,0.0673,8.0000
FLD0087,2026-05-08,0.6022,0.6706,0.4459,1.5181,720.8007,0.1037,19.0000
FLD0092,2026-05-08,0.5600,0.7347,0.4452,1.4914,718.5156,0.0930,10.0000
FLD0093,2026-05-08,0.5439,0.5833,0.4027,1.5709,720.8890,0.1539,7.0000
FLD0095,2026-05-08,0.7100,0.7245,0.4707,1.7278,720.9810,0.1043,8.0000
FLD0102,2026-05-08,0.9783,0.6279,0.3837,1.1293,717.9959,,1.0000
FLD0104,2026-05-08,0.5814,0.6985,0.4620,1.5391,720.5194,0.0832,15.0000
FLD0108,2026-05-08,0.5000,0.6913,0.5192,2.0621,724.0342,0.0551,2.0000
FLD0112,2026-05-08,0.5114,0.6963,0.4779,1.8279,721.0242,0.0763,33.0000
FLD0114,2026-05-08,0.8462,0.6361,0.4532,1.5174,721.2773,,1.0000
FLD0117,2026-05-08,0.6939,0.5205,0.3576,1.0140,719.4372,0.1165,10.0000
FLD0118,2026-05-08,0.6230,0.8557,0.5311,2.0182,719.6004,0.0548,4.0000
FLD0121,2026-05-08,0.5779,0.7626,0.5112,1.9198,721.5257,0.0921,15.0000
FLD0126,2026-05-08,0.5909,0.7715,0.4830,1.7321,720.0544,0.1173,6.0000
FLD0127,2026-05-08,0.6184,0.5769,0.3808,1.3744,718.5210,0.1471,4.0000
FLD0128,2026-05-08,0.9452,0.4907,0.3086,0.7239,714.9267,0.0629,6.0000
FLD0129,2026-05-08,1.0000,0.5349,0.3208,0.8363,717.3797,0.0603,3.0000
FLD0130,2026-05-08,1.0000,0.4212,0.2733,0.5819,716.0820,0.0230,2.0000
FLD0132,2026-05-08,0.6047,0.6462,0.4126,1.3728,718.8290,0.1079,43.0000
FLD0134,2026-05-08,0.7095,0.5666,0.3927,1.0885,720.0889,0.1303,4.0000
FLD0135,2026-05-08,0.9375,0.4676,0.3229,0.7213,717.3630,0.0576,8.0000
FLD0137,2026-05-08,0.5849,0.7361,0.4780,1.6901,720.0010,0.0684,5.0000
FLD0139,2026-05-08,0.9286,0.5033,0.3188,0.8640,717.0748,,1.0000
FLD0141,2026-05-08,0.8571,0.7711,0.5245,2.0430,723.1206,0.0839,2.0000
FLD0143,2026-05-08,0.7834,0.6213,0.4280,1.5340,721.5296,0.1247,51.0000
FLD0148,2026-05-08,0.6061,0.6289,0.4007,1.3500,718.7835,0.1108,30.0000
FLD0149,2026-05-08,0.6304,0.7196,0.4487,1.5231,718.5724,0.0916,10.0000
FLD0150,2026-05-08,0.7245,0.4874,0.3210,0.8666,717.9326,0.0907,13.0000
FLD0151,2026-05-08,0.9610,0.5354,0.3171,0.8366,715.3728,0.0744,13.0000
FLD0152,2026-05-08,0.7702,0.6629,0.4233,1.3628,718.0327,0.1369,10.0000
FLD0153,2026-05-08,0.5436,0.6498,0.4220,1.5360,719.3551,0.1369,21.0000
FLD0155,2026-05-08,0.8128,0.6145,0.3855,1.1144,717.6145,0.0927,8.0000
FLD0156,2026-05-08,0.5655,0.6801,0.4356,1.5139,720.1404,0.1071,10.0000
FLD0158,2026-05-08,0.6525,0.5399,0.3333,0.9510,716.3993,0.1529,3.0000
FLD0159,2026-05-08,0.9626,0.5742,0.3560,0.9689,717.6824,0.0732,9.0000
FLD0161,2026-05-08,0.6233,0.6543,0.4323,1.3909,720.6942,0.0656,21.0000
FLD0162,2026-05-08,1.0000,0.4009,0.2766,0.5609,716.3617,,1.0000
FLD0163,2026-05-08,0.9024,0.5814,0.3686,0.8587,716.8355,0.0021,2.0000
FLD0166,2026-05-08,0.6172,0.7022,0.4697,1.6641,722.5177,0.1413,10.0000
FLD0167,2026-05-08,0.6472,0.5607,0.3697,1.1491,717.9995,0.1354,28.0000
FLD0168,2026-05-08,0.6705,0.5101,0.3347,1.0048,717.2962,0.1206,14.0000
FLD0169,2026-05-08,0.8000,0.4286,0.2847,0.7042,722.6181,,1.0000
FLD0173,2026-05-08,0.7179,0.5942,0.3688,1.0285,717.8286,0.0755,21.0000
FLD0175,2026-05-08,0.9714,0.4730,0.3110,0.7521,716.4939,0.1091,9.0000
FLD0176,2026-05-08,0.5072,0.4731,0.3092,0.9366,716.8814,0.1377,8.0000
FLD0177,2026-05-08,0.7256,0.3068,0.2044,0.5500,710.9632,0.1103,5.0000
FLD0178,2026-05-08,0.6429,0.2460,0.1997,0.3559,714.9085,,1.0000
FLD0179,2026-05-08,0.9130,0.6601,0.4520,1.6796,723.3259,0.0453,3.0000
FLD0180,2026-05-08,0.6800,0.5755,0.3833,1.0984,719.5950,,1.0000
FLD0182,2026-05-08,0.6519,0.7773,0.5214,2.0169,721.1325,0.1021,5.0000
FLD0184,2026-05-08,0.7121,0.6681,0.4093,1.2955,718.3806,0.0596,4.0000
FLD0188,2026-05-08,0.8486,0.4355,0.2928,0.8288,716.3272,0.0996,29.0000
FLD0189,2026-05-08,1.0000,0.4866,0.3299,0.8664,719.7388,0.0800,3.0000
FLD0190,2026-05-08,0.5517,0.7201,0.4804,1.7236,722.6808,0.1196,4.0000
FLD0191,2026-05-08,0.5367,0.6834,0.4905,1.9582,723.0855,0.1139,21.0000
FLD0194,2026-05-08,0.5915,0.6170,0.4362,1.5840,722.5141,0.0785,3.0000
FLD0195,2026-05-08,0.5217,0.6742,0.4636,2.1982,720.7677,0.1486,4.0000
FLD0196,2026-05-08,0.9857,0.4374,0.2867,0.6048,715.7206,0.0591,3.0000
FLD0197,2026-05-08,0.5141,0.6202,0.3709,1.2149,715.2385,0.1150,5.0000
FLD0202,2026-05-08,0.7778,0.6171,0.3957,1.2119,719.9645,0.1268,3.0000
FLD0203,2026-05-08,0.5277,0.5553,0.3715,1.1299,720.0485,0.0972,17.0000
FLD0204,2026-05-08,0.5192,0.7013,0.4375,1.4541,719.5744,0.1106,5.0000
FLD0205,2026-05-08,0.8481,0.6913,0.4587,1.4461,719.6063,,1.0000
FLD0207,2026-05-08,0.9231,0.3678,0.2692,0.5979,722.1678,0.0425,4.0000
FLD0208,2026-05-08,1.0000,0.4250,0.3410,0.9558,732.6520,0.1801,2.0000
FLD0209,2026-05-08,0.9500,0.4854,0.3056,0.8072,716.7256,0.0882,5.0000
FLD0212,2026-05-08,1.0000,0.5277,0.2898,0.5767,704.9261,,1.0000
FLD0214,2026-05-08,1.0000,0.4672,0.3320,0.7282,719.6285,0.0520,3.0000
FLD0219,2026-05-08,1.0000,0.5091,0.3313,0.6669,712.9048,0.0789,2.0000
FLD0220,2026-05-08,0.8889,0.4845,0.3168,0.6512,718.4655,0.0069,2.0000
FLD0221,2026-05-08,0.8333,0.3246,0.2939,0.9831,721.5469,,1.0000
FLD0222,2026-05-08,1.0000,0.5894,0.3505,0.9281,718.1660,0.0487,9.0000
FLD0223,2026-05-08,1.0000,0.5939,0.4362,1.4423,721.2189,,1.0000
FLD0224,2026-05-08,0.5870,0.8361,0.5319,1.8653,720.4412,,1.0000
FLD0226,2026-05-08,0.8267,0.4462,0.3033,0.6540,717.0670,0.1313,10.0000
FLD0227,2026-05-08,0.5250,0.6791,0.4405,1.2385,719.3789,0.0227,4.0000
FLD0228,2026-05-08,0.6434,0.6159,0.4022,1.1423,719.6664,0.0986,17.0000
FLD0229,2026-05-08,0.7895,0.6215,0.3744,1.0360,717.5504,0.0779,5.0000
FLD0230,2026-05-08,0.6364,0.2120,0.1280,0.2990,714.7814,,1.0000
FLD0231,2026-05-08,0.9211,0.4264,0.2805,0.6291,715.5272,0.0679,15.0000
FLD0233,2026-05-08,0.6667,0.8189,0.4296,1.2442,715.3138,,1.0000
FLD0235,2026-05-08,0.6744,0.4966,0.3350,1.1016,718.1734,0.0817,4.0000
FLD0238,2026-05-08,0.8000,0.2502,0.2861,0.7686,735.0898,,1.0000
FLD0240,2026-05-08,0.8780,0.6172,0.4363,1.1929,719.6622,0.0521,3.0000
FLD0242,2026-05-08,0.8416,0.6134,0.3895,0.9904,717.3805,0.0801,3.0000
FLD0244,2026-05-08,0.9024,0.7013,0.4535,1.4469,718.6385,0.0902,2.0000
FLD0245,2026-05-08,1.0000,0.5317,0.3308,0.6955,711.5671,0.0512,4.0000
FLD0246,2026-05-08,0.6344,0.5297,0.3617,1.0351,717.3989,0.1027,10.0000
FLD0247,2026-05-08,0.9406,0.4707,0.3137,0.7422,715.6342,0.0818,23.0000
FLD0248,2026-05-08,0.7600,0.5163,0.3325,0.7797,715.6052,0.0617,10.0000
FLD0250,2026-05-08,0.8942,0.5643,0.3696,0.9794,718.0950,0.1014,17.0000
FLD0251,2026-05-08,0.6633,0.6112,0.4026,1.2012,718.5793,0.1218,27.0000
FLD0252,2026-05-08,0.7464,0.8266,0.5658,2.2832,722.7864,0.0457,7.0000
FLD0253,2026-05-08,0.5514,0.6714,0.4274,1.5860,719.1015,0.1828,9.0000
FLD0254,2026-05-08,0.8060,0.6773,0.4497,1.3073,720.7199,0.0618,10.0000
FLD0256,2026-05-08,0.6444,0.3656,0.2331,0.4914,714.5328,0.1339,3.0000
FLD0257,2026-05-08,0.9630,0.3972,0.2494,0.5296,713.9147,0.0665,4.0000
FLD0258,2026-05-08,1.0000,0.4086,0.2343,0.5353,716.6904,0.0392,2.0000
FLD0259,2026-05-08,0.6725,0.3714,0.2529,0.5473,718.0914,0.1047,16.0000
FLD0263,2026-05-08,0.5714,0.7553,0.4966,1.7201,720.6025,0.0671,9.0000
FLD0264,2026-05-08,0.5119,0.6446,0.4237,1.3466,719.9230,0.1114,18.0000
FLD0265,2026-05-08,0.6792,0.6970,0.4419,1.4636,718.7032,0.1269,31.0000
FLD0266,2026-05-08,0.8385,0.4099,0.2695,0.6517,714.9826,0.0958,83.0000
FLD0267,2026-05-08,0.5389,0.6317,0.3906,1.1632,718.8771,0.1250,7.0000
FLD0268,2026-05-08,0.6000,0.5571,0.3488,0.9940,717.1314,0.1341,6.0000
FLD0270,2026-05-08,0.7500,0.6322,0.3887,1.1099,717.8884,0.0631,11.0000
FLD0271,2026-05-08,0.7514,0.8337,0.5096,1.7350,719.6509,0.0454,7.0000
FLD0276,2026-05-08,0.5665,0.7074,0.4912,1.7264,721.8478,0.0813,7.0000
FLD0277,2026-05-08,0.7103,0.5864,0.3867,1.2503,718.0241,0.1346,15.0000
FLD0278,2026-05-08,0.8755,0.5274,0.3423,0.9726,717.3183,0.1117,19.0000
FLD0279,2026-05-08,0.7743,0.5709,0.3462,0.9956,716.5060,0.1244,16.0000
FLD0280,2026-05-08,0.7081,0.5990,0.3753,1.1632,717.5181,0.0576,14.0000
FLD0281,2026-05-08,1.0000,0.7768,0.4674,1.6174,718.7206,0.0731,2.0000
FLD0284,2026-05-08,0.9538,0.4120,0.2649,0.6188,713.1754,0.0898,21.0000
FLD0285,2026-05-08,0.7885,0.7384,0.4568,1.3247,718.2774,,1.0000
FLD0286,2026-05-08,0.8602,0.5496,0.3672,1.0195,719.1851,0.0270,2.0000
FLD0288,2026-05-08,0.5794,0.7138,0.4713,1.4487,720.4737,,1.0000
FLD0290,2026-05-08,0.5532,0.6232,0.4215,1.3543,720.3858,0.0890,21.0000
FLD0293,2026-05-08,0.8409,0.8682,0.5767,2.3637,722.8345,0.0800,3.0000
FLD0294,2026-05-08,0.6944,0.6785,0.4284,1.2186,718.2957,0.0763,3.0000
FLD0295,2026-05-08,0.6364,0.7790,0.5397,2.0203,722.7876,0.0668,2.0000
FLD0296,2026-05-08,0.5263,0.8402,0.5401,1.9977,722.4445,,1.0000
FLD0297,2026-05-08,0.9630,0.7458,0.5245,1.9854,723.0885,0.0386,3.0000
FLD0298,2026-05-08,0.7313,0.5786,0.3997,1.1914,720.6168,0.0560,6.0000
FLD0300,2026-05-08,0.6228,0.4295,0.3078,0.9131,720.0552,0.1302,6.0000
FLD0301,2026-05-08,0.8187,0.4817,0.3109,0.8543,720.0372,0.0919,7.0000
FLD0302,2026-05-08,0.7302,0.6306,0.4034,1.2965,718.5475,0.1165,15.0000
FLD0303,2026-05-08,0.5725,0.6130,0.4137,1.4452,720.3425,0.1267,48.0000
FLD0304,2026-05-08,0.7826,0.5366,0.3524,1.0102,717.9401,0.0832,3.0000
FLD0307,2026-05-08,0.5619,0.8271,0.5360,1.9967,720.7394,0.1026,4.0000
FLD0309,2026-05-08,0.5000,0.7684,0.5420,2.3549,722.9328,0.0183,2.0000
FLD0310,2026-05-08,1.0000,0.4905,0.3680,0.8747,721.8113,,1.0000
FLD0311,2026-05-08,0.6966,0.7339,0.4613,1.6482,718.8517,0.0870,8.0000
FLD0313,2026-05-08,0.6154,0.6549,0.4147,1.2258,718.7690,0.0974,3.0000
FLD0314,2026-05-08,1.0000,0.5084,0.3481,0.7747,718.1786,0.0669,5.0000
FLD0316,2026-05-08,0.6710,0.5988,0.4026,1.3089,720.0251,0.1079,24.0000
FLD0318,2026-05-08,0.9270,0.6367,0.3865,1.2055,717.3249,0.1072,21.0000
FLD0321,2026-05-08,0.8315,0.8019,0.5036,1.7177,720.0379,0.0279,3.0000
FLD0322,2026-05-08,0.9437,0.6851,0.4370,1.3538,719.3334,0.0819,11.0000
FLD0325,2026-05-08,1.0000,0.4794,0.3082,0.7824,717.8254,0.0868,8.0000
FLD0326,2026-05-08,0.9007,0.7270,0.4648,1.7721,719.8940,0.0884,8.0000
FLD0327,2026-05-08,0.5253,0.5606,0.3773,1.2547,718.7662,0.1024,2.0000
FLD0330,2026-05-08,0.7838,0.5704,0.3442,0.9480,716.3531,0.0882,10.0000
FLD0333,2026-05-08,0.8200,0.7009,0.4197,1.1730,716.9175,0.0841,6.0000
FLD0334,2026-05-08,0.5891,0.2891,0.1759,0.3536,709.3674,0.0814,15.0000
FLD0335,2026-05-08,0.7383,0.6539,0.4037,1.1135,716.8395,0.0990,48.0000
FLD0336,2026-05-08,0.9304,0.5819,0.3578,0.8713,716.0066,0.0889,10.0000
FLD0338,2026-05-08,0.6525,0.2953,0.1990,0.4237,715.6122,0.0568,8.0000
FLD0339,2026-05-08,0.6974,0.3543,0.2294,0.4497,713.3994,0.0707,7.0000
FLD0340,2026-05-08,0.7429,0.3103,0.2157,0.4395,714.5484,0.1254,7.0000
FLD0341,2026-05-08,0.5902,0.4259,0.2330,0.5890,713.8260,0.0813,4.0000
FLD0343,2026-05-08,0.7362,0.5389,0.3319,0.7725,716.0581,0.0572,7.0000
FLD0345,2026-05-08,0.9130,0.5131,0.3373,0.7849,718.2811,0.0549,14.0000
FLD0346,2026-05-08,0.9231,0.6759,0.4123,0.9960,715.9586,0.0453,6.0000
FLD0353,2026-05-08,0.6916,0.2950,0.2080,0.4473,722.3068,0.0907,6.0000
FLD0356,2026-05-08,0.7352,0.3736,0.2570,0.5431,716.2829,0.0863,21.0000
FLD0357,2026-05-08,0.9595,0.2534,0.1876,0.3337,715.8481,0.0497,8.0000
FLD0360,2026-05-08,0.5333,0.3400,0.2270,0.5311,716.8344,0.1208,9.0000
FLD0361,2026-05-08,0.5867,0.3838,0.2820,0.8013,716.9594,0.1927,3.0000
FLD0363,2026-05-08,0.5333,0.6103,0.4004,1.2471,720.8208,0.0611,3.0000
FLD0365,2026-05-08,0.6500,0.7068,0.4641,1.4019,722.1760,0.0290,2.0000
FLD0367,2026-05-08,0.6398,0.5789,0.3963,1.2095,719.8996,0.1222,11.0000
FLD0368,2026-05-08,0.5900,0.7893,0.5024,1.8705,720.3403,0.0653,5.0000
FLD0374,2026-05-08,0.6645,0.3582,0.2356,0.6026,714.6352,0.1234,75.0000
FLD0375,2026-05-08,1.0000,0.2648,0.2002,0.3778,719.5119,0.0289,3.0000
FLD0377,2026-05-08,0.6250,0.2060,0.1351,0.2839,713.8013,0.0861,4.0000
FLD0379,2026-05-08,0.8372,0.3648,0.2465,0.5063,712.0932,0.0433,7.0000
FLD0380,2026-05-08,0.7264,0.6221,0.3946,1.2643,718.4546,0.0981,46.0000
FLD0381,2026-05-08,0.6088,0.4625,0.2965,0.7497,716.2877,0.0829,13.0000
FLD0382,2026-05-08,0.6905,0.3565,0.2472,0.5341,714.0582,0.0401,4.0000
FLD0383,2026-05-08,0.6887,0.2823,0.1912,0.3823,714.0047,0.0847,25.0000
FLD0384,2026-05-08,0.6021,0.6423,0.4109,1.1825,719.1611,0.0586,11.0000
FLD0385,2026-05-08,0.8190,0.6142,0.3767,1.0001,716.4258,0.0693,10.0000
FLD0386,2026-05-08,0.7154,0.7128,0.4499,1.5217,719.1087,0.0893,19.0000
FLD0388,2026-05-08,0.8667,0.5916,0.3909,1.1017,719.7204,0.0041,2.0000
FLD0390,2026-05-08,0.6352,0.6414,0.4073,1.2390,717.8796,0.0694,9.0000
FLD0392,2026-05-08,0.8411,0.5448,0.3542,1.0609,717.2511,0.1128,22.0000
FLD0395,2026-05-08,0.5125,0.6131,0.4168,1.4395,720.5253,0.1282,63.0000
FLD0396,2026-05-08,0.7205,0.6487,0.4278,1.3799,720.2887,0.0790,8.0000
FLD0397,2026-05-08,0.6289,0.5139,0.3296,1.1151,717.5185,0.0844,3.0000
FLD0399,2026-05-08,0.6475,0.6934,0.4368,1.3714,718.0711,0.0962,5.0000
FLD0402,2026-05-08,0.7685,0.5850,0.3993,1.3477,719.6239,0.0863,10.0000
FLD0403,2026-05-08,0.8696,0.7869,0.4877,1.7942,720.1486,0.0316,5.0000
FLD0404,2026-05-08,0.6667,0.7635,0.4939,1.9618,721.0385,,1.0000
FLD0405,2026-05-08,1.0000,0.5015,0.3328,0.8905,718.4154,0.0522,4.0000
FLD0408,2026-05-08,1.0000,0.6624,0.3864,1.3167,715.1969,,1.0000
FLD0414,2026-05-08,0.6471,0.5947,0.4054,1.2356,720.0855,0.0943,5.0000
FLD0421,2026-05-08,1.0000,0.5541,0.4184,1.2792,723.1422,0.0069,3.0000
FLD0423,2026-05-08,0.9000,0.4623,0.3047,0.6856,717.5724,,1.0000
FLD0426,2026-05-08,0.9580,0.6233,0.3853,1.0711,718.1412,0.0684,13.0000
FLD0427,2026-05-08,0.9587,0.6409,0.3886,1.1111,717.5931,0.0695,13.0000
FLD0428,2026-05-08,0.8699,0.6130,0.3861,1.0846,718.7414,0.0838,30.0000
FLD0431,2026-05-08,1.0000,0.6233,0.3774,0.9314,715.7810,0.0040,3.0000
FLD0432,2026-05-08,1.0000,0.3735,0.2545,0.5147,716.3794,0.1060,3.0000
FLD0433,2026-05-08,1.0000,0.4174,0.2672,0.5781,713.7169,0.0934,3.0000
FLD0434,2026-05-08,1.0000,0.5377,0.3757,1.0108,717.5491,,1.0000
FLD0436,2026-05-08,0.9618,0.4257,0.2882,0.5765,714.5295,0.0918,22.0000
FLD0437,2026-05-08,0.8539,0.7510,0.4718,1.4785,719.0172,0.0501,10.0000
FLD0440,2026-05-08,0.5758,0.6924,0.4696,1.5082,720.0228,0.0275,2.0000
FLD0441,2026-05-08,1.0000,0.5230,0.3216,0.8329,715.5790,,1.0000
FLD0442,2026-05-08,0.6719,0.4935,0.3576,0.9918,720.4251,0.0705,3.0000
FLD0443,2026-05-08,0.7576,0.7907,0.5135,1.9072,720.1870,0.0998,4.0000
FLD0449,2026-05-08,0.8101,0.6501,0.4288,1.1877,720.0091,,1.0000
FLD0458,2026-05-08,1.0000,0.2951,0.2211,0.4936,718.0807,0.0356,2.0000
FLD0459,2026-05-08,0.9545,0.4556,0.2880,0.6705,718.4262,0.0313,4.0000
FLD0460,2026-05-08,0.7692,0.7192,0.4309,1.1747,716.9469,0.0843,2.0000
FLD0463,2026-05-08,0.6154,0.6085,0.4354,1.0117,719.6879,0.0868,2.0000
FLD0464,2026-05-08,0.5128,0.7970,0.5678,2.2834,723.4671,0.0139,2.0000
FLD0466,2026-05-08,1.0000,0.5240,0.3291,0.7881,716.8536,0.0615,4.0000
FLD0467,2026-05-08,0.8571,0.6513,0.4108,1.1679,718.0446,0.0546,7.0000
FLD0468,2026-05-08,1.0000,0.5259,0.3839,0.9858,721.1224,0.0705,2.0000
FLD0063,2026-05-13,0.9641,0.7556,0.4799,1.6030,717.7621,0.0883,30.0000
FLD0066,2026-05-13,0.9422,0.6581,0.4176,1.2246,716.4148,0.0713,38.0000
FLD0077,2026-05-13,0.9195,0.6933,0.4587,1.4946,717.8154,0.1165,33.0000
FLD0078,2026-05-13,0.8445,0.6863,0.4529,1.3599,717.4513,0.0674,31.0000
FLD0079,2026-05-13,0.9533,0.6915,0.4568,1.4361,718.1815,0.0723,21.0000
FLD0080,2026-05-13,0.8009,0.6790,0.4553,1.4447,718.2905,0.1207,21.0000
FLD0081,2026-05-13,0.8005,0.7170,0.4687,1.5526,717.7169,0.0749,28.0000
FLD0082,2026-05-13,0.9307,0.5741,0.3882,1.0146,716.2004,0.1117,32.0000
FLD0108,2026-05-13,0.5667,0.7643,0.5286,2.0171,721.1497,0.0179,2.0000
FLD0109,2026-05-13,0.5989,0.6549,0.4499,1.4531,718.7048,0.0973,12.0000
FLD0112,2026-05-13,0.5479,0.7663,0.5118,1.8874,719.1596,0.0666,32.0000
FLD0120,2026-05-13,0.6299,0.8070,0.5484,2.2004,720.2345,0.0601,40.0000
FLD0121,2026-05-13,0.7915,0.7377,0.4917,1.6521,718.8148,0.0543,23.0000
FLD0264,2026-05-13,0.5938,0.6782,0.4473,1.4516,717.7069,0.0908,23.0000
FLD0265,2026-05-13,0.8150,0.7108,0.4608,1.4595,717.3525,0.0934,38.0000
FLD0425,2026-05-13,0.7977,0.7482,0.4929,1.7158,718.5059,0.0991,20.0000
FLD0426,2026-05-13,0.5105,0.5835,0.3798,0.9844,716.1942,0.0413,7.0000
FLD0002,2026-05-18,0.5404,0.5255,0.3671,1.1001,721.5372,0.1044,5.0000
FLD0003,2026-05-18,0.9634,0.4710,0.3060,0.6501,717.8787,0.0630,10.0000
FLD0004,2026-05-18,0.6667,0.5000,0.3014,0.8123,722.2651,0.1424,6.0000
FLD0005,2026-05-18,0.6949,0.5496,0.3622,1.0862,717.0953,0.0953,4.0000
FLD0006,2026-05-18,0.6522,0.6400,0.4117,1.3423,716.8103,0.1299,11.0000
FLD0007,2026-05-18,0.7131,0.4443,0.2904,0.6875,716.6533,0.1230,21.0000
FLD0010,2026-05-18,0.6359,0.7214,0.4808,1.4773,720.4272,,1.0000
FLD0021,2026-05-18,0.7027,0.7459,0.4942,1.7960,721.2971,0.0651,6.0000
FLD0022,2026-05-18,0.7852,0.7719,0.5073,1.9852,721.4659,0.0560,12.0000
FLD0023,2026-05-18,0.5714,0.7162,0.4879,1.6524,725.1561,,1.0000
FLD0024,2026-05-18,0.5404,0.7831,0.4847,1.6521,718.6646,0.0759,8.0000
FLD0030,2026-05-18,0.8051,0.6905,0.4411,1.2957,720.1847,0.0675,7.0000
FLD0033,2026-05-18,0.5659,0.5152,0.3273,0.7621,714.0029,0.0610,6.0000
FLD0034,2026-05-18,0.7500,0.7537,0.4396,1.3076,717.5053,0.0830,5.0000
FLD0036,2026-05-18,0.6557,0.4697,0.2986,0.9454,715.9082,,1.0000
FLD0038,2026-05-18,0.8109,0.3918,0.2530,0.5382,714.2924,0.0931,23.0000
FLD0040,2026-05-18,0.6757,0.5585,0.3635,0.9829,719.1474,0.0648,18.0000
FLD0041,2026-05-18,0.6970,0.4746,0.3040,0.6925,714.5329,0.0811,52.0000
FLD0042,2026-05-18,0.8152,0.5052,0.3045,0.7282,713.9265,0.0721,14.0000
FLD0043,2026-05-18,0.8207,0.5440,0.3534,0.9731,717.5414,0.1059,56.0000
FLD0045,2026-05-18,0.5266,0.8115,0.5197,1.8708,720.1900,0.1896,6.0000
FLD0049,2026-05-18,0.9070,0.4695,0.3167,0.7126,716.7932,0.0634,30.0000
FLD0050,2026-05-18,0.8553,0.5737,0.3665,1.0080,718.9118,0.0989,11.0000
FLD0051,2026-05-18,1.0000,0.4302,0.3113,0.7060,717.1868,0.0669,3.0000
FLD0052,2026-05-18,0.7943,0.7276,0.4491,1.3830,718.1413,0.0870,14.0000
FLD0053,2026-05-18,0.7556,0.4800,0.3206,0.9588,721.6751,0.0850,6.0000
FLD0054,2026-05-18,0.8047,0.6231,0.3964,1.1398,717.8423,0.1025,24.0000
FLD0056,2026-05-18,0.7677,0.5167,0.3378,0.7353,717.2670,0.0327,9.0000
FLD0057,2026-05-18,0.8344,0.6797,0.4276,1.0914,717.4322,0.0474,16.0000
FLD0058,2026-05-18,0.6680,0.7026,0.4577,1.3891,720.4706,0.0324,13.0000
FLD0059,2026-05-18,0.9565,0.4782,0.3207,0.6677,715.7729,0.1036,9.0000
FLD0060,2026-05-18,0.8036,0.7097,0.4393,1.2533,717.9328,0.0690,2.0000
FLD0061,2026-05-18,0.8276,0.6953,0.4386,1.2136,718.2099,0.0679,5.0000
FLD0066,2026-05-18,0.5857,0.6782,0.4199,1.2914,718.7187,0.0821,23.0000
FLD0068,2026-05-18,0.5816,0.6752,0.4570,1.7576,722.0447,0.0968,10.0000
FLD0069,2026-05-18,0.8000,0.6177,0.4425,1.6292,723.8510,0.1356,4.0000
FLD0070,2026-05-18,0.5375,0.5565,0.4056,1.2682,722.9614,0.0565,4.0000
FLD0071,2026-05-18,0.5287,0.5277,0.3590,1.0687,718.8677,0.1256,22.0000
FLD0072,2026-05-18,0.6613,0.4873,0.2997,0.7899,717.6761,0.0516,3.0000
FLD0073,2026-05-18,1.0000,0.4297,0.2612,0.6204,716.3603,0.0359,2.0000
FLD0075,2026-05-18,0.8947,0.7199,0.4286,1.1773,715.4605,0.0957,3.0000
FLD0076,2026-05-18,0.9111,0.4218,0.2872,0.5642,714.5402,0.0409,4.0000
FLD0077,2026-05-18,0.5898,0.6817,0.4354,1.3633,718.7774,0.1135,20.0000
FLD0078,2026-05-18,0.6434,0.6839,0.4380,1.3008,718.9160,0.0633,17.0000
FLD0079,2026-05-18,0.7160,0.7481,0.4875,1.7544,720.9711,0.0956,17.0000
FLD0080,2026-05-18,0.6088,0.7343,0.4824,1.7123,721.0557,0.1489,14.0000
FLD0081,2026-05-18,0.5399,0.7281,0.4585,1.5987,718.7039,0.0893,19.0000
FLD0082,2026-05-18,0.7289,0.5827,0.3773,1.0060,717.6057,0.1061,23.0000
FLD0083,2026-05-18,0.8755,0.5365,0.3154,0.8289,715.0713,0.0752,8.0000
FLD0087,2026-05-18,0.7000,0.7182,0.4558,1.5870,720.1506,0.0840,24.0000
FLD0095,2026-05-18,0.5076,0.7123,0.4582,1.7667,721.3722,0.0958,6.0000
FLD0102,2026-05-18,0.6087,0.5652,0.3531,1.1250,720.4782,,1.0000
FLD0114,2026-05-18,0.8205,0.5860,0.4504,1.5286,721.8350,,1.0000
FLD0121,2026-05-18,0.6106,0.7444,0.4953,1.7997,721.5584,0.0785,19.0000
FLD0127,2026-05-18,0.5169,0.5410,0.3578,1.2386,717.7945,0.1533,4.0000
FLD0128,2026-05-18,0.9178,0.4496,0.2828,0.6420,713.7969,0.0721,6.0000
FLD0129,2026-05-18,0.9231,0.4803,0.3074,0.6766,715.3960,0.0259,3.0000
FLD0130,2026-05-18,1.0000,0.4246,0.2756,0.6043,717.6970,0.0693,2.0000
FLD0134,2026-05-18,0.6089,0.6918,0.4707,1.4677,719.8188,,1.0000
FLD0135,2026-05-18,0.8875,0.5073,0.3373,0.7724,717.3497,0.0674,7.0000
FLD0139,2026-05-18,0.8571,0.5315,0.3050,0.7722,714.4057,,1.0000
FLD0141,2026-05-18,0.5714,0.6743,0.5571,2.1970,725.4873,,1.0000
FLD0143,2026-05-18,0.7756,0.5793,0.3956,1.3628,720.5088,0.1269,51.0000
FLD0149,2026-05-18,0.5673,0.7087,0.4466,1.6020,719.1702,0.1065,9.0000
FLD0150,2026-05-18,0.5575,0.4821,0.3225,0.8930,717.7988,0.0765,10.0000
FLD0151,2026-05-18,0.8942,0.5504,0.3207,0.8681,716.1258,0.0876,13.0000
FLD0152,2026-05-18,0.7360,0.6749,0.4274,1.4181,717.5932,0.1457,10.0000
FLD0155,2026-05-18,0.7326,0.5545,0.3808,1.0881,719.5148,0.0658,7.0000
FLD0158,2026-05-18,0.5603,0.5351,0.3266,0.9167,716.7616,0.1450,3.0000
FLD0159,2026-05-18,0.9305,0.6065,0.3701,1.0922,717.5871,0.0848,8.0000
FLD0161,2026-05-18,0.5837,0.6477,0.4321,1.4433,720.7162,0.0744,18.0000
FLD0162,2026-05-18,1.0000,0.3691,0.2677,0.5572,724.8870,,1.0000
FLD0163,2026-05-18,0.9512,0.5687,0.3427,0.7668,714.6349,0.0067,2.0000
FLD0165,2026-05-18,0.5865,0.6583,0.4191,1.3887,719.6590,0.1029,13.0000
FLD0166,2026-05-18,0.5469,0.6924,0.4601,1.5998,722.6010,0.1507,8.0000
FLD0169,2026-05-18,0.8000,0.4309,0.2682,0.6982,722.3664,,1.0000
FLD0173,2026-05-18,0.5978,0.6031,0.3727,1.0460,717.0462,0.0775,18.0000
FLD0175,2026-05-18,0.9388,0.4516,0.2890,0.6751,715.0133,0.1213,8.0000
FLD0179,2026-05-18,0.8587,0.6286,0.4182,1.2390,721.3846,0.0321,3.0000
FLD0180,2026-05-18,1.0000,0.5548,0.3296,0.7588,714.0509,,1.0000
FLD0182,2026-05-18,0.5063,0.7466,0.5097,1.9718,721.4241,0.1358,4.0000
FLD0184,2026-05-18,0.6818,0.7455,0.4423,1.4447,718.4974,0.0637,4.0000
FLD0188,2026-05-18,0.7109,0.4238,0.2749,0.7755,715.9802,0.1129,27.0000
FLD0189,2026-05-18,1.0000,0.4850,0.3507,0.9783,722.2412,0.0697,3.0000
FLD0190,2026-05-18,0.5690,0.6980,0.4692,1.6284,720.2687,0.1409,4.0000
FLD0191,2026-05-18,0.6448,0.6413,0.4347,1.5240,720.1667,0.1137,19.0000
FLD0196,2026-05-18,0.9143,0.4334,0.2852,0.6397,718.6266,0.0529,2.0000
FLD0200,2026-05-18,0.8000,0.7846,0.4364,1.4089,717.3231,,1.0000
FLD0202,2026-05-18,0.7222,0.6045,0.4003,1.2948,722.4376,0.0578,2.0000
FLD0205,2026-05-18,0.8734,0.6912,0.4384,1.3180,718.3718,,1.0000
FLD0207,2026-05-18,0.7692,0.3962,0.2313,0.5451,715.4387,0.0227,4.0000
FLD0208,2026-05-18,1.0000,0.3969,0.3278,0.8603,731.0001,0.2030,2.0000
FLD0209,2026-05-18,0.9500,0.4771,0.2858,0.7364,714.5295,0.0951,5.0000
FLD0212,2026-05-18,1.0000,0.5185,0.2705,0.5831,705.9432,,1.0000
FLD0214,2026-05-18,1.0000,0.4664,0.3204,0.7418,722.6398,0.0664,3.0000
FLD0219,2026-05-18,0.9600,0.5013,0.3201,0.5800,709.5827,0.0429,2.0000
FLD0220,2026-05-18,0.8889,0.4861,0.3044,0.6411,720.6178,0.0138,2.0000
FLD0222,2026-05-18,1.0000,0.5558,0.3269,0.8134,715.8665,0.0539,9.0000
FLD0223,2026-05-18,1.0000,0.5838,0.4370,1.4116,720.9857,,1.0000
FLD0224,2026-05-18,0.5217,0.8420,0.5699,2.1048,720.5702,,1.0000
FLD0226,2026-05-18,0.7300,0.4181,0.2808,0.5726,715.6163,0.0409,5.0000
FLD0227,2026-05-18,0.5125,0.6607,0.4258,1.1606,718.8886,0.0299,4.0000
FLD0228,2026-05-18,0.7674,0.5894,0.3792,1.0049,719.3300,0.1084,16.0000
FLD0229,2026-05-18,0.8947,0.6352,0.3528,0.9327,714.3344,0.0949,7.0000
FLD0231,2026-05-18,0.8450,0.4236,0.2771,0.6242,715.9102,0.0819,15.0000
FLD0233,2026-05-18,0.6667,0.8266,0.4539,1.1929,713.4221,,1.0000
FLD0235,2026-05-18,0.6163,0.4861,0.3381,1.1376,717.9203,0.0820,4.0000
FLD0238,2026-05-18,1.0000,0.1861,0.1974,0.5070,736.5781,,1.0000
FLD0240,2026-05-18,0.8537,0.5670,0.3959,0.9553,719.4567,0.0320,3.0000
FLD0242,2026-05-18,0.8713,0.6042,0.3780,0.9501,716.2690,0.0799,2.0000
FLD0244,2026-05-18,0.8537,0.6994,0.4396,1.3714,718.0528,0.0681,2.0000
FLD0245,2026-05-18,0.8846,0.5273,0.3164,0.7047,713.4162,0.0283,4.0000
FLD0246,2026-05-18,0.5860,0.4764,0.3264,0.9215,717.2774,0.1352,9.0000
FLD0247,2026-05-18,0.8641,0.4560,0.2972,0.7023,714.7184,0.1026,20.0000
FLD0248,2026-05-18,0.6400,0.5578,0.3459,0.8241,716.4939,0.0919,8.0000
FLD0250,2026-05-18,0.8498,0.5239,0.3469,0.8754,717.5041,0.1002,15.0000
FLD0251,2026-05-18,0.6504,0.6408,0.4114,1.2580,718.3290,0.1095,27.0000
FLD0252,2026-05-18,0.5263,0.8096,0.5482,2.1154,722.0119,0.0837,6.0000
FLD0254,2026-05-18,0.7295,0.6827,0.4483,1.3165,720.0873,0.0716,10.0000
FLD0256,2026-05-18,0.5333,0.3325,0.2100,0.4285,714.4766,,1.0000
FLD0257,2026-05-18,0.8519,0.3981,0.2404,0.4809,712.7971,0.0574,4.0000
FLD0258,2026-05-18,0.6250,0.4605,0.2385,0.4300,705.2890,,1.0000
FLD0259,2026-05-18,0.6338,0.3806,0.2496,0.5420,716.2658,0.1035,14.0000
FLD0263,2026-05-18,0.5638,0.7447,0.4838,1.6045,719.8960,0.0639,9.0000
FLD0265,2026-05-18,0.6874,0.6850,0.4310,1.4035,718.0620,0.1308,32.0000
FLD0266,2026-05-18,0.6544,0.3891,0.2532,0.6227,714.4118,0.1034,68.0000
FLD0268,2026-05-18,0.5659,0.5904,0.3320,0.8896,715.5769,0.0937,3.0000
FLD0270,2026-05-18,0.6397,0.5569,0.3323,0.8059,716.5690,0.0387,11.0000
FLD0271,2026-05-18,0.5746,0.8354,0.5054,1.7330,718.5739,0.0662,6.0000
FLD0276,2026-05-18,0.5222,0.6706,0.4644,1.6512,721.8065,0.0795,7.0000
FLD0277,2026-05-18,0.7266,0.5950,0.3760,1.2025,716.6303,0.1425,17.0000
FLD0278,2026-05-18,0.8257,0.5496,0.3550,1.0390,718.3837,0.1144,16.0000
FLD0279,2026-05-18,0.6736,0.5480,0.3355,0.9705,717.5045,0.1231,13.0000
FLD0280,2026-05-18,0.6312,0.5655,0.3572,1.0988,717.4312,0.0668,13.0000
FLD0281,2026-05-18,1.0000,0.7435,0.4454,1.4318,717.8417,0.0451,2.0000
FLD0284,2026-05-18,0.7311,0.4440,0.2692,0.6685,714.3095,0.0885,20.0000
FLD0285,2026-05-18,0.7692,0.7063,0.4396,1.2109,717.6482,,1.0000
FLD0286,2026-05-18,0.8065,0.5758,0.3850,1.1154,720.8912,0.0707,2.0000
FLD0288,2026-05-18,0.5514,0.7112,0.4682,1.3711,719.5897,,1.0000
FLD0290,2026-05-18,0.5068,0.6105,0.4164,1.3697,720.8506,0.0929,20.0000
FLD0293,2026-05-18,0.6818,0.8130,0.5563,2.2073,722.6493,0.0755,4.0000
FLD0294,2026-05-18,0.5972,0.6423,0.4183,1.2245,719.0317,0.0057,2.0000
FLD0300,2026-05-18,0.5709,0.4103,0.2933,0.8539,719.9785,0.1300,6.0000
FLD0301,2026-05-18,0.6321,0.5511,0.3444,1.0371,717.3714,0.0958,6.0000
FLD0302,2026-05-18,0.6442,0.5450,0.3469,1.0356,718.7735,0.1046,14.0000
FLD0304,2026-05-18,0.7826,0.6762,0.3723,1.1133,717.1931,0.1474,3.0000
FLD0310,2026-05-18,1.0000,0.4909,0.3522,0.7903,719.4177,,1.0000
FLD0313,2026-05-18,0.6154,0.6559,0.4020,1.2287,718.3476,0.1169,3.0000
FLD0314,2026-05-18,0.9853,0.4954,0.3461,0.7599,719.4651,0.0836,5.0000
FLD0316,2026-05-18,0.5974,0.5919,0.3958,1.2612,718.8592,0.1103,23.0000
FLD0318,2026-05-18,0.6757,0.4792,0.3036,0.9137,718.1337,0.1296,20.0000
FLD0321,2026-05-18,0.8989,0.6706,0.4086,1.0819,717.4460,0.0437,3.0000
FLD0322,2026-05-18,0.8592,0.6661,0.4160,1.1721,718.1906,0.0755,10.0000
FLD0325,2026-05-18,0.9487,0.4872,0.3008,0.7846,716.5286,0.0925,7.0000
FLD0326,2026-05-18,0.8609,0.7349,0.4481,1.5555,718.4368,0.0786,7.0000
FLD0330,2026-05-18,0.6486,0.5848,0.3498,0.9454,716.5515,0.0719,5.0000
FLD0333,2026-05-18,0.7600,0.6810,0.4014,1.0598,716.4264,0.0426,5.0000
FLD0335,2026-05-18,0.6926,0.6407,0.3925,1.0492,716.5767,0.0962,43.0000
FLD0336,2026-05-18,0.8957,0.5761,0.3529,0.8308,715.6637,0.0994,10.0000
FLD0339,2026-05-18,0.6184,0.3590,0.2353,0.4508,713.8135,0.0401,6.0000
FLD0340,2026-05-18,0.7000,0.3043,0.2183,0.4735,714.7336,0.1161,7.0000
FLD0343,2026-05-18,0.6936,0.5390,0.3214,0.7180,713.9210,0.0721,6.0000
FLD0345,2026-05-18,0.8406,0.4940,0.3217,0.7246,717.7803,0.0595,13.0000
FLD0346,2026-05-18,0.9744,0.6873,0.4028,0.9275,714.6513,0.0433,6.0000
FLD0353,2026-05-18,0.5047,0.2988,0.1979,0.4338,718.6142,0.0995,4.0000
FLD0356,2026-05-18,0.6558,0.3802,0.2510,0.5119,714.6588,0.0925,18.0000
FLD0357,2026-05-18,0.7297,0.2577,0.1807,0.3137,713.9383,0.0423,5.0000
FLD0359,2026-05-18,0.5556,0.1887,0.1735,0.4625,733.0535,,1.0000
FLD0361,2026-05-18,0.5600,0.3680,0.2634,0.7639,720.9864,0.1935,3.0000
FLD0363,2026-05-18,0.5667,0.6000,0.3934,1.2011,720.3905,0.0532,3.0000
FLD0365,2026-05-18,0.6500,0.6713,0.4652,1.4482,723.6510,0.0064,2.0000
FLD0367,2026-05-18,0.5157,0.5632,0.3876,1.2112,720.7778,0.1396,8.0000
FLD0374,2026-05-18,0.5457,0.3475,0.2284,0.5638,713.5324,0.1173,66.0000
FLD0375,2026-05-18,0.8000,0.2251,0.1955,0.3018,722.6875,0.0033,2.0000
FLD0379,2026-05-18,0.6279,0.3878,0.2598,0.6518,720.1294,0.0524,5.0000
FLD0380,2026-05-18,0.6667,0.6222,0.3888,1.2515,718.6273,0.1114,40.0000
FLD0381,2026-05-18,0.5710,0.4460,0.2825,0.6906,715.0040,0.0693,13.0000
FLD0382,2026-05-18,0.5536,0.3532,0.2588,0.5581,716.0814,0.0496,3.0000
FLD0383,2026-05-18,0.5938,0.2781,0.1834,0.3667,712.8481,0.0783,19.0000
FLD0384,2026-05-18,0.5550,0.6470,0.4092,1.1822,718.8560,0.0631,11.0000
FLD0385,2026-05-18,0.7647,0.6383,0.3838,1.0568,716.5888,0.0766,10.0000
FLD0386,2026-05-18,0.5908,0.6606,0.4326,1.4031,719.9648,0.0851,13.0000
FLD0388,2026-05-18,0.9000,0.5745,0.3664,0.9867,719.7739,0.0100,2.0000
FLD0390,2026-05-18,0.5928,0.5621,0.3599,0.9909,717.1079,0.0690,8.0000
FLD0392,2026-05-18,0.7967,0.5346,0.3319,0.9471,716.2616,0.1072,22.0000
FLD0396,2026-05-18,0.6201,0.6179,0.4056,1.2636,719.4638,0.1170,7.0000
FLD0399,2026-05-18,0.5902,0.6253,0.4191,1.3156,720.9564,0.0969,5.0000
FLD0402,2026-05-18,0.7593,0.5846,0.3973,1.3981,721.2575,0.1322,13.0000
FLD0403,2026-05-18,0.8696,0.7684,0.4774,1.6663,718.4398,0.0478,5.0000
FLD0405,2026-05-18,0.9750,0.4922,0.3155,0.8895,718.8403,0.0646,4.0000
FLD0408,2026-05-18,1.0000,0.6434,0.3373,1.0085,712.1824,,1.0000
FLD0423,2026-05-18,0.8667,0.4386,0.2842,0.5976,715.0875,,1.0000
FLD0426,2026-05-18,0.9580,0.6465,0.3900,1.1208,718.3635,0.0766,13.0000
FLD0427,2026-05-18,0.9504,0.6327,0.3890,1.0905,717.0225,0.0681,13.0000
FLD0428,2026-05-18,0.8184,0.6139,0.3874,1.1112,718.2703,0.0921,28.0000
FLD0431,2026-05-18,0.9726,0.6229,0.3723,0.9265,716.2165,0.0322,3.0000
FLD0432,2026-05-18,0.8113,0.4796,0.2971,0.6759,713.9248,0.1111,3.0000
FLD0433,2026-05-18,0.9545,0.4444,0.2867,0.6589,715.2467,0.1088,3.0000
FLD0434,2026-05-18,1.0000,0.7247,0.4591,1.5202,718.0704,,1.0000
FLD0436,2026-05-18,0.9056,0.4220,0.2793,0.5437,714.3902,0.0967,21.0000
FLD0437,2026-05-18,0.7472,0.7491,0.4741,1.5393,720.6315,0.0509,10.0000
FLD0441,2026-05-18,0.9231,0.5019,0.3105,0.7467,713.7577,,1.0000
FLD0442,2026-05-18,0.6875,0.5090,0.3353,1.0391,722.0293,0.0984,3.0000
FLD0443,2026-05-18,0.6667,0.7859,0.5047,1.8102,721.3164,0.0866,4.0000
FLD0449,2026-05-18,0.8101,0.6625,0.4324,1.1294,718.6229,,1.0000
FLD0458,2026-05-18,0.9000,0.2438,0.1856,0.3905,717.0163,0.0501,2.0000
FLD0459,2026-05-18,0.9545,0.4441,0.2827,0.6529,719.7738,0.0439,4.0000
FLD0460,2026-05-18,0.6923,0.7618,0.4613,1.4745,721.9281,0.0650,2.0000
FLD0463,2026-05-18,0.6154,0.6019,0.4099,1.0853,726.8215,0.0853,2.0000
FLD0464,2026-05-18,0.5641,0.7659,0.5532,2.0454,723.7394,0.0442,3.0000
FLD0466,2026-05-18,1.0000,0.5045,0.3232,0.8557,719.9058,0.0893,4.0000
FLD0467,2026-05-18,0.8571,0.6327,0.4111,1.1689,717.6696,0.0743,7.0000
FLD0468,2026-05-18,1.0000,0.5234,0.3426,0.8438,718.6617,0.0609,2.0000
FLD0002,2026-05-23,0.6460,0.5537,0.3995,1.0820,717.7260,0.0879,6.0000
FLD0003,2026-05-23,0.9878,0.4464,0.3196,0.5972,714.4187,0.0487,10.0000
FLD0004,2026-05-23,0.9259,0.5437,0.3315,0.7444,715.5211,0.1084,9.0000
FLD0005,2026-05-23,0.9322,0.6349,0.4158,1.2056,715.1020,0.1151,8.0000
FLD0006,2026-05-23,0.7488,0.6879,0.4463,1.3631,716.3197,0.0987,11.0000
FLD0007,2026-05-23,0.8115,0.4396,0.3170,0.6958,714.1820,0.0908,22.0000
FLD0010,2026-05-23,0.7436,0.6477,0.4459,1.1679,716.8453,0.0091,2.0000
FLD0021,2026-05-23,0.8243,0.6866,0.4679,1.4442,718.3037,0.0551,8.0000
FLD0022,2026-05-23,0.9333,0.6780,0.4678,1.4815,717.7272,0.0616,13.0000
FLD0023,2026-05-23,0.7143,0.6938,0.4814,1.5424,721.0447,,1.0000
FLD0024,2026-05-23,0.8634,0.7023,0.4474,1.2746,715.5733,0.0748,14.0000
FLD0029,2026-05-23,0.6116,0.6884,0.4709,1.4781,717.7354,0.0738,20.0000
FLD0030,2026-05-23,0.9831,0.6159,0.4171,1.0078,716.9014,0.0479,8.0000
FLD0031,2026-05-23,0.6415,0.6299,0.4260,1.2491,716.3766,0.0971,18.0000
FLD0033,2026-05-23,0.7597,0.5184,0.3502,0.7941,712.2828,0.0508,7.0000
FLD0034,2026-05-23,0.8833,0.6666,0.4187,1.0630,715.9639,0.0854,7.0000
FLD0035,2026-05-23,0.5962,0.8541,0.5403,1.7967,717.6281,,1.0000
FLD0036,2026-05-23,0.7377,0.4850,0.3314,0.8948,714.3604,,1.0000
FLD0037,2026-05-23,0.5714,0.6121,0.3873,1.0082,713.4383,0.1032,8.0000
FLD0038,2026-05-23,0.9244,0.3732,0.2726,0.4920,711.9182,0.0682,24.0000
FLD0040,2026-05-23,0.8750,0.5409,0.3692,0.9181,715.3474,0.0692,23.0000
FLD0041,2026-05-23,0.8519,0.4482,0.3144,0.6590,712.4804,0.0867,66.0000
FLD0042,2026-05-23,0.7609,0.4925,0.3279,0.6918,713.3732,0.0574,9.0000
FLD0043,2026-05-23,0.9389,0.5350,0.3674,0.8884,714.7170,0.0915,64.0000
FLD0045,2026-05-23,0.6568,0.7733,0.4975,1.5944,717.9321,0.2071,7.0000
FLD0048,2026-05-23,0.5808,0.5593,0.3767,0.9477,715.9827,0.0237,3.0000
FLD0049,2026-05-23,0.9581,0.4507,0.3247,0.6744,713.3279,0.0754,32.0000
FLD0050,2026-05-23,0.9605,0.5347,0.3644,0.8352,715.2539,0.0695,12.0000
FLD0051,2026-05-23,1.0000,0.3654,0.3174,0.6451,717.6127,0.0651,3.0000
FLD0052,2026-05-23,0.9522,0.6688,0.4259,1.1036,715.1874,0.0610,20.0000
FLD0053,2026-05-23,0.8667,0.4530,0.3272,0.8321,718.3288,0.0640,7.0000
FLD0054,2026-05-23,0.8557,0.5624,0.3868,0.9496,715.8711,0.0964,25.0000
FLD0055,2026-05-23,0.7044,0.7145,0.4569,1.2942,715.9859,0.0573,18.0000
FLD0056,2026-05-23,0.8268,0.4959,0.3537,0.7234,714.6562,0.0573,10.0000
FLD0057,2026-05-23,0.8896,0.6245,0.4107,0.9091,714.1458,0.0372,17.0000
FLD0058,2026-05-23,0.7578,0.6619,0.4418,1.1211,716.8261,0.0408,16.0000
FLD0059,2026-05-23,0.9758,0.4357,0.3259,0.5908,714.1883,0.0826,10.0000
FLD0060,2026-05-23,0.8214,0.6409,0.4258,1.0388,714.4977,0.0625,2.0000
FLD0061,2026-05-23,0.8966,0.6294,0.4222,1.0120,715.1530,0.0484,5.0000
FLD0063,2026-05-23,0.5538,0.7753,0.5015,1.6810,717.8185,0.1013,18.0000
FLD0065,2026-05-23,0.6438,0.7597,0.4622,1.3495,715.6089,0.0536,7.0000
FLD0066,2026-05-23,0.7399,0.6701,0.4348,1.2239,715.9703,0.0831,29.0000
FLD0068,2026-05-23,0.7305,0.6473,0.4580,1.4376,717.5859,0.0780,13.0000
FLD0069,2026-05-23,0.8571,0.5734,0.4158,1.1763,718.3250,0.1216,4.0000
FLD0070,2026-05-23,0.7500,0.5525,0.3912,1.0625,716.7897,0.0542,6.0000
FLD0071,2026-05-23,0.6967,0.5545,0.3940,1.0898,716.5013,0.1227,30.0000
FLD0072,2026-05-23,0.7339,0.4713,0.3249,0.7901,715.0827,0.0336,3.0000
FLD0073,2026-05-23,1.0000,0.3910,0.2622,0.4935,711.8037,0.0217,2.0000
FLD0074,2026-05-23,0.5211,0.7244,0.4879,1.4378,717.4648,0.0546,2.0000
FLD0075,2026-05-23,1.0000,0.6117,0.3930,0.9253,715.1162,0.0530,4.0000
FLD0076,2026-05-23,1.0000,0.3992,0.2963,0.5089,713.0984,0.0320,4.0000
FLD0077,2026-05-23,0.6780,0.6726,0.4479,1.2924,716.5773,0.0954,20.0000
FLD0078,2026-05-23,0.7721,0.6782,0.4445,1.2176,715.8905,0.0670,24.0000
FLD0079,2026-05-23,0.7181,0.7439,0.4960,1.6206,718.1643,0.0925,17.0000
FLD0080,2026-05-23,0.7269,0.7292,0.4881,1.5815,717.9099,0.1313,19.0000
FLD0081,2026-05-23,0.6702,0.7280,0.4663,1.4662,716.2713,0.0771,22.0000
FLD0082,2026-05-23,0.8524,0.5624,0.3841,0.9231,715.2301,0.0992,26.0000
FLD0083,2026-05-23,0.8584,0.5173,0.3283,0.7329,713.3539,0.0623,9.0000
FLD0084,2026-05-23,0.5714,0.7140,0.4387,1.2336,713.0753,0.1113,20.0000
FLD0087,2026-05-23,0.7478,0.7112,0.4680,1.4481,717.6263,0.0736,31.0000
FLD0093,2026-05-23,0.5272,0.5532,0.4007,1.3500,718.1484,0.1290,6.0000
FLD0095,2026-05-23,0.6949,0.7112,0.4791,1.6208,717.7505,0.0979,8.0000
FLD0100,2026-05-23,0.6250,0.8312,0.5405,1.8714,717.9399,,1.0000
FLD0102,2026-05-23,0.9565,0.6805,0.3917,1.0254,714.2073,,1.0000
FLD0104,2026-05-23,0.5698,0.6509,0.4526,1.3410,717.9625,0.0829,16.0000
FLD0106,2026-05-23,0.5410,0.7069,0.5137,1.8168,719.9283,0.0816,5.0000
FLD0109,2026-05-23,0.5141,0.6117,0.4487,1.4815,719.2053,0.1265,8.0000
FLD0112,2026-05-23,0.5647,0.7274,0.4966,1.7319,718.3514,0.0859,34.0000
FLD0113,2026-05-23,0.5929,0.7571,0.5063,1.7522,717.8964,0.0757,16.0000
FLD0114,2026-05-23,0.8718,0.5544,0.4234,1.2023,717.9814,,1.0000
FLD0117,2026-05-23,0.6776,0.5750,0.3915,0.9881,716.7817,0.0980,10.0000
FLD0118,2026-05-23,0.7664,0.8621,0.5194,1.7044,716.0633,0.0356,6.0000
FLD0121,2026-05-23,0.7563,0.7147,0.4790,1.4865,717.7512,0.0708,21.0000
FLD0122,2026-05-23,0.5037,0.7043,0.4839,1.6136,717.8608,0.0703,23.0000
FLD0124,2026-05-23,0.5038,0.7494,0.4962,1.7037,718.2342,0.1099,19.0000
FLD0126,2026-05-23,0.7348,0.7378,0.4685,1.4023,716.1141,0.1083,8.0000
FLD0127,2026-05-23,0.6667,0.5588,0.3876,1.2235,715.7855,0.1342,5.0000
FLD0128,2026-05-23,1.0000,0.4071,0.2814,0.5344,710.7966,0.0796,6.0000
FLD0129,2026-05-23,1.0000,0.4811,0.3105,0.6287,712.2836,0.0352,3.0000
FLD0130,2026-05-23,1.0000,0.4021,0.2711,0.4623,709.9193,0.0437,2.0000
FLD0131,2026-05-23,0.5563,0.6153,0.4185,1.2889,716.2692,0.0974,11.0000
FLD0132,2026-05-23,0.6434,0.6068,0.4115,1.1367,716.5000,0.0824,45.0000
FLD0134,2026-05-23,0.8492,0.6286,0.4336,1.1061,715.7035,0.0790,5.0000
FLD0135,2026-05-23,0.9812,0.4498,0.3284,0.6285,713.0904,0.0431,8.0000
FLD0137,2026-05-23,0.5912,0.6812,0.4443,1.3096,715.4415,0.0712,5.0000
FLD0139,2026-05-23,1.0000,0.4873,0.2908,0.6500,711.2211,,1.0000
FLD0141,2026-05-23,0.8571,0.7245,0.5231,1.7298,720.0450,0.1026,2.0000
FLD0142,2026-05-23,0.8000,0.9212,0.4785,1.5487,712.2605,,1.0000
FLD0143,2026-05-23,0.8395,0.5904,0.4166,1.2794,717.4669,0.1151,56.0000
FLD0148,2026-05-23,0.5410,0.5690,0.3878,1.1476,715.5083,0.1034,30.0000
FLD0149,2026-05-23,0.7421,0.6967,0.4396,1.3095,715.1668,0.0838,11.0000
FLD0150,2026-05-23,0.7180,0.5263,0.3579,0.9456,715.2122,0.0756,13.0000
FLD0151,2026-05-23,0.9749,0.4999,0.3276,0.7612,713.3859,0.0768,13.0000
FLD0152,2026-05-23,0.8106,0.6420,0.4342,1.2415,716.6331,0.1254,10.0000
FLD0153,2026-05-23,0.7006,0.6091,0.4066,1.2217,716.5437,0.1236,26.0000
FLD0155,2026-05-23,0.7968,0.5086,0.3758,0.9332,716.6912,0.0509,7.0000
FLD0156,2026-05-23,0.5801,0.6454,0.4457,1.4361,717.5165,0.1088,11.0000
FLD0158,2026-05-23,0.6738,0.5104,0.3380,0.8106,713.8380,0.1286,3.0000
FLD0159,2026-05-23,0.9893,0.5253,0.3618,0.8789,715.3982,0.0820,9.0000
FLD0161,2026-05-23,0.7535,0.6826,0.4499,1.3542,716.4139,0.0844,25.0000
FLD0162,2026-05-23,1.0000,0.3642,0.2907,0.5235,715.6472,,1.0000
FLD0163,2026-05-23,0.9512,0.4861,0.3461,0.6996,713.5697,0.0047,2.0000
FLD0164,2026-05-23,0.5625,0.7349,0.4243,1.1950,713.6462,0.0240,3.0000
FLD0165,2026-05-23,0.7163,0.6358,0.4338,1.3295,716.9896,0.0945,15.0000
FLD0166,2026-05-23,0.8750,0.7102,0.4821,1.5436,719.2917,0.1105,11.0000
FLD0167,2026-05-23,0.5761,0.6132,0.4087,1.1710,715.3226,0.1379,25.0000
FLD0168,2026-05-23,0.7765,0.4586,0.3192,0.7616,713.0341,0.1244,15.0000
FLD0169,2026-05-23,1.0000,0.4238,0.2990,0.5610,713.4319,,1.0000
FLD0172,2026-05-23,0.5325,0.6326,0.4566,1.2710,716.9669,0.0470,3.0000
FLD0173,2026-05-23,0.7486,0.5817,0.3893,0.9754,714.9991,0.0713,21.0000
FLD0175,2026-05-23,0.9878,0.4358,0.3183,0.6682,714.5077,0.1194,10.0000
FLD0176,2026-05-23,0.6377,0.4646,0.3179,0.8713,713.5464,0.1436,11.0000
FLD0177,2026-05-23,0.9085,0.3089,0.2195,0.5177,709.8741,0.1258,5.0000
FLD0178,2026-05-23,0.7143,0.2321,0.2223,0.4376,725.9242,0.0022,2.0000
FLD0179,2026-05-23,0.9565,0.5561,0.4134,1.1797,717.6322,0.0184,3.0000
FLD0180,2026-05-23,1.0000,0.4819,0.3312,0.6872,713.4714,,1.0000
FLD0182,2026-05-23,0.6835,0.7969,0.5423,1.9321,719.1272,0.0725,5.0000
FLD0184,2026-05-23,0.9394,0.7496,0.4442,1.2520,714.4046,0.0444,5.0000
FLD0188,2026-05-23,0.8836,0.3963,0.2876,0.7115,712.9830,0.1054,30.0000
FLD0189,2026-05-23,0.9000,0.4601,0.3415,0.7622,715.4911,0.0823,3.0000
FLD0190,2026-05-23,0.6379,0.6014,0.4507,1.5172,719.2290,0.1449,5.0000
FLD0191,2026-05-23,0.6371,0.6647,0.4613,1.5053,717.9339,0.1015,23.0000
FLD0193,2026-05-23,0.5019,0.6096,0.4193,1.3288,717.4279,0.1201,8.0000
FLD0194,2026-05-23,0.5915,0.7824,0.5058,1.8686,717.5991,0.1290,4.0000
FLD0196,2026-05-23,0.9571,0.4171,0.3011,0.5729,714.3017,0.0857,3.0000
FLD0198,2026-05-23,0.8000,0.2183,0.1958,0.3873,725.7956,,1.0000
FLD0200,2026-05-23,0.8000,0.7033,0.4213,1.1720,715.1433,,1.0000
FLD0202,2026-05-23,0.8333,0.5667,0.3770,1.0223,721.0239,0.1274,3.0000
FLD0203,2026-05-23,0.5957,0.5342,0.3720,0.9975,716.3922,0.1250,21.0000
FLD0205,2026-05-23,0.9873,0.6581,0.4223,1.0782,715.3354,,1.0000
FLD0207,2026-05-23,1.0000,0.3684,0.2549,0.4851,712.5958,0.0447,4.0000
FLD0208,2026-05-23,1.0000,0.3605,0.3498,0.7783,729.4876,0.1368,2.0000
FLD0209,2026-05-23,1.0000,0.4759,0.3207,0.7538,712.5269,0.0951,5.0000
FLD0212,2026-05-23,1.0000,0.4634,0.3030,0.5680,708.6708,,1.0000
FLD0214,2026-05-23,1.0000,0.4501,0.3342,0.6976,718.0673,0.0452,3.0000
FLD0219,2026-05-23,1.0000,0.4649,0.3404,0.5833,712.0171,0.0440,2.0000
FLD0220,2026-05-23,1.0000,0.4668,0.3240,0.6168,715.4034,0.0440,3.0000
FLD0221,2026-05-23,0.8333,0.1869,0.2334,0.3931,718.9130,,1.0000
FLD0222,2026-05-23,0.9211,0.3406,0.2567,0.4219,713.8094,0.0152,8.0000
FLD0223,2026-05-23,1.0000,0.5444,0.4108,1.0678,717.7464,,1.0000
FLD0224,2026-05-23,0.7826,0.7986,0.5162,1.5206,717.0185,,1.0000
FLD0226,2026-05-23,0.9100,0.4248,0.3085,0.6020,713.9738,0.1107,16.0000
FLD0227,2026-05-23,0.6500,0.6533,0.4113,0.9638,714.2403,0.0353,7.0000
FLD0228,2026-05-23,0.8682,0.5160,0.3607,0.7966,715.6619,0.0843,17.0000
FLD0229,2026-05-23,0.9474,0.5893,0.3496,0.7954,711.7370,0.0760,7.0000
FLD0230,2026-05-23,0.7273,0.2878,0.1859,0.4092,710.4120,0.1669,2.0000
FLD0231,2026-05-23,0.9269,0.3883,0.2831,0.5454,713.0542,0.0564,15.0000
FLD0233,2026-05-23,0.6667,0.6797,0.4092,0.9164,712.1538,,1.0000
FLD0235,2026-05-23,0.7209,0.4647,0.3337,0.9020,714.3208,0.0799,4.0000
FLD0238,2026-05-23,1.0000,0.1780,0.2327,0.4774,729.1186,,1.0000
FLD0240,2026-05-23,0.9512,0.5265,0.3714,0.8258,715.0379,0.0482,3.0000
FLD0242,2026-05-23,0.9505,0.5605,0.3747,0.8278,714.5107,0.0514,3.0000
FLD0244,2026-05-23,0.9512,0.6391,0.4157,1.0903,715.4456,0.0627,2.0000
FLD0245,2026-05-23,1.0000,0.4710,0.3190,0.6396,709.8861,0.0457,4.0000
FLD0246,2026-05-23,0.7796,0.4724,0.3400,0.7812,714.7086,0.0701,14.0000
FLD0247,2026-05-23,0.9391,0.4402,0.3189,0.6870,713.8444,0.0897,22.0000
FLD0248,2026-05-23,0.5911,0.5756,0.3765,0.9318,714.0504,0.0986,8.0000
FLD0250,2026-05-23,0.9113,0.5138,0.3612,0.8436,715.6452,0.1317,21.0000
FLD0251,2026-05-23,0.7722,0.5871,0.3971,1.0607,715.2875,0.1249,34.0000
FLD0252,2026-05-23,0.8278,0.8072,0.5445,1.9068,719.1408,0.0646,9.0000
FLD0253,2026-05-23,0.8054,0.5001,0.3438,0.9913,715.3439,0.1457,14.0000
FLD0254,2026-05-23,0.8661,0.6750,0.4604,1.2561,717.0611,0.0689,12.0000
FLD0256,2026-05-23,0.7852,0.3289,0.2361,0.4270,713.9516,0.1631,4.0000
FLD0257,2026-05-23,0.9630,0.4113,0.2836,0.5286,712.9646,0.0487,4.0000
FLD0258,2026-05-23,1.0000,0.3961,0.2571,0.4318,714.4424,0.0235,2.0000
FLD0259,2026-05-23,0.8063,0.3375,0.2561,0.4906,715.7719,0.1009,19.0000
FLD0263,2026-05-23,0.8010,0.7584,0.4901,1.4913,716.9743,0.0583,15.0000
FLD0264,2026-05-23,0.6399,0.6384,0.4311,1.2470,716.2752,0.1028,22.0000
FLD0265,2026-05-23,0.8115,0.6627,0.4292,1.2064,715.4789,0.1144,37.0000
FLD0266,2026-05-23,0.8456,0.3879,0.2827,0.6298,712.7625,0.0908,80.0000
FLD0268,2026-05-23,0.7610,0.5392,0.3536,0.8909,713.3896,0.1027,6.0000
FLD0270,2026-05-23,0.7794,0.5533,0.3672,0.8369,714.3555,0.0512,11.0000
FLD0271,2026-05-23,0.8177,0.7748,0.4807,1.3850,715.9563,0.0522,8.0000
FLD0275,2026-05-23,0.5131,0.5842,0.4078,1.1877,715.9430,0.1077,5.0000
FLD0276,2026-05-23,0.5517,0.7145,0.4945,1.6158,718.7627,0.0809,6.0000
FLD0277,2026-05-23,0.8435,0.5938,0.3979,1.1515,715.2251,0.1259,19.0000
FLD0278,2026-05-23,0.9212,0.5236,0.3603,0.9263,715.4764,0.1123,22.0000
FLD0279,2026-05-23,0.8576,0.5462,0.3568,0.8985,714.0815,0.1090,17.0000
FLD0280,2026-05-23,0.7120,0.5672,0.3745,1.0134,715.3367,0.0591,14.0000
FLD0281,2026-05-23,1.0000,0.6528,0.4093,1.0507,715.0734,0.0209,2.0000
FLD0284,2026-05-23,0.9370,0.3673,0.2595,0.5065,710.7247,0.0894,22.0000
FLD0285,2026-05-23,0.8462,0.6478,0.4264,1.0424,715.4768,,1.0000
FLD0286,2026-05-23,0.9032,0.5341,0.3772,0.9132,715.8600,0.0535,2.0000
FLD0288,2026-05-23,0.6542,0.6823,0.4503,1.1884,715.7223,,1.0000
FLD0290,2026-05-23,0.5803,0.5794,0.4166,1.1969,717.5218,0.0917,20.0000
FLD0291,2026-05-23,0.7324,0.6853,0.4654,1.2904,716.3439,,1.0000
FLD0292,2026-05-23,0.9020,0.7465,0.4784,1.3465,717.4803,0.0594,2.0000
FLD0293,2026-05-23,0.9773,0.8208,0.5535,1.9975,719.6297,0.0646,4.0000
FLD0294,2026-05-23,0.6806,0.6283,0.4362,1.1957,717.3703,0.0774,3.0000
FLD0295,2026-05-23,0.8182,0.8056,0.5648,2.0097,719.7507,0.0052,3.0000
FLD0297,2026-05-23,0.5185,0.6661,0.5238,1.7914,724.3455,0.0776,2.0000
FLD0300,2026-05-23,0.5398,0.4859,0.3657,1.0171,719.6281,0.1073,5.0000
FLD0301,2026-05-23,0.9171,0.5144,0.3442,0.8597,714.7611,0.0763,7.0000
FLD0302,2026-05-23,0.8140,0.5700,0.3697,0.9869,715.0502,0.1075,19.0000
FLD0303,2026-05-23,0.6592,0.5958,0.4126,1.2699,716.9538,0.1174,55.0000
FLD0304,2026-05-23,1.0000,0.5251,0.3427,0.7710,712.1010,0.0960,4.0000
FLD0307,2026-05-23,0.5143,0.8191,0.5045,1.5212,716.1005,0.0945,4.0000
FLD0309,2026-05-23,0.8542,0.7015,0.4899,1.5200,720.0725,0.0746,3.0000
FLD0310,2026-05-23,1.0000,0.4520,0.3466,0.7063,716.7952,,1.0000
FLD0311,2026-05-23,0.5281,0.6834,0.4515,1.3508,715.9612,0.0883,7.0000
FLD0313,2026-05-23,0.7308,0.6472,0.4164,1.1025,715.5433,0.0905,5.0000
FLD0314,2026-05-23,1.0000,0.4541,0.3496,0.7063,716.7497,0.0733,5.0000
FLD0316,2026-05-23,0.7151,0.5576,0.3940,1.0846,716.0516,0.0972,26.0000
FLD0317,2026-05-23,0.5638,0.5362,0.3624,0.9393,714.8929,0.1153,7.0000
FLD0318,2026-05-23,0.8757,0.4663,0.3227,0.8006,715.7424,0.1041,22.0000
FLD0321,2026-05-23,0.9663,0.6359,0.4137,0.9799,714.7464,0.0183,3.0000
FLD0322,2026-05-23,0.9437,0.5872,0.4022,1.0029,715.6084,0.0918,11.0000
FLD0323,2026-05-23,0.5682,0.8168,0.5389,1.9569,719.1481,0.0957,5.0000
FLD0325,2026-05-23,0.9744,0.4283,0.3043,0.6333,714.3995,0.0705,8.0000
FLD0326,2026-05-23,0.9139,0.6644,0.4336,1.2663,715.9596,0.0834,8.0000
FLD0327,2026-05-23,0.6646,0.6010,0.4133,1.2326,716.5497,0.1436,3.0000
FLD0328,2026-05-23,0.5182,0.4664,0.3221,0.9349,713.3194,0.1688,16.0000
FLD0329,2026-05-23,0.5107,0.6773,0.4587,1.4882,718.2900,0.0921,19.0000
FLD0330,2026-05-23,0.9009,0.5190,0.3359,0.7588,712.9146,0.0734,10.0000
FLD0333,2026-05-23,0.9300,0.6810,0.4062,0.9613,713.4520,0.0597,6.0000
FLD0334,2026-05-23,0.8527,0.2277,0.1692,0.2646,707.5152,0.0620,25.0000
FLD0335,2026-05-23,0.8045,0.5969,0.3847,0.9004,713.6338,0.0820,52.0000
FLD0336,2026-05-23,0.9739,0.5314,0.3490,0.7300,714.2814,0.1077,11.0000
FLD0337,2026-05-23,0.8667,0.1596,0.1217,0.2063,707.7316,0.0179,2.0000
FLD0338,2026-05-23,0.8014,0.2980,0.2225,0.3780,711.4760,0.0730,9.0000
FLD0339,2026-05-23,0.8553,0.3460,0.2570,0.4472,712.1511,0.0604,8.0000
FLD0340,2026-05-23,0.8429,0.3080,0.2441,0.4575,710.7550,0.1205,8.0000
FLD0341,2026-05-23,0.6885,0.4165,0.2670,0.5770,712.0845,0.0711,4.0000
FLD0343,2026-05-23,0.8043,0.5261,0.3495,0.7483,714.0826,0.0399,7.0000
FLD0344,2026-05-23,0.6190,0.7374,0.4734,1.5152,715.2526,,1.0000
FLD0345,2026-05-23,0.9589,0.4883,0.3440,0.7090,715.7304,0.0579,15.0000
FLD0346,2026-05-23,1.0000,0.6361,0.4069,0.8803,713.9253,0.0408,7.0000
FLD0348,2026-05-23,0.6260,0.1604,0.1455,0.2372,715.0079,0.0798,6.0000
FLD0352,2026-05-23,0.6214,0.4542,0.3229,0.9276,717.4253,0.1075,9.0000
FLD0353,2026-05-23,0.7757,0.2900,0.2304,0.4292,718.5133,0.0705,10.0000
FLD0354,2026-05-23,0.5385,0.4253,0.2981,0.7920,716.6721,0.1287,10.0000
FLD0356,2026-05-23,0.5845,0.3615,0.2711,0.4773,712.9954,0.0894,15.0000
FLD0357,2026-05-23,0.8784,0.2508,0.2059,0.3185,713.2604,0.0561,6.0000
FLD0359,2026-05-23,0.6667,0.1726,0.1673,0.3517,721.2298,0.1377,2.0000
FLD0360,2026-05-23,0.5000,0.3335,0.2498,0.5393,715.5758,0.1125,8.0000
FLD0361,2026-05-23,0.7067,0.3595,0.2823,0.7321,715.9891,0.1998,5.0000
FLD0363,2026-05-23,0.7556,0.6222,0.4143,1.1755,716.8579,0.0882,5.0000
FLD0365,2026-05-23,0.7000,0.6341,0.4385,1.3028,716.3310,0.0092,2.0000
FLD0367,2026-05-23,0.6663,0.5955,0.4161,1.1934,717.5510,0.1181,10.0000
FLD0369,2026-05-23,0.7097,0.8268,0.5275,1.7608,717.7376,0.0113,3.0000
FLD0371,2026-05-23,0.5270,0.6179,0.4156,1.1997,716.6931,0.0934,25.0000
FLD0374,2026-05-23,0.8361,0.3266,0.2398,0.5136,712.0611,0.1087,89.0000
FLD0375,2026-05-23,1.0000,0.2618,0.2421,0.3537,718.1919,0.0298,3.0000
FLD0377,2026-05-23,0.7614,0.2459,0.2103,0.3245,713.1345,,1.0000
FLD0378,2026-05-23,0.7438,0.2166,0.1850,0.3515,716.9341,0.1351,8.0000
FLD0379,2026-05-23,0.9535,0.3142,0.2517,0.4885,713.6721,0.0796,8.0000
FLD0380,2026-05-23,0.8570,0.6351,0.4055,1.1102,714.8882,0.0961,56.0000
FLD0381,2026-05-23,0.7634,0.4950,0.3411,0.8585,714.3339,0.0884,16.0000
FLD0382,2026-05-23,0.7679,0.3486,0.2586,0.4816,711.4395,0.0171,5.0000
FLD0383,2026-05-23,0.8227,0.2643,0.2091,0.3424,712.4920,0.0681,32.0000
FLD0384,2026-05-23,0.6387,0.6082,0.4053,1.0652,715.5366,0.0429,11.0000
FLD0385,2026-05-23,0.8914,0.6000,0.3913,0.9874,714.8370,0.0697,11.0000
FLD0386,2026-05-23,0.6992,0.6981,0.4554,1.3711,716.9809,0.0845,18.0000
FLD0388,2026-05-23,0.9333,0.5294,0.3601,0.8070,715.4381,0.0339,2.0000
FLD0390,2026-05-23,0.5603,0.6726,0.4300,1.2240,714.6372,0.1030,10.0000
FLD0392,2026-05-23,0.9276,0.5038,0.3370,0.8249,714.1597,0.0993,24.0000
FLD0395,2026-05-23,0.6181,0.6044,0.4238,1.2908,717.5396,0.1143,70.0000
FLD0396,2026-05-23,0.7817,0.6272,0.4257,1.2472,715.9278,0.1199,11.0000
FLD0397,2026-05-23,0.7320,0.5158,0.3564,1.0236,715.5494,0.1367,4.0000
FLD0398,2026-05-23,0.5576,0.6668,0.4539,1.3970,717.2729,0.0794,7.0000
FLD0399,2026-05-23,0.7049,0.5693,0.4114,1.0773,716.8084,0.0943,6.0000
FLD0402,2026-05-23,0.7963,0.5404,0.3811,1.0964,717.4445,0.1002,12.0000
FLD0403,2026-05-23,1.0000,0.7449,0.4722,1.4696,716.3334,0.0489,5.0000
FLD0404,2026-05-23,0.6667,0.7617,0.4794,1.5663,716.6330,0.0116,2.0000
FLD0405,2026-05-23,1.0000,0.5461,0.3475,0.8954,711.4902,0.0629,4.0000
FLD0408,2026-05-23,1.0000,0.5424,0.3184,0.8320,711.5564,,1.0000
FLD0409,2026-05-23,1.0000,0.8015,0.4804,1.3454,714.3888,,1.0000
FLD0413,2026-05-23,0.5112,0.6127,0.4285,1.1981,716.8772,0.0504,3.0000
FLD0414,2026-05-23,0.6387,0.7187,0.4947,1.5479,718.4423,0.0406,5.0000
FLD0423,2026-05-23,0.9000,0.4154,0.3023,0.5668,713.3622,,1.0000
FLD0425,2026-05-23,0.5125,0.7431,0.4830,1.5061,716.3456,0.0817,12.0000
FLD0426,2026-05-23,0.9790,0.6049,0.3903,0.9658,715.3541,0.0724,13.0000
FLD0427,2026-05-23,0.9504,0.6082,0.4004,0.9997,715.3307,0.0620,13.0000
FLD0428,2026-05-23,0.9322,0.5840,0.3840,0.9417,714.6803,0.0788,32.0000
FLD0430,2026-05-23,0.5497,0.7041,0.4706,1.5053,718.1049,0.0732,21.0000
FLD0431,2026-05-23,1.0000,0.5006,0.3507,0.7251,714.3200,0.0131,3.0000
FLD0432,2026-05-23,0.9811,0.4361,0.2991,0.5871,712.4352,0.0707,3.0000
FLD0433,2026-05-23,0.9545,0.4280,0.3060,0.6131,713.6482,0.0827,3.0000
FLD0434,2026-05-23,1.0000,0.6297,0.4311,1.2060,717.1034,,1.0000
FLD0436,2026-05-23,0.9820,0.3819,0.2849,0.4871,712.3132,0.0878,23.0000
FLD0437,2026-05-23,0.9607,0.6683,0.4345,1.1486,715.9959,0.0394,10.0000
FLD0439,2026-05-23,0.5030,0.8586,0.5642,2.1216,719.3683,0.0744,6.0000
FLD0440,2026-05-23,0.5960,0.6911,0.4732,1.3682,717.7217,0.0782,4.0000
FLD0441,2026-05-23,1.0000,0.4501,0.3094,0.6122,711.5264,,1.0000
FLD0442,2026-05-23,0.7031,0.4794,0.3460,0.9271,717.0043,0.0740,3.0000
FLD0443,2026-05-23,0.7778,0.7466,0.4899,1.5362,717.0782,0.0875,5.0000
FLD0448,2026-05-23,0.6029,0.8042,0.5211,1.7771,718.4261,0.0170,2.0000
FLD0449,2026-05-23,0.9873,0.6451,0.4224,1.0581,714.5280,0.0948,2.0000
FLD0457,2026-05-23,1.0000,0.8469,0.5086,1.3444,717.8688,,1.0000
FLD0458,2026-05-23,1.0000,0.2495,0.2276,0.3781,713.4753,0.0341,2.0000
FLD0459,2026-05-23,1.0000,0.4460,0.2828,0.5797,713.4749,0.0387,5.0000
FLD0460,2026-05-23,0.8462,0.6638,0.4111,0.9959,713.1546,0.1056,2.0000
FLD0463,2026-05-23,0.8462,0.6305,0.4441,1.2108,718.5617,0.1156,3.0000
FLD0464,2026-05-23,0.7692,0.7279,0.5025,1.4809,718.9595,0.0277,4.0000
FLD0465,2026-05-23,0.7500,0.8416,0.5340,1.6358,718.9254,0.0143,2.0000
FLD0466,2026-05-23,1.0000,0.5042,0.3593,0.8381,717.4923,0.0802,4.0000
FLD0467,2026-05-23,0.9286,0.6106,0.4040,0.9940,715.1521,0.0565,8.0000
FLD0468,2026-05-23,1.0000,0.4936,0.3406,0.7296,714.0016,0.0860,2.0000
FLD0003,2026-05-28,0.8902,0.4988,0.3291,0.7163,717.7267,0.0972,9.0000
FLD0005,2026-05-28,0.6102,0.5898,0.3881,1.1802,716.8415,0.0839,4.0000
FLD0007,2026-05-28,0.6189,0.4360,0.2931,0.6926,716.0196,0.1310,18.0000
FLD0010,2026-05-28,0.6205,0.7310,0.4819,1.4406,720.0850,,1.0000
FLD0021,2026-05-28,0.5270,0.7047,0.4793,1.6648,721.4525,0.0633,4.0000
FLD0022,2026-05-28,0.6222,0.7077,0.4979,1.8355,720.8570,0.0692,11.0000
FLD0023,2026-05-28,0.7143,0.7065,0.5057,2.0407,728.3622,,1.0000
FLD0024,2026-05-28,0.6273,0.7542,0.4889,1.6853,719.2499,0.0700,11.0000
FLD0030,2026-05-28,0.8644,0.6463,0.4227,1.1531,719.9352,0.0659,8.0000
FLD0034,2026-05-28,0.5167,0.7340,0.4668,1.4259,720.2792,0.1119,3.0000
FLD0036,2026-05-28,0.6230,0.4629,0.2930,0.8438,714.3420,,1.0000
FLD0038,2026-05-28,0.6429,0.3950,0.2626,0.5626,714.5021,0.0998,19.0000
FLD0040,2026-05-28,0.5980,0.5684,0.3818,1.0596,720.1076,0.0728,16.0000
FLD0041,2026-05-28,0.6170,0.4926,0.3213,0.7533,714.7467,0.0931,47.0000
FLD0042,2026-05-28,0.7065,0.4883,0.3084,0.7565,714.9370,0.0639,12.0000
FLD0043,2026-05-28,0.7255,0.5342,0.3593,0.9699,717.6176,0.1081,49.0000
FLD0049,2026-05-28,0.7395,0.4665,0.3275,0.7683,719.5682,0.0668,26.0000
FLD0050,2026-05-28,0.6711,0.5055,0.3516,1.0089,721.1162,0.1313,9.0000
FLD0051,2026-05-28,0.7778,0.3596,0.3244,0.7259,719.3557,0.1022,2.0000
FLD0052,2026-05-28,0.7847,0.7230,0.4477,1.3544,718.1198,0.0610,14.0000
FLD0053,2026-05-28,0.6667,0.4529,0.3367,1.0964,725.2449,0.0661,5.0000
FLD0054,2026-05-28,0.6997,0.6097,0.3970,1.1598,717.9625,0.1052,20.0000
FLD0056,2026-05-28,0.7677,0.5257,0.3542,0.7581,717.4168,0.0369,9.0000
FLD0057,2026-05-28,0.7792,0.6935,0.4356,1.1003,716.8642,0.0429,15.0000
FLD0058,2026-05-28,0.6211,0.7107,0.4683,1.4481,720.0318,0.0430,13.0000
FLD0059,2026-05-28,0.8841,0.4869,0.3362,0.7027,716.6395,0.0960,9.0000
FLD0060,2026-05-28,0.6250,0.7525,0.4675,1.4251,718.3982,0.0481,2.0000
FLD0061,2026-05-28,0.7241,0.7127,0.4586,1.2804,717.4675,0.0596,4.0000
FLD0066,2026-05-28,0.5453,0.6852,0.4369,1.4231,719.7675,0.0604,19.0000
FLD0069,2026-05-28,0.7714,0.5453,0.4130,1.2370,725.4655,0.1589,3.0000
FLD0072,2026-05-28,0.6290,0.4327,0.2737,0.7000,716.5759,0.0576,3.0000
FLD0073,2026-05-28,0.9231,0.3214,0.1796,0.3858,709.8487,,1.0000
FLD0075,2026-05-28,0.7895,0.6208,0.4045,1.1111,717.7771,0.0100,2.0000
FLD0076,2026-05-28,0.9556,0.4456,0.2998,0.5438,713.6104,0.0455,4.0000
FLD0077,2026-05-28,0.5124,0.6003,0.4070,1.2314,719.4938,0.1350,17.0000
FLD0078,2026-05-28,0.5818,0.6831,0.4421,1.3262,719.3170,0.0660,17.0000
FLD0082,2026-05-28,0.6566,0.6222,0.4076,1.1425,717.9458,0.1178,21.0000
FLD0083,2026-05-28,0.8841,0.5919,0.3364,0.8904,714.5276,0.0730,8.0000
FLD0087,2026-05-28,0.5413,0.7223,0.4755,1.7921,721.4937,0.0875,21.0000
FLD0114,2026-05-28,0.7692,0.6547,0.4983,1.8762,723.5436,,1.0000
FLD0121,2026-05-28,0.5503,0.7496,0.5022,1.9492,721.9392,0.0984,15.0000
FLD0128,2026-05-28,0.7123,0.4518,0.2886,0.6725,715.9957,0.0793,6.0000
FLD0129,2026-05-28,0.9231,0.5313,0.3149,0.7043,715.6361,0.0765,3.0000
FLD0130,2026-05-28,1.0000,0.4042,0.2840,0.6123,721.1451,0.0690,2.0000
FLD0134,2026-05-28,0.5140,0.6926,0.4887,1.7503,721.0719,0.2052,2.0000
FLD0135,2026-05-28,0.7562,0.5353,0.3691,0.8734,718.5086,0.0605,6.0000
FLD0139,2026-05-28,0.9286,0.5135,0.2876,0.7510,713.3639,,1.0000
FLD0141,2026-05-28,0.5714,0.7595,0.5768,2.5087,724.7031,0.1131,2.0000
FLD0143,2026-05-28,0.6228,0.5954,0.4185,1.4561,721.2942,0.1286,41.0000
FLD0151,2026-05-28,0.7270,0.5727,0.3458,0.9893,716.7125,0.0884,10.0000
FLD0152,2026-05-28,0.5901,0.7578,0.4930,1.8095,720.0775,0.1083,8.0000
FLD0155,2026-05-28,0.5561,0.6158,0.4413,1.6211,722.5621,0.1090,5.0000
FLD0159,2026-05-28,0.8021,0.5744,0.3611,0.9981,717.0516,0.0631,8.0000
FLD0162,2026-05-28,0.7143,0.3962,0.3100,0.6006,724.9284,,1.0000
FLD0163,2026-05-28,0.8049,0.5609,0.3574,0.7309,714.6564,0.0078,2.0000
FLD0175,2026-05-28,0.8449,0.4635,0.3068,0.6745,717.2135,0.1172,7.0000
FLD0179,2026-05-28,0.7717,0.6360,0.4369,1.3151,723.4524,0.0411,3.0000
FLD0180,2026-05-28,1.0000,0.5916,0.3517,0.8381,714.3659,,1.0000
FLD0188,2026-05-28,0.5745,0.3911,0.2715,0.7255,716.4458,0.0754,21.0000
FLD0189,2026-05-28,1.0000,0.5596,0.3887,1.2000,721.7421,0.0704,3.0000
FLD0196,2026-05-28,0.8429,0.4403,0.2919,0.6115,715.3174,0.0518,2.0000
FLD0202,2026-05-28,0.6667,0.5522,0.3872,1.2523,725.3703,0.1689,3.0000
FLD0205,2026-05-28,0.7975,0.7162,0.4550,1.4243,718.4069,,1.0000
FLD0207,2026-05-28,0.7692,0.3972,0.2334,0.5440,713.5302,0.0288,4.0000
FLD0208,2026-05-28,1.0000,0.3664,0.3389,0.8293,728.8465,0.1906,2.0000
FLD0209,2026-05-28,0.9500,0.4486,0.2880,0.7561,717.2263,0.0873,5.0000
FLD0212,2026-05-28,1.0000,0.5196,0.2664,0.6071,711.1005,,1.0000
FLD0214,2026-05-28,1.0000,0.4702,0.3469,0.8179,722.8922,0.0721,3.0000
FLD0219,2026-05-28,0.8400,0.4930,0.3291,0.6085,712.6675,0.0365,2.0000
FLD0220,2026-05-28,0.7778,0.5486,0.3326,0.7186,717.8206,0.0214,2.0000
FLD0222,2026-05-28,0.7895,0.3384,0.2354,0.4357,719.8729,0.0317,7.0000
FLD0223,2026-05-28,1.0000,0.6007,0.4432,1.4433,720.3963,,1.0000
FLD0226,2026-05-28,0.5733,0.3726,0.2758,0.5644,717.8584,0.0439,5.0000
FLD0227,2026-05-28,0.5125,0.6793,0.4431,1.2237,718.7626,0.0164,4.0000
FLD0228,2026-05-28,0.7519,0.5174,0.3563,0.9140,720.0081,0.1170,16.0000
FLD0229,2026-05-28,0.7368,0.5929,0.3366,0.8672,714.2250,0.0821,5.0000
FLD0231,2026-05-28,0.7427,0.3947,0.2677,0.5697,715.5484,0.0567,13.0000
FLD0235,2026-05-28,0.5930,0.4797,0.3273,1.1556,718.0684,0.1041,4.0000
FLD0238,2026-05-28,0.8000,0.1970,0.2382,0.5513,736.9080,,1.0000
FLD0240,2026-05-28,0.9024,0.5245,0.3524,0.7366,714.7010,0.0098,3.0000
FLD0242,2026-05-28,0.7030,0.5682,0.3684,0.8518,716.2941,,1.0000
FLD0244,2026-05-28,0.7561,0.7185,0.4467,1.2910,717.8327,0.0289,2.0000
FLD0245,2026-05-28,0.8077,0.5641,0.3331,0.7069,711.1927,0.0359,4.0000
FLD0246,2026-05-28,0.5161,0.5120,0.3591,1.0189,718.2863,0.1441,8.0000
FLD0247,2026-05-28,0.7063,0.4596,0.3159,0.7591,716.0355,0.0869,17.0000
FLD0250,2026-05-28,0.7986,0.6109,0.4055,1.1814,718.8759,0.0960,12.0000
FLD0251,2026-05-28,0.6089,0.6458,0.4258,1.3786,718.6701,0.1097,22.0000
FLD0254,2026-05-28,0.6885,0.7217,0.4750,1.4525,720.8627,0.0794,8.0000
FLD0257,2026-05-28,0.7407,0.4409,0.2805,0.6398,718.2560,0.0948,4.0000
FLD0258,2026-05-28,0.6250,0.5155,0.2542,0.5068,706.8307,,1.0000
FLD0259,2026-05-28,0.5599,0.3814,0.2609,0.5878,718.5736,0.1091,11.0000
FLD0263,2026-05-28,0.5459,0.8072,0.5123,1.8342,719.9208,0.0577,10.0000
FLD0265,2026-05-28,0.5504,0.6246,0.4146,1.3125,718.2261,0.1257,29.0000
FLD0266,2026-05-28,0.5030,0.3808,0.2603,0.6608,714.9157,0.1057,54.0000
FLD0270,2026-05-28,0.5956,0.6348,0.4049,1.2005,719.3122,0.0697,11.0000
FLD0277,2026-05-28,0.5187,0.5764,0.3716,1.2423,716.7766,0.1507,11.0000
FLD0278,2026-05-28,0.7427,0.5400,0.3598,1.0651,717.4753,0.1198,15.0000
FLD0279,2026-05-28,0.6111,0.5262,0.3335,1.0226,718.3263,0.1356,13.0000
FLD0280,2026-05-28,0.5325,0.5220,0.3446,1.0858,717.4917,0.0758,12.0000
FLD0281,2026-05-28,0.9231,0.8103,0.4728,1.6894,718.5367,0.0588,2.0000
FLD0284,2026-05-28,0.6134,0.4223,0.2837,0.6798,715.4400,0.0999,18.0000
FLD0285,2026-05-28,0.6731,0.7099,0.4324,1.1624,716.5447,,1.0000
FLD0286,2026-05-28,0.6344,0.5957,0.3888,1.1445,719.7506,,1.0000
FLD0288,2026-05-28,0.6729,0.5186,0.3633,0.7635,718.4372,,1.0000
FLD0291,2026-05-28,0.7042,0.7114,0.4878,1.4300,723.6766,,1.0000
FLD0294,2026-05-28,0.5556,0.6813,0.4367,1.3468,719.9619,0.0076,2.0000
FLD0300,2026-05-28,0.5087,0.4180,0.3054,0.9096,720.3218,0.1244,4.0000
FLD0302,2026-05-28,0.6163,0.5445,0.3433,1.0173,718.2772,0.0816,13.0000
FLD0304,2026-05-28,0.6522,0.6070,0.3636,0.9543,717.4678,0.1442,3.0000
FLD0309,2026-05-28,0.5000,0.6753,0.4486,1.6032,719.5754,0.0196,2.0000
FLD0310,2026-05-28,1.0000,0.6007,0.4093,1.0546,720.2310,,1.0000
FLD0314,2026-05-28,0.9706,0.5938,0.4086,1.0212,722.2972,0.0890,5.0000
FLD0318,2026-05-28,0.7243,0.5455,0.3449,1.0269,719.8207,0.1476,17.0000
FLD0321,2026-05-28,0.7697,0.7529,0.4515,1.2945,718.2421,0.0365,3.0000
FLD0322,2026-05-28,0.7746,0.6196,0.3897,1.0168,716.0762,0.1036,7.0000
FLD0325,2026-05-28,0.8205,0.5010,0.3198,0.8309,716.2806,0.0810,6.0000
FLD0326,2026-05-28,0.6887,0.7191,0.4463,1.6449,718.1392,0.1064,6.0000
FLD0330,2026-05-28,0.5135,0.6376,0.3950,1.1176,716.2000,0.0890,2.0000
FLD0333,2026-05-28,0.5900,0.6882,0.4145,1.0646,716.3039,0.0608,4.0000
FLD0335,2026-05-28,0.5798,0.6525,0.3987,1.0350,715.5386,0.1016,34.0000
FLD0336,2026-05-28,0.8000,0.5966,0.3662,0.8687,714.8213,0.0881,6.0000
FLD0339,2026-05-28,0.5197,0.4688,0.3118,0.6279,718.2770,0.0735,6.0000
FLD0340,2026-05-28,0.6000,0.3478,0.2610,0.5895,717.9835,0.1362,6.0000
FLD0343,2026-05-28,0.6468,0.5767,0.3660,0.8516,715.5795,0.0648,7.0000
FLD0345,2026-05-28,0.7391,0.5142,0.3527,0.8171,718.9913,0.0691,12.0000
FLD0346,2026-05-28,0.8718,0.7386,0.4386,1.0711,715.0911,0.0326,6.0000
FLD0356,2026-05-28,0.5927,0.4137,0.2789,0.5939,716.1174,0.1114,16.0000
FLD0357,2026-05-28,0.6216,0.2422,0.1819,0.3203,718.5492,0.0129,4.0000
FLD0359,2026-05-28,0.5556,0.1540,0.1861,0.5021,722.1295,,1.0000
FLD0363,2026-05-28,0.5111,0.6104,0.4012,1.2037,720.3097,0.0616,3.0000
FLD0375,2026-05-28,0.8000,0.2463,0.2128,0.3758,727.3160,0.0016,2.0000
FLD0379,2026-05-28,0.6744,0.4172,0.2804,0.6895,719.7236,0.0568,5.0000
FLD0380,2026-05-28,0.6194,0.6537,0.4003,1.2365,717.8211,0.1123,38.0000
FLD0381,2026-05-28,0.5268,0.4774,0.3002,0.7519,716.1637,0.0786,12.0000
FLD0382,2026-05-28,0.5060,0.4329,0.2878,0.6833,714.1571,0.0412,2.0000
FLD0385,2026-05-28,0.6878,0.6292,0.3860,1.0091,716.3953,0.0726,9.0000
FLD0388,2026-05-28,0.9000,0.5852,0.3874,1.0372,719.5062,0.0123,2.0000
FLD0392,2026-05-28,0.6005,0.5398,0.3391,0.9470,717.7412,0.1079,17.0000
FLD0396,2026-05-28,0.5240,0.5535,0.3865,1.1608,719.5473,0.0841,5.0000
FLD0402,2026-05-28,0.5648,0.5139,0.3952,1.4842,725.0760,0.1389,10.0000
FLD0403,2026-05-28,0.7391,0.8094,0.5109,1.9285,719.0893,0.0322,4.0000
FLD0405,2026-05-28,0.7500,0.5838,0.4091,1.4165,722.7937,0.0833,4.0000
FLD0409,2026-05-28,0.5652,0.8687,0.5466,2.2396,720.0322,,1.0000
FLD0423,2026-05-28,0.9000,0.4309,0.2816,0.5636,714.7837,,1.0000
FLD0426,2026-05-28,0.8811,0.6109,0.3797,1.0552,719.2074,0.0578,12.0000
FLD0427,2026-05-28,0.8926,0.6711,0.4018,1.1737,717.5499,0.0353,11.0000
FLD0428,2026-05-28,0.6721,0.5582,0.3502,0.9462,718.0150,0.0902,21.0000
FLD0431,2026-05-28,0.9178,0.5443,0.3604,0.8286,717.6562,0.0109,3.0000
FLD0432,2026-05-28,0.9623,0.3806,0.2600,0.5356,715.3422,0.1412,3.0000
FLD0433,2026-05-28,0.9545,0.4292,0.2940,0.6472,716.2893,0.1078,3.0000
FLD0434,2026-05-28,1.0000,0.7032,0.4541,1.5365,719.3772,,1.0000
FLD0436,2026-05-28,0.8427,0.4227,0.2852,0.5392,713.9648,0.1036,20.0000
FLD0437,2026-05-28,0.8652,0.6847,0.4488,1.3538,719.1389,0.0465,9.0000
FLD0441,2026-05-28,0.9231,0.5175,0.3413,0.8406,714.4733,,1.0000
FLD0442,2026-05-28,0.5938,0.4835,0.3453,0.9833,721.0728,0.0796,3.0000
FLD0449,2026-05-28,0.7722,0.6825,0.4428,1.2396,717.9857,,1.0000
FLD0458,2026-05-28,0.9000,0.2135,0.1793,0.3486,713.4229,0.0311,2.0000
FLD0459,2026-05-28,0.9545,0.4604,0.2933,0.7182,720.2390,0.0446,4.0000
FLD0463,2026-05-28,0.6154,0.6217,0.4500,1.2186,727.4342,0.0822,2.0000
FLD0466,2026-05-28,0.8667,0.5119,0.3223,0.9206,719.3682,0.1126,3.0000
FLD0467,2026-05-28,0.7143,0.6891,0.4537,1.4218,718.8234,0.0531,5.0000
FLD0468,2026-05-28,1.0000,0.5666,0.3682,0.9849,718.9390,0.0886,2.0000
FLD0010,2026-06-02,0.6923,0.7079,0.4597,1.2816,716.5750,0.0287,2.0000
FLD0021,2026-06-02,0.8784,0.7076,0.4510,1.4935,717.3642,0.0698,8.0000
FLD0022,2026-06-02,0.8963,0.6714,0.4402,1.3995,718.0006,0.0552,13.0000
FLD0023,2026-06-02,0.7857,0.6697,0.4501,1.4598,719.7511,,1.0000
FLD0024,2026-06-02,0.7888,0.6928,0.4232,1.2515,715.5329,0.0601,11.0000
FLD0030,2026-06-02,0.9746,0.6311,0.3987,1.0026,715.8244,0.0492,8.0000
FLD0033,2026-06-02,0.5504,0.5465,0.3475,0.8548,713.8776,0.0594,6.0000
FLD0034,2026-06-02,0.6833,0.7309,0.4520,1.2843,716.2338,0.0820,4.0000
FLD0036,2026-06-02,0.6885,0.5546,0.3536,1.0058,713.9313,,1.0000
FLD0037,2026-06-02,0.5392,0.6260,0.3938,1.0583,713.5563,0.1287,7.0000
FLD0038,2026-06-02,0.9118,0.3949,0.2593,0.4945,711.0784,0.0716,23.0000
FLD0040,2026-06-02,0.7027,0.5674,0.3726,0.9560,714.8828,0.0755,19.0000
FLD0041,2026-06-02,0.6689,0.4471,0.2916,0.6289,711.2137,0.0785,51.0000
FLD0042,2026-06-02,0.6739,0.5514,0.3291,0.7415,711.7514,0.0627,12.0000
FLD0043,2026-06-02,0.6155,0.5587,0.3590,0.9088,713.9855,0.0971,43.0000
FLD0052,2026-06-02,0.9211,0.6703,0.4021,1.0699,714.2363,0.0540,21.0000
FLD0053,2026-06-02,0.8444,0.4755,0.3172,0.9210,717.9675,0.0668,7.0000
FLD0068,2026-06-02,0.6099,0.7320,0.4762,1.6545,718.2443,0.0818,11.0000
FLD0069,2026-06-02,0.8571,0.7250,0.4538,1.3354,715.4829,0.1785,4.0000
FLD0070,2026-06-02,0.7375,0.5759,0.3931,1.1120,715.6283,0.0729,5.0000
FLD0071,2026-06-02,0.6134,0.5498,0.3629,1.0271,715.0533,0.1271,26.0000
FLD0072,2026-06-02,0.7742,0.4859,0.3061,0.7492,712.7267,0.1253,4.0000
FLD0073,2026-06-02,1.0000,0.3322,0.2048,0.3949,709.4593,0.0133,2.0000
FLD0075,2026-06-02,0.8947,0.6094,0.3757,0.9736,714.4429,0.0058,2.0000
FLD0076,2026-06-02,1.0000,0.4357,0.2922,0.5435,713.2383,0.0257,4.0000
FLD0077,2026-06-02,0.5155,0.6021,0.4025,1.1992,716.4208,0.1254,18.0000
FLD0078,2026-06-02,0.6193,0.6604,0.4250,1.2216,716.4705,0.0685,18.0000
FLD0079,2026-06-02,0.7748,0.7780,0.4891,1.7811,717.8007,0.1019,19.0000
FLD0080,2026-06-02,0.6597,0.7202,0.4647,1.6013,717.6397,0.1420,17.0000
FLD0081,2026-06-02,0.5066,0.7178,0.4404,1.3858,716.0349,0.0658,18.0000
FLD0082,2026-06-02,0.8102,0.6082,0.3853,1.0072,714.2706,0.1122,26.0000
FLD0083,2026-06-02,0.8627,0.5944,0.3450,0.8777,713.0688,0.0734,8.0000
FLD0087,2026-06-02,0.5457,0.6875,0.4470,1.4775,717.8781,0.0690,20.0000
FLD0107,2026-06-02,0.7727,0.8478,0.5166,1.8837,718.1599,0.0352,3.0000
FLD0108,2026-06-02,0.5667,0.7246,0.4792,1.7643,717.7231,0.1105,3.0000
FLD0109,2026-06-02,0.5367,0.6671,0.4690,1.6853,719.3743,0.1092,10.0000
FLD0112,2026-06-02,0.6880,0.6233,0.4242,1.4166,718.6719,0.1139,42.0000
FLD0114,2026-06-02,0.8205,0.5796,0.4213,1.2957,717.9331,,1.0000
FLD0117,2026-06-02,0.6449,0.5947,0.3927,1.0952,718.0681,0.1131,10.0000
FLD0118,2026-06-02,0.5574,0.8835,0.5073,1.7443,715.9107,0.0219,4.0000
FLD0121,2026-06-02,0.6332,0.7754,0.4954,1.7048,718.0153,0.0533,17.0000
FLD0127,2026-06-02,0.5749,0.5733,0.3733,1.1721,715.1340,0.0728,4.0000
FLD0128,2026-06-02,0.9863,0.5284,0.3274,0.7462,713.2331,0.0924,6.0000
FLD0129,2026-06-02,1.0000,0.5760,0.3203,0.8028,713.1171,0.0577,3.0000
FLD0130,2026-06-02,1.0000,0.4377,0.2836,0.6149,715.4213,0.0340,2.0000
FLD0134,2026-06-02,0.6089,0.6897,0.4650,1.4636,717.3567,,1.0000
FLD0135,2026-06-02,0.6875,0.5612,0.3760,0.8406,715.2933,0.0430,6.0000
FLD0139,2026-06-02,0.8571,0.5278,0.2890,0.7226,713.0091,,1.0000
FLD0141,2026-06-02,0.7143,0.7326,0.4949,1.8342,719.9484,0.1447,2.0000
FLD0142,2026-06-02,1.0000,0.9115,0.4630,1.3955,712.2595,,1.0000
FLD0163,2026-06-02,0.6341,0.6790,0.4344,1.0225,713.6103,,1.0000
FLD0263,2026-06-02,0.7245,0.7956,0.4852,1.5823,716.6454,0.0519,13.0000
FLD0264,2026-06-02,0.5565,0.6380,0.4124,1.2150,715.2799,0.1035,18.0000
FLD0265,2026-06-02,0.6440,0.6509,0.4032,1.1912,714.7672,0.1058,31.0000
FLD0266,2026-06-02,0.7856,0.3956,0.2647,0.6142,711.3894,0.1046,79.0000
FLD0268,2026-06-02,0.6829,0.5545,0.3393,0.8634,712.6775,0.1147,6.0000
FLD0270,2026-06-02,0.6618,0.6161,0.3912,1.0720,717.0001,0.0653,11.0000
FLD0271,2026-06-02,0.6685,0.8310,0.4778,1.4840,715.1493,0.0412,7.0000
FLD0275,2026-06-02,0.5012,0.6100,0.3979,1.2627,715.9127,0.1281,5.0000
FLD0276,2026-06-02,0.6010,0.7474,0.4799,1.7194,718.1816,0.1123,7.0000
FLD0277,2026-06-02,0.7687,0.6039,0.3782,1.1859,714.6568,0.1329,18.0000
FLD0278,2026-06-02,0.9378,0.5327,0.3336,0.8842,713.3298,0.1018,20.0000
FLD0279,2026-06-02,0.5382,0.5008,0.3210,0.8756,714.6857,0.1369,16.0000
FLD0281,2026-06-02,1.0000,0.6998,0.4013,1.1520,714.9523,0.0181,2.0000
FLD0284,2026-06-02,0.8739,0.3816,0.2497,0.5139,710.3222,0.1029,20.0000
FLD0285,2026-06-02,0.7692,0.6601,0.4055,1.0420,714.6146,,1.0000
FLD0286,2026-06-02,0.8495,0.5998,0.3765,1.0024,714.6866,0.0623,2.0000
FLD0291,2026-06-02,0.6761,0.6180,0.4210,1.1065,718.6654,,1.0000
FLD0302,2026-06-02,0.7744,0.5551,0.3368,0.9293,714.4855,0.0861,16.0000
FLD0303,2026-06-02,0.5073,0.5962,0.3921,1.3056,716.0075,0.1312,41.0000
FLD0384,2026-06-02,0.5759,0.6845,0.4310,1.2358,714.9749,0.0632,11.0000
FLD0396,2026-06-02,0.6332,0.5684,0.3915,1.1363,716.5863,0.1132,8.0000
FLD0397,2026-06-02,0.7423,0.5745,0.3517,1.0607,713.9653,0.1334,4.0000
FLD0399,2026-06-02,0.6885,0.8177,0.4977,1.5697,716.9390,0.0255,6.0000
FLD0402,2026-06-02,0.6944,0.6144,0.4141,1.3659,718.2216,0.0960,10.0000
FLD0403,2026-06-02,0.6957,0.8008,0.4829,1.7260,716.4304,0.0231,4.0000
FLD0405,2026-06-02,0.9000,0.5866,0.3851,1.1574,716.1569,0.0586,4.0000
FLD0408,2026-06-02,1.0000,0.6363,0.3218,0.7458,706.9951,,1.0000
FLD0417,2026-06-02,0.5294,0.5154,0.3667,0.8113,717.0029,,1.0000
FLD0431,2026-06-02,0.9863,0.5109,0.3315,0.6968,713.1989,0.0066,3.0000
FLD0441,2026-06-02,0.9231,0.4255,0.2938,0.6663,714.0926,,1.0000
FLD0443,2026-06-02,0.7778,0.7828,0.4958,1.7998,717.8168,0.1103,5.0000
FLD0449,2026-06-02,0.9747,0.6620,0.4218,1.1227,715.3495,0.0754,2.0000
FLD0457,2026-06-02,1.0000,0.8981,0.5082,1.3325,714.9820,,1.0000
FLD0458,2026-06-02,1.0000,0.2830,0.2237,0.4353,714.8808,0.0109,2.0000
FLD0459,2026-06-02,1.0000,0.4812,0.2823,0.6459,712.9650,0.0808,5.0000
FLD0460,2026-06-02,0.8462,0.7016,0.4171,1.1927,715.5964,0.1102,2.0000
FLD0463,2026-06-02,0.7692,0.6526,0.4294,1.2684,716.9955,0.0251,2.0000
FLD0464,2026-06-02,0.6923,0.7496,0.5072,1.6383,719.5224,0.0393,4.0000
FLD0465,2026-06-02,0.6250,0.8888,0.5316,1.6506,716.8949,0.0023,2.0000
FLD0466,2026-06-02,1.0000,0.5185,0.3291,0.7992,715.8937,0.0378,4.0000
FLD0467,2026-06-02,0.9643,0.6868,0.4199,1.2191,715.2497,0.0675,8.0000
FLD0468,2026-06-02,1.0000,0.5493,0.3364,0.8297,715.0654,0.0608,2.0000
FLD0003,2026-06-04,0.8902,0.5738,0.3778,0.8825,718.1263,0.0585,8.0000
FLD0007,2026-06-04,0.5902,0.5792,0.3680,0.9265,715.2032,0.1190,18.0000
FLD0059,2026-06-04,0.5169,0.6462,0.4243,1.0667,715.0789,0.0700,4.0000
FLD0159,2026-06-04,0.5455,0.5693,0.4042,1.1495,719.5344,0.0852,5.0000
FLD0162,2026-06-04,0.7143,0.5200,0.4043,0.9938,720.0284,,1.0000
FLD0245,2026-06-04,0.6538,0.5357,0.3958,1.0787,717.3237,0.0279,3.0000
FLD0250,2026-06-04,0.7986,0.6862,0.4782,1.5993,719.9365,0.1293,17.0000
FLD0256,2026-06-04,0.5185,0.4346,0.3023,0.7031,719.6593,0.1181,3.0000
FLD0257,2026-06-04,0.8519,0.4481,0.2834,0.5714,710.3716,0.0525,3.0000
FLD0258,2026-06-04,1.0000,0.4249,0.2855,0.5878,714.7699,0.0982,2.0000
FLD0259,2026-06-04,0.6268,0.3899,0.2759,0.6238,716.1087,0.0751,13.0000
FLD0281,2026-06-04,0.5385,0.7995,0.4810,1.7103,718.9857,,1.0000
FLD0293,2026-06-04,0.8864,0.8353,0.5790,2.3082,721.4750,0.0422,4.0000
FLD0301,2026-06-04,0.8446,0.5058,0.3776,1.1239,719.0015,0.0811,6.0000
FLD0309,2026-06-04,0.7708,0.8062,0.4814,1.5780,717.5929,0.0455,3.0000
FLD0310,2026-06-04,0.8372,0.7665,0.4981,1.4858,717.0290,,1.0000
FLD0313,2026-06-04,0.5769,0.6830,0.4319,1.2813,716.7598,0.1325,3.0000
FLD0314,2026-06-04,1.0000,0.5703,0.3989,0.9518,715.4781,0.1124,5.0000
FLD0321,2026-06-04,0.9326,0.7229,0.4590,1.3230,716.8369,0.0240,3.0000
FLD0325,2026-06-04,0.8974,0.4880,0.3365,0.8331,714.1766,0.1211,7.0000
FLD0326,2026-06-04,0.6689,0.7422,0.4652,1.6932,716.8190,0.1189,4.0000
FLD0335,2026-06-04,0.6518,0.6146,0.3928,1.0193,714.8557,0.1161,43.0000
FLD0336,2026-06-04,0.9391,0.5259,0.3497,0.8045,715.7750,0.0908,10.0000
FLD0339,2026-06-04,0.5724,0.3270,0.2014,0.3876,716.3635,0.0666,6.0000
FLD0340,2026-06-04,0.7286,0.2535,0.2235,0.4670,712.1194,0.0720,4.0000
FLD0345,2026-06-04,0.7512,0.4826,0.3783,0.9044,719.4449,0.0751,12.0000
FLD0346,2026-06-04,0.9231,0.7030,0.4478,1.1064,716.5365,0.0487,7.0000
FLD0353,2026-06-04,0.7570,0.3640,0.2450,0.5129,719.8808,0.1295,6.0000
FLD0357,2026-06-04,0.8243,0.2562,0.2062,0.3336,713.6430,0.0290,6.0000
FLD0361,2026-06-04,0.7867,0.3312,0.2754,0.7749,719.8611,0.1972,6.0000
FLD0365,2026-06-04,0.7000,0.6433,0.5219,1.7362,719.1884,,1.0000
FLD0374,2026-06-04,0.6986,0.3043,0.2321,0.5379,713.4842,0.1178,79.0000
FLD0378,2026-06-04,0.5093,0.2076,0.1878,0.3896,716.1844,0.0844,5.0000
FLD0379,2026-06-04,0.9302,0.3183,0.2639,0.6046,718.1092,0.0730,8.0000
FLD0423,2026-06-04,0.5667,0.6653,0.4172,0.9911,717.1311,,1.0000
FLD0431,2026-06-04,0.9452,0.6782,0.4767,1.4208,722.3662,0.0380,3.0000
FLD0440,2026-06-04,0.5152,0.6726,0.4867,1.6137,720.8430,0.0967,3.0000
FLD0463,2026-06-04,0.5385,0.5749,0.4085,1.1022,718.4111,,1.0000
FLD0468,2026-06-04,0.6000,0.4981,0.3964,1.0990,722.1821,0.0279,2.0000
FLD0003,2026-06-07,0.9512,0.5116,0.3643,0.9134,721.8985,0.0721,9.0000
FLD0005,2026-06-07,0.6949,0.5938,0.3995,1.2774,719.9446,0.0761,4.0000
FLD0007,2026-06-07,0.7090,0.4887,0.3455,0.9476,718.8984,0.1362,19.0000
FLD0010,2026-06-07,0.5744,0.8177,0.5361,1.9206,721.0179,0.0202,2.0000
FLD0021,2026-06-07,0.6622,0.7689,0.5066,1.8652,721.5185,0.0883,5.0000
FLD0022,2026-06-07,0.6593,0.6300,0.4595,1.5764,721.9937,0.0601,11.0000
FLD0023,2026-06-07,0.7857,0.7385,0.5276,2.1025,722.5778,,1.0000
FLD0024,2026-06-07,0.6398,0.7364,0.4879,1.6875,721.6101,0.0636,11.0000
FLD0030,2026-06-07,0.6017,0.6219,0.4306,1.2563,723.2142,0.0623,6.0000
FLD0036,2026-06-07,0.5902,0.5929,0.3866,1.1412,717.0170,,1.0000
FLD0038,2026-06-07,0.8866,0.4717,0.3180,0.7371,717.6070,0.0685,24.0000
FLD0040,2026-06-07,0.7297,0.5901,0.4030,1.1563,720.5231,0.0485,20.0000
FLD0041,2026-06-07,0.7719,0.5123,0.3441,0.8494,716.6677,0.0953,56.0000
FLD0042,2026-06-07,0.8370,0.5740,0.3759,0.9869,717.8482,0.0642,14.0000
FLD0043,2026-06-07,0.7908,0.5757,0.3978,1.1405,720.1041,0.0890,54.0000
FLD0047,2026-06-07,0.5577,0.7437,0.4726,1.3886,723.8004,0.0417,3.0000
FLD0049,2026-06-07,0.8651,0.4864,0.3481,0.8305,718.5086,0.0679,27.0000
FLD0050,2026-06-07,0.8553,0.5309,0.3696,1.0398,718.8164,0.1028,11.0000
FLD0051,2026-06-07,1.0000,0.4117,0.3444,0.8731,724.6830,0.1087,3.0000
FLD0052,2026-06-07,0.8780,0.7345,0.4659,1.4421,719.2366,0.0445,19.0000
FLD0053,2026-06-07,0.7111,0.4667,0.3392,1.0607,721.9284,0.0428,6.0000
FLD0054,2026-06-07,0.7376,0.6036,0.4051,1.1964,720.1906,0.0928,19.0000
FLD0056,2026-06-07,0.7874,0.5679,0.3942,1.0003,720.2984,0.0334,9.0000
FLD0057,2026-06-07,0.7727,0.7572,0.4918,1.5014,719.4936,0.0446,15.0000
FLD0058,2026-06-07,0.6719,0.7341,0.4901,1.5900,720.9039,0.0468,15.0000
FLD0059,2026-06-07,0.9614,0.5051,0.3587,0.8266,719.5881,0.0818,9.0000
FLD0060,2026-06-07,0.5893,0.7422,0.4776,1.4921,718.4813,0.0343,2.0000
FLD0061,2026-06-07,0.7759,0.7695,0.4909,1.5229,719.7102,0.0635,5.0000
FLD0066,2026-06-07,0.6455,0.6668,0.4474,1.4924,721.2288,0.0936,24.0000
FLD0068,2026-06-07,0.5177,0.6610,0.4744,1.7992,722.2842,0.1179,9.0000
FLD0069,2026-06-07,0.8571,0.6078,0.4306,1.2486,717.6969,0.1706,4.0000
FLD0070,2026-06-07,0.7125,0.5596,0.4223,1.4950,725.4316,0.0956,5.0000
FLD0071,2026-06-07,0.5246,0.5189,0.3710,1.1021,721.0654,0.1143,23.0000
FLD0072,2026-06-07,0.7177,0.4244,0.2886,0.7426,717.4934,0.0647,3.0000
FLD0073,2026-06-07,1.0000,0.3015,0.2143,0.4575,717.5183,0.0526,2.0000
FLD0075,2026-06-07,0.6316,0.8477,0.4899,1.7930,720.6563,0.0606,2.0000
FLD0076,2026-06-07,0.9556,0.5557,0.3560,0.8654,719.4643,0.0601,4.0000
FLD0078,2026-06-07,0.6488,0.6987,0.4608,1.4667,720.1768,0.0722,18.0000
FLD0082,2026-06-07,0.7500,0.6159,0.4110,1.1958,718.7568,0.1238,24.0000
FLD0083,2026-06-07,0.8970,0.6009,0.3735,1.0456,717.2869,0.0766,8.0000
FLD0087,2026-06-07,0.6174,0.7377,0.5040,1.8936,722.2062,0.0618,23.0000
FLD0114,2026-06-07,0.6410,0.6517,0.4904,1.8110,722.9367,,1.0000
FLD0117,2026-06-07,0.6245,0.5599,0.3992,1.1410,723.6221,0.1322,9.0000
FLD0118,2026-06-07,0.6352,0.8745,0.5339,1.9530,719.2067,0.0289,5.0000
FLD0121,2026-06-07,0.6181,0.7182,0.4824,1.6917,721.1392,0.0636,16.0000
FLD0127,2026-06-07,0.6039,0.5190,0.3707,1.2358,721.4671,0.1176,5.0000
FLD0128,2026-06-07,0.9589,0.5454,0.3440,0.8225,717.4952,0.0667,5.0000
FLD0129,2026-06-07,0.9231,0.5644,0.3544,0.9234,721.5035,0.0780,3.0000
FLD0130,2026-06-07,1.0000,0.4405,0.2930,0.6708,720.4797,0.0558,2.0000
FLD0134,2026-06-07,0.6536,0.6084,0.4532,1.4473,723.8381,0.1663,4.0000
FLD0135,2026-06-07,0.9500,0.5218,0.3701,0.8823,721.2784,0.0423,8.0000
FLD0139,2026-06-07,0.9286,0.5391,0.2993,0.7505,715.3587,,1.0000
FLD0141,2026-06-07,0.7143,0.7604,0.5276,2.0840,723.9456,0.1222,2.0000
FLD0143,2026-06-07,0.6673,0.6016,0.4245,1.4762,722.0762,0.1304,45.0000
FLD0149,2026-06-07,0.5129,0.7069,0.4500,1.5393,719.2684,0.0858,6.0000
FLD0150,2026-06-07,0.6551,0.4913,0.3439,1.0058,719.6891,0.0837,11.0000
FLD0151,2026-06-07,0.8329,0.5537,0.3540,1.0596,717.3707,0.1002,12.0000
FLD0152,2026-06-07,0.6925,0.7279,0.4871,1.8926,721.7535,0.1615,10.0000
FLD0155,2026-06-07,0.5455,0.5280,0.4041,1.3895,722.4105,0.1228,5.0000
FLD0158,2026-06-07,0.6596,0.4795,0.3177,0.8605,718.9328,0.1521,3.0000
FLD0159,2026-06-07,0.8449,0.6189,0.4181,1.3697,720.6999,0.0776,8.0000
FLD0162,2026-06-07,1.0000,0.4536,0.3395,0.7073,721.0622,,1.0000
FLD0163,2026-06-07,0.9756,0.5360,0.3741,0.8774,719.7826,0.0243,2.0000
FLD0165,2026-06-07,0.5048,0.5674,0.4114,1.2614,721.2912,0.0938,10.0000
FLD0168,2026-06-07,0.6521,0.4521,0.3011,0.8477,716.8424,0.1446,14.0000
FLD0169,2026-06-07,1.0000,0.6578,0.4050,1.1138,716.8445,,1.0000
FLD0173,2026-06-07,0.6425,0.6279,0.3989,1.1412,719.6502,0.0849,19.0000
FLD0175,2026-06-07,0.9673,0.5019,0.3410,0.8567,718.2850,0.1201,9.0000
FLD0177,2026-06-07,0.6829,0.3324,0.2239,0.6097,711.7434,0.1279,5.0000
FLD0178,2026-06-07,0.8571,0.2225,0.1916,0.4056,724.5884,,1.0000
FLD0179,2026-06-07,0.7717,0.6097,0.4261,1.1972,721.6522,0.0017,2.0000
FLD0180,2026-06-07,0.6000,0.7005,0.4507,1.4835,721.0495,,1.0000
FLD0184,2026-06-07,0.6667,0.7677,0.4892,1.7914,721.0909,0.0875,4.0000
FLD0188,2026-06-07,0.8073,0.4195,0.2907,0.8154,717.3430,0.0837,27.0000
FLD0189,2026-06-07,1.0000,0.5958,0.4108,1.2706,722.1198,0.0759,3.0000
FLD0191,2026-06-07,0.5135,0.6714,0.4794,1.8400,722.9098,0.1056,16.0000
FLD0194,2026-06-07,0.5352,0.6268,0.4595,1.6716,721.6998,0.1282,3.0000
FLD0195,2026-06-07,0.5072,0.6430,0.4494,1.6327,719.0202,0.1118,4.0000
FLD0196,2026-06-07,0.9286,0.4421,0.3085,0.6671,717.1351,0.0473,2.0000
FLD0202,2026-06-07,0.6111,0.5751,0.3948,1.2291,720.1272,0.0951,3.0000
FLD0203,2026-06-07,0.5106,0.6389,0.4283,1.4961,720.9095,0.1152,18.0000
FLD0205,2026-06-07,0.7975,0.7432,0.4934,1.6335,720.5288,,1.0000
FLD0207,2026-06-07,0.9231,0.3510,0.2601,0.6054,722.6758,0.0642,4.0000
FLD0208,2026-06-07,0.8000,0.4574,0.3684,1.0618,730.7055,0.1100,2.0000
FLD0209,2026-06-07,1.0000,0.4797,0.3312,0.9953,719.6952,0.0975,5.0000
FLD0212,2026-06-07,1.0000,0.4829,0.3307,0.7776,717.6537,,1.0000
FLD0214,2026-06-07,1.0000,0.4769,0.3272,0.7346,722.0515,0.0368,3.0000
FLD0219,2026-06-07,1.0000,0.4226,0.2985,0.5984,716.5713,0.0093,2.0000
FLD0220,2026-06-07,0.8889,0.4668,0.3092,0.6772,718.9846,0.0504,2.0000
FLD0221,2026-06-07,1.0000,0.2922,0.2311,0.6633,722.1242,0.1935,2.0000
FLD0222,2026-06-07,1.0000,0.3535,0.2542,0.5006,718.5889,0.0382,9.0000
FLD0223,2026-06-07,1.0000,0.5714,0.4402,1.3423,722.5198,,1.0000
FLD0226,2026-06-07,0.6700,0.5537,0.3749,0.8853,719.8105,0.0763,5.0000
FLD0227,2026-06-07,0.5125,0.6530,0.4693,1.4010,721.3768,0.0265,4.0000
FLD0228,2026-06-07,0.8295,0.5197,0.3610,0.9090,718.6994,0.0917,17.0000
FLD0229,2026-06-07,0.7895,0.6374,0.3635,0.9792,714.8194,0.0647,6.0000
FLD0231,2026-06-07,0.9474,0.4287,0.3000,0.6916,717.8402,0.0494,14.0000
FLD0235,2026-06-07,0.7442,0.5274,0.3461,1.1121,717.9632,0.0829,4.0000
FLD0240,2026-06-07,0.9268,0.5077,0.3752,0.8724,722.8808,0.0145,3.0000
FLD0242,2026-06-07,0.7822,0.6126,0.4036,1.0542,717.8611,,1.0000
FLD0244,2026-06-07,0.5366,0.6957,0.4483,1.2931,719.7133,,1.0000
FLD0245,2026-06-07,1.0000,0.5311,0.3358,0.7059,710.1754,0.0660,4.0000
FLD0246,2026-06-07,0.6667,0.4835,0.3480,0.9041,719.1732,0.0880,11.0000
FLD0247,2026-06-07,0.8266,0.4847,0.3468,0.9092,719.2588,0.1059,20.0000
FLD0250,2026-06-07,0.8362,0.6952,0.4829,1.6873,721.7302,0.1522,16.0000
FLD0251,2026-06-07,0.6805,0.6397,0.4266,1.3681,719.3317,0.1333,28.0000
FLD0253,2026-06-07,0.5676,0.5863,0.3979,1.5116,717.9088,0.1890,11.0000
FLD0254,2026-06-07,0.7158,0.7163,0.4846,1.5838,720.9412,0.0806,10.0000
FLD0256,2026-06-07,0.5333,0.3104,0.2306,0.4751,717.3079,0.0496,2.0000
FLD0257,2026-06-07,0.9444,0.4469,0.2791,0.5960,713.9567,0.0449,4.0000
FLD0258,2026-06-07,1.0000,0.4858,0.3165,0.7418,718.8244,0.1074,2.0000
FLD0259,2026-06-07,0.6408,0.3712,0.2680,0.6069,718.9502,0.1118,14.0000
FLD0263,2026-06-07,0.5612,0.8270,0.5401,2.0347,720.8056,0.0469,11.0000
FLD0265,2026-06-07,0.5141,0.6414,0.4328,1.4258,719.7308,0.1123,28.0000
FLD0266,2026-06-07,0.6966,0.4188,0.2878,0.7677,716.4969,0.1195,72.0000
FLD0268,2026-06-07,0.5463,0.5610,0.3776,1.0926,717.3083,0.0368,4.0000
FLD0270,2026-06-07,0.6066,0.7170,0.4707,1.5795,720.5476,0.0748,10.0000
FLD0277,2026-06-07,0.6589,0.5670,0.3785,1.2280,718.3179,0.1457,15.0000
FLD0278,2026-06-07,0.8506,0.5661,0.3819,1.1693,720.4126,0.1053,15.0000
FLD0279,2026-06-07,0.7431,0.5846,0.3799,1.1797,719.3647,0.1147,16.0000
FLD0280,2026-06-07,0.5819,0.5672,0.3812,1.2344,719.2289,0.0665,11.0000
FLD0284,2026-06-07,0.8319,0.4320,0.2945,0.7307,717.4485,0.0899,21.0000
FLD0285,2026-06-07,0.6923,0.7084,0.4654,1.3867,719.4962,,1.0000
FLD0286,2026-06-07,0.7849,0.6401,0.4299,1.2693,720.6617,0.0541,2.0000
FLD0288,2026-06-07,0.6729,0.4399,0.3433,0.7137,721.1712,,1.0000
FLD0291,2026-06-07,0.9577,0.5949,0.4381,1.3113,724.3891,,1.0000
FLD0292,2026-06-07,0.8235,0.8476,0.5297,1.8591,719.7935,0.0009,2.0000
FLD0294,2026-06-07,0.5139,0.7237,0.4780,1.5091,720.7081,0.0103,2.0000
FLD0300,2026-06-07,0.6055,0.4503,0.3393,1.0671,722.5747,0.1220,6.0000
FLD0301,2026-06-07,0.7358,0.4516,0.3175,0.8807,720.9588,0.0977,6.0000
FLD0302,2026-06-07,0.6442,0.5274,0.3487,1.0433,719.5462,0.0898,13.0000
FLD0303,2026-06-07,0.5112,0.5555,0.3953,1.4361,720.6606,0.1431,45.0000
FLD0309,2026-06-07,0.6875,0.7360,0.4834,1.7675,722.0575,0.1394,3.0000
FLD0310,2026-06-07,1.0000,0.5615,0.4012,1.0067,721.4637,,1.0000
FLD0314,2026-06-07,0.9559,0.6353,0.4430,1.2887,722.1827,0.0813,5.0000
FLD0316,2026-06-07,0.5478,0.5697,0.4008,1.3601,720.7357,0.1221,22.0000
FLD0318,2026-06-07,0.8622,0.4349,0.2927,0.7505,718.5537,0.1269,21.0000
FLD0321,2026-06-07,0.8764,0.7340,0.4367,1.2180,717.0423,0.0351,3.0000
FLD0322,2026-06-07,0.8732,0.7073,0.4632,1.4894,719.6954,0.0939,10.0000
FLD0325,2026-06-07,1.0000,0.4772,0.3192,0.8265,718.8788,0.0989,8.0000
FLD0326,2026-06-07,0.7748,0.7763,0.4901,1.8728,719.1622,0.0898,6.0000
FLD0330,2026-06-07,0.7477,0.5567,0.3594,1.0199,717.3357,0.0945,6.0000
FLD0333,2026-06-07,0.7400,0.7108,0.4291,1.1908,717.3577,0.0541,5.0000
FLD0335,2026-06-07,0.6868,0.6556,0.4138,1.1571,717.4278,0.0985,43.0000
FLD0336,2026-06-07,0.8696,0.5916,0.3742,0.9367,716.5879,0.0725,9.0000
FLD0339,2026-06-07,0.6053,0.3505,0.2494,0.4641,716.0545,0.0401,6.0000
FLD0340,2026-06-07,0.8000,0.3069,0.2397,0.5670,717.7536,0.1145,6.0000
FLD0341,2026-06-07,0.6639,0.4376,0.2666,0.6645,715.0848,0.0768,4.0000
FLD0343,2026-06-07,0.7702,0.5254,0.3449,0.8171,717.4117,0.0520,8.0000
FLD0345,2026-06-07,0.8527,0.5091,0.3606,0.8707,720.0632,0.0560,14.0000
FLD0346,2026-06-07,0.9487,0.6919,0.4288,1.0687,715.9086,0.0516,6.0000
FLD0353,2026-06-07,0.7664,0.3042,0.2222,0.5151,720.9734,0.1020,6.0000
FLD0354,2026-06-07,0.5000,0.4818,0.3196,1.0298,718.9807,0.1409,8.0000
FLD0356,2026-06-07,0.7108,0.4134,0.2878,0.6531,717.4421,0.0908,19.0000
FLD0357,2026-06-07,0.9324,0.2699,0.2026,0.3912,717.3610,0.0538,8.0000
FLD0363,2026-06-07,0.5222,0.5901,0.4026,1.3302,721.2077,0.0671,3.0000
FLD0367,2026-06-07,0.5627,0.5790,0.4135,1.2841,721.1236,0.0461,9.0000
FLD0374,2026-06-07,0.6183,0.3446,0.2391,0.6096,714.7116,0.1201,69.0000
FLD0375,2026-06-07,1.0000,0.3622,0.2506,0.5237,718.8477,0.0316,3.0000
FLD0377,2026-06-07,0.6477,0.2694,0.2062,0.3964,715.3259,,1.0000
FLD0379,2026-06-07,0.8605,0.4708,0.3052,0.7645,716.1349,0.0507,7.0000
FLD0380,2026-06-07,0.7127,0.6682,0.4304,1.4174,719.1226,0.0963,44.0000
FLD0381,2026-06-07,0.6782,0.5522,0.3592,1.0729,717.7203,0.1122,15.0000
FLD0382,2026-06-07,0.6488,0.4335,0.2796,0.6290,713.8704,0.0380,5.0000
FLD0383,2026-06-07,0.6186,0.2743,0.1944,0.3986,713.6054,0.0843,24.0000
FLD0385,2026-06-07,0.8235,0.6425,0.4091,1.1634,718.3506,0.0823,10.0000
FLD0386,2026-06-07,0.5583,0.6683,0.4480,1.4771,720.7503,0.0952,13.0000
FLD0388,2026-06-07,0.9000,0.5841,0.3823,1.0463,719.5279,0.0028,2.0000
FLD0390,2026-06-07,0.6221,0.6535,0.4344,1.4431,720.6697,0.0944,10.0000
FLD0392,2026-06-07,0.8037,0.5332,0.3481,1.0072,717.2082,0.0990,22.0000
FLD0397,2026-06-07,0.6701,0.5789,0.3847,1.3556,719.5680,0.1639,4.0000
FLD0402,2026-06-07,0.7130,0.5773,0.4195,1.4976,723.0201,0.1244,11.0000
FLD0403,2026-06-07,0.5217,0.8621,0.5809,2.7913,722.7403,0.0033,2.0000
FLD0405,2026-06-07,0.9000,0.5958,0.4130,1.3614,723.8678,0.0565,4.0000
FLD0408,2026-06-07,1.0000,0.6074,0.3625,1.0296,714.4926,,1.0000
FLD0414,2026-06-07,0.5126,0.6853,0.4914,1.6786,722.1813,0.0874,5.0000
FLD0417,2026-06-07,0.9559,0.5597,0.4021,0.9280,720.1124,0.0153,2.0000
FLD0423,2026-06-07,0.9000,0.4491,0.3225,0.7415,719.5726,,1.0000
FLD0426,2026-06-07,0.9650,0.6269,0.4017,1.1565,719.1942,0.0817,13.0000
FLD0427,2026-06-07,0.9256,0.7420,0.4531,1.4378,718.7088,0.0578,12.0000
FLD0428,2026-06-07,0.7236,0.5581,0.3661,1.0111,719.4178,0.0819,24.0000
FLD0431,2026-06-07,0.9863,0.5886,0.3926,1.0084,719.0948,0.0159,3.0000
FLD0432,2026-06-07,1.0000,0.4014,0.2970,0.6637,718.1790,0.1284,3.0000
FLD0433,2026-06-07,1.0000,0.5053,0.3608,0.9636,718.1760,0.1369,3.0000
FLD0434,2026-06-07,1.0000,0.8357,0.5388,2.1007,720.4053,,1.0000
FLD0436,2026-06-07,0.8472,0.4749,0.3271,0.7233,716.6794,0.0840,22.0000
FLD0437,2026-06-07,0.9045,0.6735,0.4580,1.4384,720.0988,0.0644,9.0000
FLD0441,2026-06-07,0.9231,0.5172,0.3554,0.8960,715.0316,,1.0000
FLD0442,2026-06-07,0.6562,0.5078,0.3825,1.1581,722.4880,0.0819,3.0000
FLD0449,2026-06-07,0.8608,0.7019,0.4747,1.4950,721.5990,0.1063,2.0000
FLD0458,2026-06-07,1.0000,0.2714,0.2259,0.5603,723.1565,0.0438,2.0000
FLD0459,2026-06-07,0.9545,0.4969,0.3348,0.8213,720.9312,0.0743,4.0000
FLD0463,2026-06-07,0.6154,0.7230,0.4917,1.4208,719.8877,0.1004,2.0000
FLD0466,2026-06-07,0.9333,0.5506,0.3694,1.0413,721.9293,0.0705,4.0000
FLD0467,2026-06-07,0.7143,0.7179,0.4946,1.6137,721.1552,0.0751,5.0000
FLD0468,2026-06-07,1.0000,0.6870,0.4637,1.4765,720.0822,0.1188,2.0000
FLD0003,2026-06-12,0.8902,0.6345,0.4097,1.1334,716.9980,0.0539,8.0000
FLD0005,2026-06-12,0.8136,0.7526,0.4414,1.4122,715.3117,0.0694,5.0000
FLD0007,2026-06-12,0.6270,0.5979,0.3792,1.1139,715.6800,0.1459,17.0000
FLD0021,2026-06-12,0.5405,0.8376,0.5114,1.9060,717.8897,0.0778,4.0000
FLD0022,2026-06-12,0.5407,0.6825,0.4765,1.6934,719.8148,0.0806,8.0000
FLD0023,2026-06-12,0.5000,0.7407,0.5345,2.0503,720.5192,,1.0000
FLD0030,2026-06-12,0.6949,0.6839,0.4469,1.2799,717.5849,0.0528,6.0000
FLD0031,2026-06-12,0.5317,0.6527,0.4393,1.3682,718.5394,0.0682,12.0000
FLD0033,2026-06-12,0.9070,0.5257,0.3953,1.0660,717.6249,0.0484,8.0000
FLD0036,2026-06-12,0.5738,0.7110,0.4131,1.2572,715.5299,,1.0000
FLD0038,2026-06-12,0.8866,0.5922,0.3709,0.9555,714.9941,0.0608,22.0000
FLD0040,2026-06-12,0.6081,0.6828,0.4288,1.2457,716.4106,0.0430,17.0000
FLD0041,2026-06-12,0.7336,0.6142,0.3837,1.0189,714.7803,0.0758,54.0000
FLD0042,2026-06-12,0.8152,0.6859,0.4134,1.1739,715.3895,0.0740,14.0000
FLD0043,2026-06-12,0.6250,0.6366,0.4097,1.2032,716.4681,0.0928,45.0000
FLD0047,2026-06-12,0.5769,0.6998,0.4551,1.1690,716.9879,0.0428,3.0000
FLD0049,2026-06-12,0.8884,0.5370,0.3606,0.8962,715.1428,0.0731,29.0000
FLD0050,2026-06-12,0.8553,0.5448,0.3565,1.0050,715.4906,0.1099,11.0000
FLD0051,2026-06-12,1.0000,0.4278,0.3171,0.8331,719.6522,0.0817,3.0000
FLD0052,2026-06-12,0.7608,0.8055,0.4760,1.5034,716.1425,0.0595,15.0000
FLD0053,2026-06-12,0.7556,0.4778,0.3136,0.9012,717.1276,0.0433,6.0000
FLD0054,2026-06-12,0.6341,0.6183,0.3933,1.0929,716.1626,0.1052,19.0000
FLD0056,2026-06-12,0.6772,0.6798,0.4330,1.1684,715.9047,0.0561,9.0000
FLD0057,2026-06-12,0.5032,0.8364,0.5051,1.5545,715.4302,0.0352,9.0000
FLD0058,2026-06-12,0.5742,0.7715,0.4829,1.5464,717.3508,0.0434,12.0000
FLD0059,2026-06-12,0.9517,0.5968,0.3892,0.9332,715.2492,0.0639,9.0000
FLD0066,2026-06-12,0.5453,0.6679,0.4268,1.3152,716.6307,0.0725,18.0000
FLD0068,2026-06-12,0.5106,0.6940,0.4517,1.5959,717.8291,0.1026,9.0000
FLD0069,2026-06-12,0.8571,0.6098,0.4154,1.2134,718.5448,0.1317,4.0000
FLD0070,2026-06-12,0.7000,0.5890,0.4062,1.2353,718.7642,0.0752,5.0000
FLD0071,2026-06-12,0.5137,0.5926,0.3947,1.1042,717.0459,0.1002,23.0000
FLD0073,2026-06-12,1.0000,0.4346,0.2806,0.6116,713.6684,0.0106,2.0000
FLD0075,2026-06-12,0.7895,0.7618,0.4765,1.5973,719.8941,0.0413,2.0000
FLD0076,2026-06-12,0.9778,0.6231,0.3868,0.9540,715.0718,0.0391,4.0000
FLD0078,2026-06-12,0.5389,0.7445,0.4694,1.4680,716.8680,0.0706,16.0000
FLD0082,2026-06-12,0.6627,0.6522,0.4048,1.1568,715.0609,0.1179,20.0000
FLD0083,2026-06-12,0.8369,0.6457,0.3648,1.0093,713.0502,0.0764,8.0000
FLD0114,2026-06-12,0.6923,0.6500,0.4686,1.5906,719.3655,,1.0000
FLD0117,2026-06-12,0.6163,0.5513,0.3781,0.9755,717.0277,0.1235,9.0000
FLD0121,2026-06-12,0.5653,0.7909,0.4956,1.7071,717.1610,0.0641,17.0000
FLD0127,2026-06-12,0.5797,0.6107,0.3931,1.2555,714.5789,0.0961,5.0000
FLD0128,2026-06-12,0.9589,0.5087,0.3217,0.7211,711.6311,0.1069,4.0000
FLD0129,2026-06-12,0.8462,0.5779,0.3619,1.0053,718.6328,0.0867,3.0000
FLD0130,2026-06-12,1.0000,0.6035,0.3569,0.9304,715.4545,0.0035,2.0000
FLD0134,2026-06-12,0.5028,0.5534,0.4169,1.2769,719.1440,0.1258,2.0000
FLD0135,2026-06-12,0.9125,0.6189,0.3935,0.9961,714.4469,0.0566,8.0000
FLD0139,2026-06-12,0.9286,0.5817,0.3374,0.9273,714.1820,,1.0000
FLD0141,2026-06-12,0.7143,0.7877,0.5435,2.1990,721.3795,0.0848,2.0000
FLD0143,2026-06-12,0.5899,0.6417,0.4355,1.4993,718.3346,0.1105,40.0000
FLD0150,2026-06-12,0.6117,0.5172,0.3366,0.9587,715.0678,0.1026,11.0000
FLD0151,2026-06-12,0.7660,0.6181,0.3639,1.1577,714.0997,0.1303,10.0000
FLD0158,2026-06-12,0.5603,0.4457,0.2944,0.7182,715.0573,0.0595,2.0000
FLD0159,2026-06-12,0.6952,0.6592,0.4195,1.3029,716.0968,0.0844,6.0000
FLD0162,2026-06-12,1.0000,0.6208,0.3766,0.9334,714.9350,,1.0000
FLD0163,2026-06-12,0.9512,0.6378,0.4162,1.0214,715.4717,0.0448,2.0000
FLD0168,2026-06-12,0.6336,0.5123,0.3074,0.8352,712.7652,0.1405,12.0000
FLD0169,2026-06-12,0.8000,0.8903,0.4975,1.7207,715.1180,,1.0000
FLD0173,2026-06-12,0.5531,0.6753,0.4117,1.2031,715.1107,0.1062,15.0000
FLD0175,2026-06-12,0.7673,0.6457,0.3912,1.0297,714.7510,0.0333,3.0000
FLD0177,2026-06-12,0.8476,0.3789,0.2231,0.6286,709.5637,0.1493,4.0000
FLD0178,2026-06-12,0.5714,0.2946,0.2304,0.5137,718.6638,,1.0000
FLD0179,2026-06-12,0.7826,0.6874,0.4362,1.2279,716.8270,0.0442,3.0000
FLD0184,2026-06-12,0.8030,0.8053,0.4691,1.4937,715.7635,0.0501,5.0000
FLD0188,2026-06-12,0.7947,0.5479,0.3305,0.9183,713.7740,0.0946,27.0000
FLD0189,2026-06-12,0.8000,0.5923,0.3706,0.9819,717.1218,0.0798,2.0000
FLD0196,2026-06-12,0.9571,0.5169,0.3292,0.7612,714.5691,0.0231,2.0000
FLD0198,2026-06-12,0.8000,0.1358,0.1282,0.2955,727.0609,,1.0000
FLD0202,2026-06-12,0.6667,0.4853,0.3360,0.8890,720.6623,0.1080,2.0000
FLD0205,2026-06-12,0.6456,0.8232,0.5016,1.7590,717.3091,,1.0000
FLD0207,2026-06-12,1.0000,0.3518,0.2472,0.5137,714.5189,0.0481,4.0000
FLD0208,2026-06-12,1.0000,0.4102,0.3541,0.9972,727.3213,0.1438,2.0000
FLD0209,2026-06-12,0.9500,0.5388,0.3253,0.8777,713.4608,0.1169,5.0000
FLD0212,2026-06-12,1.0000,0.5373,0.2626,0.5858,706.0231,,1.0000
FLD0214,2026-06-12,1.0000,0.5348,0.3671,0.9460,720.8612,0.0571,3.0000
FLD0219,2026-06-12,1.0000,0.4006,0.2649,0.5143,710.9325,0.0126,2.0000
FLD0220,2026-06-12,1.0000,0.5084,0.2971,0.6091,711.3871,0.0739,3.0000
FLD0221,2026-06-12,1.0000,0.3224,0.2485,0.6433,716.3948,0.2101,2.0000
FLD0222,2026-06-12,1.0000,0.4256,0.2681,0.6208,714.8489,0.0657,9.0000
FLD0223,2026-06-12,1.0000,0.6674,0.4601,1.6112,720.2710,,1.0000
FLD0226,2026-06-12,0.5333,0.5999,0.3891,0.9319,715.8837,0.1492,5.0000
FLD0228,2026-06-12,0.8062,0.5458,0.3600,0.9202,715.0996,0.0898,15.0000
FLD0229,2026-06-12,0.6842,0.6256,0.3585,0.9073,713.0268,0.0427,5.0000
FLD0230,2026-06-12,0.6364,0.2160,0.1382,0.3290,710.9485,,1.0000
FLD0231,2026-06-12,0.9561,0.4926,0.3152,0.7726,714.6366,0.0494,13.0000
FLD0235,2026-06-12,0.7093,0.5473,0.3301,0.9956,714.1010,0.0812,4.0000
FLD0238,2026-06-12,1.0000,0.1854,0.1978,0.4704,731.9339,,1.0000
FLD0240,2026-06-12,0.7073,0.7499,0.4615,1.1583,714.0892,0.0352,3.0000
FLD0242,2026-06-12,0.6634,0.6601,0.4123,1.0259,714.3513,,1.0000
FLD0244,2026-06-12,0.5854,0.7611,0.4553,1.3193,715.4033,,1.0000
FLD0245,2026-06-12,1.0000,0.6584,0.3818,0.8999,710.3062,0.0680,4.0000
FLD0246,2026-06-12,0.6452,0.5396,0.3576,0.9113,714.9951,0.0851,11.0000
FLD0247,2026-06-12,0.8187,0.5509,0.3579,0.9118,714.0107,0.0929,18.0000
FLD0250,2026-06-12,0.6451,0.7623,0.4964,1.7985,719.3122,0.1284,14.0000
FLD0251,2026-06-12,0.6791,0.7109,0.4317,1.3895,716.0712,0.1306,25.0000
FLD0253,2026-06-12,0.5568,0.4003,0.2360,0.6979,711.7289,0.1342,15.0000
FLD0256,2026-06-12,0.6593,0.3538,0.2391,0.5118,713.4220,0.0474,2.0000
FLD0257,2026-06-12,0.9815,0.5625,0.3237,0.7702,711.0723,0.0481,4.0000
FLD0258,2026-06-12,1.0000,0.6088,0.3326,0.9726,713.6381,0.1461,2.0000
FLD0259,2026-06-12,0.6690,0.4088,0.2724,0.6618,714.6014,0.0858,14.0000
FLD0278,2026-06-12,0.6473,0.6750,0.4071,1.2435,715.4916,0.0773,13.0000
FLD0279,2026-06-12,0.6979,0.7122,0.4222,1.3476,715.6397,0.0748,13.0000
FLD0284,2026-06-12,0.9454,0.5473,0.3371,0.8493,713.5757,0.0759,22.0000
FLD0285,2026-06-12,0.5962,0.8586,0.4965,1.5578,715.4258,,1.0000
FLD0286,2026-06-12,0.7527,0.7014,0.4328,1.2133,715.6368,0.0924,2.0000
FLD0288,2026-06-12,0.6729,0.5265,0.3581,0.8329,716.7907,,1.0000
FLD0291,2026-06-12,0.9296,0.6783,0.4501,1.2493,717.9410,,1.0000
FLD0300,2026-06-12,0.6090,0.4713,0.3265,0.9720,716.9679,0.1092,6.0000
FLD0301,2026-06-12,0.7254,0.5769,0.3769,1.0275,716.1906,0.0562,7.0000
FLD0302,2026-06-12,0.6116,0.5999,0.3633,1.0872,715.2767,0.0917,13.0000
FLD0304,2026-06-12,0.9565,0.6059,0.3299,0.8348,711.3332,0.1682,4.0000
FLD0310,2026-06-12,1.0000,0.6212,0.4097,1.0083,715.2899,,1.0000
FLD0314,2026-06-12,0.7647,0.8823,0.5345,1.7853,716.6982,0.0211,3.0000
FLD0318,2026-06-12,0.8946,0.4954,0.2996,0.7965,713.9801,0.1453,22.0000
FLD0322,2026-06-12,0.5634,0.8019,0.4800,1.5926,716.3068,0.0321,5.0000
FLD0325,2026-06-12,0.9487,0.5948,0.3526,0.9803,713.9595,0.0977,8.0000
FLD0330,2026-06-12,0.6486,0.6051,0.3407,0.9068,712.4897,0.0588,4.0000
FLD0333,2026-06-12,0.5300,0.7809,0.4554,1.3074,714.4749,0.0513,3.0000
FLD0334,2026-06-12,0.6357,0.3163,0.1725,0.4310,706.1269,0.1169,18.0000
FLD0336,2026-06-12,0.6783,0.6745,0.3878,1.0056,713.0967,0.0636,5.0000
FLD0338,2026-06-12,0.7163,0.2749,0.1996,0.3640,709.3105,0.0706,8.0000
FLD0339,2026-06-12,0.7500,0.3902,0.2550,0.4674,711.0849,0.0986,8.0000
FLD0340,2026-06-12,0.8429,0.3927,0.2540,0.6224,712.4735,0.1571,8.0000
FLD0341,2026-06-12,0.5820,0.5787,0.3263,0.8990,711.7562,0.0754,4.0000
FLD0343,2026-06-12,0.7191,0.6172,0.3631,0.8770,712.2115,0.0562,5.0000
FLD0345,2026-06-12,0.6884,0.6288,0.3995,1.0030,715.7982,0.0732,12.0000
FLD0346,2026-06-12,0.5385,0.8469,0.4969,1.4579,714.5082,0.0546,4.0000
FLD0348,2026-06-12,0.5366,0.1770,0.1287,0.2433,710.6153,0.0379,4.0000
FLD0353,2026-06-12,0.8879,0.3937,0.2602,0.6353,718.4033,0.1024,10.0000
FLD0354,2026-06-12,0.5897,0.4840,0.3109,0.9010,718.4121,0.1160,10.0000
FLD0356,2026-06-12,0.7882,0.4396,0.2786,0.6365,713.5686,0.1002,23.0000
FLD0357,2026-06-12,0.9865,0.3592,0.2273,0.4667,711.3505,0.0729,8.0000
FLD0358,2026-06-12,0.5185,0.3437,0.2170,0.5641,717.3117,0.1719,2.0000
FLD0359,2026-06-12,0.6667,0.1951,0.1908,0.5209,731.6817,,1.0000
FLD0360,2026-06-12,0.5111,0.4212,0.2620,0.7118,713.7424,0.1038,7.0000
FLD0361,2026-06-12,0.5733,0.3120,0.2336,0.6204,719.8847,0.1338,3.0000
FLD0367,2026-06-12,0.5024,0.6424,0.4224,1.2604,717.1625,0.0349,9.0000
FLD0374,2026-06-12,0.7437,0.3760,0.2338,0.5904,710.8956,0.1170,76.0000
FLD0375,2026-06-12,1.0000,0.5023,0.2898,0.6718,711.6377,0.0592,3.0000
FLD0377,2026-06-12,0.8977,0.3595,0.2252,0.4767,712.9456,0.0970,4.0000
FLD0378,2026-06-12,0.5278,0.2729,0.1702,0.4249,713.3468,0.1020,4.0000
FLD0379,2026-06-12,0.9302,0.5523,0.3260,0.8788,712.6547,0.1099,8.0000
FLD0380,2026-06-12,0.5597,0.7054,0.4212,1.3158,715.3431,0.0852,36.0000
FLD0381,2026-06-12,0.6719,0.6334,0.3698,1.0842,713.2392,0.1012,14.0000
FLD0382,2026-06-12,0.7262,0.5182,0.2895,0.7126,711.2524,0.0395,5.0000
FLD0383,2026-06-12,0.7443,0.3042,0.1843,0.3945,710.8904,0.0560,27.0000
FLD0385,2026-06-12,0.6244,0.6704,0.4046,1.0893,714.4550,0.0618,8.0000
FLD0388,2026-06-12,0.8000,0.6488,0.3930,1.0785,714.4175,0.0060,2.0000
FLD0390,2026-06-12,0.5635,0.6610,0.4124,1.1971,715.3519,0.0923,9.0000
FLD0392,2026-06-12,0.7150,0.6007,0.3574,1.0090,713.9331,0.0918,19.0000
FLD0402,2026-06-12,0.6389,0.5975,0.4202,1.5195,719.6532,0.1616,12.0000
FLD0405,2026-06-12,0.8500,0.6331,0.4379,1.3448,716.9738,0.0757,4.0000
FLD0408,2026-06-12,1.0000,0.6562,0.3351,1.0095,710.2315,,1.0000
FLD0417,2026-06-12,0.9412,0.5968,0.4117,0.9605,717.4463,0.0283,2.0000
FLD0423,2026-06-12,0.9000,0.5820,0.3688,0.9042,714.3997,,1.0000
FLD0426,2026-06-12,0.9161,0.6878,0.4105,1.2217,715.6157,0.0747,13.0000
FLD0427,2026-06-12,0.7603,0.8602,0.4772,1.6205,715.4586,0.0533,11.0000
FLD0428,2026-06-12,0.7127,0.6304,0.3845,1.0524,714.5011,0.0722,21.0000
FLD0431,2026-06-12,0.8767,0.6858,0.4162,1.1325,714.7670,0.0070,3.0000
FLD0432,2026-06-12,0.9811,0.4627,0.3057,0.7200,714.5687,0.1176,3.0000
FLD0433,2026-06-12,1.0000,0.6177,0.3839,1.1216,715.4160,0.1156,3.0000
FLD0434,2026-06-12,0.5143,0.9055,0.5414,2.1640,717.7046,,1.0000
FLD0436,2026-06-12,0.9056,0.6317,0.3782,0.9224,712.8662,0.0839,22.0000
FLD0437,2026-06-12,0.8652,0.7179,0.4530,1.4136,716.7354,0.0554,9.0000
FLD0441,2026-06-12,0.9231,0.5835,0.3736,0.9927,713.9377,,1.0000
FLD0442,2026-06-12,0.5625,0.5548,0.3887,1.1966,719.0695,0.0860,3.0000
FLD0449,2026-06-12,0.8354,0.7641,0.4742,1.4238,716.4023,,1.0000
FLD0458,2026-06-12,1.0000,0.3566,0.2671,0.6069,714.7242,0.0615,2.0000
FLD0459,2026-06-12,0.9545,0.6296,0.3753,1.0690,716.0656,0.0922,4.0000
FLD0466,2026-06-12,0.9333,0.6117,0.3724,1.0593,716.3243,0.0725,4.0000
FLD0467,2026-06-12,0.5714,0.7657,0.4727,1.6004,716.6348,0.1067,5.0000
FLD0468,2026-06-12,0.5000,0.6890,0.4769,1.7603,723.6223,,1.0000
FLD0159,2026-06-17,0.7166,0.6681,0.4415,1.5488,721.7281,0.0902,6.0000
FLD0165,2026-06-17,0.5096,0.6743,0.4730,1.6906,722.5169,0.0959,10.0000
FLD0166,2026-06-17,0.5078,0.7004,0.4891,1.8076,723.5436,0.1275,8.0000
FLD0168,2026-06-17,0.6774,0.4945,0.3241,0.9960,719.2534,0.1431,12.0000
FLD0169,2026-06-17,1.0000,0.7297,0.4558,1.5079,721.4877,,1.0000
FLD0177,2026-06-17,0.8598,0.3355,0.2180,0.7062,715.2412,0.1655,5.0000
FLD0256,2026-06-17,0.6370,0.3710,0.2524,0.6170,719.5711,0.0102,2.0000
FLD0340,2026-06-17,0.9000,0.3653,0.2550,0.6785,718.8053,0.1398,7.0000
FLD0341,2026-06-17,0.6803,0.4864,0.3076,0.8790,718.1131,0.0824,4.0000
FLD0353,2026-06-17,0.8692,0.3506,0.2508,0.6584,723.5467,0.1091,8.0000
FLD0354,2026-06-17,0.5769,0.5034,0.3405,1.0874,722.5017,0.1260,10.0000
FLD0356,2026-06-17,0.7597,0.4099,0.2825,0.7079,720.0685,0.0979,22.0000
FLD0357,2026-06-17,0.9730,0.3194,0.2250,0.5255,720.0338,0.0733,9.0000
FLD0359,2026-06-17,0.6111,0.1855,0.1631,0.5238,732.5356,0.2986,2.0000
FLD0360,2026-06-17,0.5444,0.3853,0.2755,0.8035,721.2726,0.1340,8.0000
FLD0363,2026-06-17,0.5333,0.6541,0.4302,1.4600,722.5051,0.0363,3.0000
FLD0374,2026-06-17,0.5611,0.3834,0.2531,0.7142,717.2729,0.1290,73.0000
FLD0375,2026-06-17,1.0000,0.3951,0.2790,0.6286,718.6594,0.0073,3.0000
FLD0377,2026-06-17,0.7841,0.3085,0.2157,0.4673,718.0038,0.0947,2.0000
FLD0379,2026-06-17,0.9070,0.5130,0.3308,0.9165,717.7389,0.0622,7.0000
FLD0380,2026-06-17,0.6741,0.6787,0.4346,1.4813,720.0435,0.0881,43.0000
FLD0381,2026-06-17,0.6814,0.5919,0.3771,1.2023,718.1444,0.1089,15.0000
FLD0382,2026-06-17,0.7083,0.4558,0.2870,0.7442,715.9941,0.0385,5.0000
FLD0383,2026-06-17,0.7423,0.3008,0.1942,0.4584,716.2523,0.0528,27.0000
FLD0392,2026-06-17,0.7664,0.5705,0.3628,1.1364,718.6595,0.0998,21.0000
FLD0417,2026-06-17,0.5882,0.5813,0.4075,1.0508,723.0374,,1.0000
FLD0441,2026-06-17,0.5385,0.6108,0.4600,1.4515,721.4332,,1.0000
FLD0052,2026-07-12,0.5144,0.7936,0.4898,1.5477,716.3468,0.0443,9.0000
FLD0053,2026-07-12,0.8000,0.5054,0.3299,0.9209,717.4590,0.0487,6.0000
FLD0054,2026-07-12,0.5845,0.6391,0.4010,1.1104,714.2788,0.0626,18.0000
FLD0056,2026-07-12,0.5236,0.7852,0.4867,1.4879,716.5079,0.0636,6.0000
FLD0059,2026-07-12,0.8647,0.6187,0.4045,1.0086,715.1383,0.0870,8.0000
FLD0069,2026-07-12,0.9714,0.5126,0.3662,0.8889,716.4891,0.1673,4.0000
FLD0070,2026-07-12,0.6875,0.5650,0.4489,1.3298,721.0085,0.0547,5.0000
FLD0073,2026-07-12,1.0000,0.3653,0.2358,0.5243,711.9730,0.1210,2.0000
FLD0076,2026-07-12,0.8000,0.6845,0.4184,1.1503,714.7623,0.0241,3.0000
FLD0114,2026-07-12,0.6410,0.6012,0.4358,1.3578,715.2303,,1.0000
FLD0117,2026-07-12,0.6245,0.5649,0.3784,1.0704,718.9058,0.1013,10.0000
FLD0128,2026-07-12,0.7534,0.4974,0.3710,1.1009,718.0209,0.1308,3.0000
FLD0129,2026-07-12,0.6923,0.7518,0.4683,1.5847,717.6153,0.0108,2.0000
FLD0162,2026-07-12,0.7143,0.6706,0.4228,1.2990,717.2008,,1.0000
FLD0166,2026-07-12,0.5078,0.6828,0.4895,1.5618,718.1807,0.0830,8.0000
FLD0169,2026-07-12,0.8000,0.7389,0.4329,1.3617,715.4816,,1.0000
FLD0188,2026-07-12,0.5620,0.6021,0.3789,1.1699,715.0462,0.1018,17.0000
FLD0214,2026-07-12,0.7500,0.6348,0.3934,0.9800,717.0767,0.0563,3.0000
FLD0388,2026-07-12,0.5333,0.5834,0.3996,1.1938,717.1904,0.0100,2.0000
FLD0402,2026-07-12,0.5556,0.5474,0.3908,1.3203,718.3660,0.1279,8.0000
FLD0405,2026-07-12,0.7000,0.6313,0.3850,1.3241,718.6335,0.1247,3.0000
FLD0408,2026-07-12,1.0000,0.5757,0.3264,0.8392,712.6143,,1.0000
FLD0049,2026-07-14,0.6093,0.7057,0.4645,1.5737,718.5104,0.0844,20.0000
FLD0051,2026-07-14,0.8889,0.3694,0.3698,1.1641,728.3297,0.1316,3.0000
FLD0053,2026-07-14,0.6000,0.5043,0.3507,1.2476,719.8246,0.0897,5.0000
FLD0059,2026-07-14,0.6570,0.6996,0.4508,1.3306,717.8014,0.0914,6.0000
FLD0069,2026-07-14,0.6857,0.7602,0.5101,1.7193,720.3722,0.1020,3.0000
FLD0073,2026-07-14,1.0000,0.5300,0.2906,0.8763,713.6887,0.1414,2.0000
FLD0114,2026-07-14,0.5641,0.5938,0.4752,1.7939,721.3593,,1.0000
FLD0130,2026-07-14,0.5385,0.7795,0.5434,2.2251,720.5214,,1.0000
FLD0139,2026-07-14,0.7143,0.6012,0.3741,1.1758,717.8704,,1.0000
FLD0151,2026-07-14,0.6351,0.5955,0.3638,1.1861,716.1471,0.1042,9.0000
FLD0175,2026-07-14,0.5102,0.8028,0.4800,1.6192,717.5262,0.0275,3.0000
FLD0177,2026-07-14,0.7195,0.3657,0.2063,0.6417,712.3275,0.2882,2.0000
FLD0178,2026-07-14,0.6429,0.3245,0.2627,0.7222,723.4098,0.0388,2.0000
FLD0189,2026-07-14,0.5000,0.6123,0.3918,1.1137,719.9704,,1.0000
FLD0196,2026-07-14,0.9286,0.7393,0.4381,1.3209,715.8535,0.0044,2.0000
FLD0202,2026-07-14,0.5556,0.4520,0.3576,1.1242,723.9472,0.1200,2.0000
FLD0207,2026-07-14,0.9231,0.4463,0.2918,0.8271,719.2099,0.0526,3.0000
FLD0208,2026-07-14,0.8000,0.5176,0.5087,2.3527,729.6895,0.2372,2.0000
FLD0209,2026-07-14,0.8500,0.6236,0.4000,1.5563,719.0041,0.1773,5.0000
FLD0214,2026-07-14,0.8750,0.5799,0.4440,1.5301,725.8261,0.1050,2.0000
FLD0219,2026-07-14,0.9200,0.5350,0.3607,1.0141,715.5666,0.0173,2.0000
FLD0221,2026-07-14,1.0000,0.3692,0.2836,0.9335,720.0268,0.2269,2.0000
FLD0222,2026-07-14,0.9737,0.6402,0.3992,1.2492,717.3996,0.0514,9.0000
FLD0223,2026-07-14,1.0000,0.7772,0.5685,3.3631,721.8696,,1.0000
FLD0228,2026-07-14,0.6899,0.6603,0.4394,1.5251,719.9703,0.1393,9.0000
FLD0230,2026-07-14,0.5455,0.3536,0.2059,0.5738,712.4957,,1.0000
FLD0231,2026-07-14,0.6988,0.5494,0.3746,1.0937,718.7428,0.0499,12.0000
FLD0235,2026-07-14,0.6628,0.6363,0.3953,1.6425,718.3049,0.1383,3.0000
FLD0238,2026-07-14,0.8000,0.1415,0.2365,0.5988,735.7988,,1.0000
FLD0245,2026-07-14,0.7308,0.8176,0.4553,1.2957,715.2160,0.0600,3.0000
FLD0246,2026-07-14,0.5269,0.7264,0.4547,1.5020,717.5708,0.0806,8.0000
FLD0247,2026-07-14,0.6641,0.6119,0.4013,1.1920,717.0762,0.0844,15.0000
FLD0281,2026-07-14,0.5769,0.8795,0.5058,1.8846,717.2062,,1.0000
FLD0284,2026-07-14,0.5210,0.6744,0.4192,1.4925,717.0336,0.1059,9.0000
FLD0286,2026-07-14,0.5054,0.7730,0.4862,1.7533,719.7159,,1.0000
FLD0288,2026-07-14,0.5888,0.7286,0.4752,1.6608,719.3599,,1.0000
FLD0340,2026-07-14,0.6143,0.3947,0.3087,0.8994,720.8084,0.0353,2.0000
FLD0356,2026-07-14,0.7067,0.5751,0.3701,1.1206,718.2308,0.1095,20.0000
FLD0357,2026-07-14,0.6622,0.5222,0.3170,0.9959,716.5899,0.1280,6.0000
FLD0375,2026-07-14,0.9000,0.6422,0.4325,1.3952,719.4927,0.0279,3.0000
FLD0377,2026-07-14,0.7841,0.6861,0.4092,1.2865,716.3221,,1.0000
FLD0379,2026-07-14,0.7674,0.7033,0.4360,1.5500,716.9770,0.0597,6.0000
FLD0382,2026-07-14,0.6845,0.6435,0.3832,1.3259,717.2608,0.1528,5.0000
FLD0383,2026-07-14,0.7423,0.4616,0.2841,0.7955,715.4526,0.0796,27.0000
FLD0385,2026-07-14,0.7376,0.6651,0.4297,1.3495,718.9530,0.0552,9.0000
FLD0408,2026-07-14,1.0000,0.6854,0.3468,1.1439,710.1947,,1.0000
FLD0417,2026-07-14,0.8235,0.8312,0.5265,1.7203,718.4676,0.0209,2.0000
FLD0423,2026-07-14,0.6000,0.8472,0.5092,1.8228,717.8448,,1.0000
FLD0434,2026-07-14,0.7429,0.5926,0.4233,1.5046,720.3957,,1.0000
FLD0441,2026-07-14,0.6923,0.8489,0.5500,2.0213,717.7464,,1.0000
FLD0466,2026-07-14,0.9333,0.5068,0.3583,1.0170,722.8944,0.0410,3.0000
FLD0468,2026-07-14,1.0000,0.6816,0.4405,1.4272,720.4973,0.1341,2.0000
FLD0033,2026-08-01,1.0000,0.4790,0.3331,0.9522,717.9452,0.0464,8.0000
FLD0034,2026-08-01,0.5167,0.8444,0.5314,2.0835,718.7170,0.0242,5.0000
FLD0038,2026-08-01,0.7731,0.7004,0.4477,1.5265,717.7074,0.0781,21.0000
FLD0041,2026-08-01,0.5668,0.8462,0.5428,2.1844,718.6563,0.0472,35.0000
FLD0043,2026-08-01,0.5109,0.8479,0.5485,2.1556,718.8467,0.0457,36.0000
FLD0053,2026-08-01,0.7556,0.4765,0.3435,1.0589,719.2257,0.0723,5.0000
FLD0073,2026-08-01,0.6923,0.8414,0.5221,1.9841,717.4332,,1.0000
FLD0097,2026-08-01,0.7500,0.5058,0.4026,1.4409,721.5643,0.0676,6.0000
FLD0114,2026-08-01,0.6410,0.8216,0.5366,2.0367,718.6691,,1.0000
FLD0127,2026-08-01,0.6618,0.8126,0.5426,2.1161,719.7173,0.0387,5.0000
FLD0132,2026-08-01,0.6744,0.7747,0.5278,2.0753,719.8038,0.0719,48.0000
FLD0133,2026-08-01,0.6562,0.8427,0.5830,2.6256,721.0679,0.0975,20.0000
FLD0139,2026-08-01,0.9286,0.6651,0.4265,1.3776,718.9721,,1.0000
FLD0148,2026-08-01,0.5784,0.7964,0.5349,2.1491,719.8448,0.0586,34.0000
FLD0153,2026-08-01,0.8459,0.7378,0.4867,1.7738,718.9084,0.0959,29.0000
FLD0155,2026-08-01,0.5508,0.7966,0.5120,1.9364,718.5387,0.0721,7.0000
FLD0162,2026-08-01,1.0000,0.8355,0.5171,1.9724,717.2208,,1.0000
FLD0163,2026-08-01,0.6585,0.9222,0.5472,2.1429,717.6997,0.0197,2.0000
FLD0164,2026-08-01,1.0000,0.7314,0.4769,1.5556,718.0044,0.0305,3.0000
FLD0166,2026-08-01,0.7422,0.7608,0.5116,1.9373,719.2804,0.0455,12.0000
FLD0178,2026-08-01,1.0000,0.4536,0.3408,0.9395,721.8527,0.0178,2.0000
FLD0179,2026-08-01,1.0000,0.7174,0.4612,1.4952,718.0774,0.0154,3.0000
FLD0180,2026-08-01,0.8800,0.8742,0.5501,2.0141,718.2915,,1.0000
FLD0181,2026-08-01,0.7720,0.7619,0.5067,1.8884,719.1101,0.0684,10.0000
FLD0183,2026-08-01,0.8443,0.7328,0.4929,1.7858,719.3752,0.0602,12.0000
FLD0184,2026-08-01,0.6970,0.7064,0.4873,1.7784,719.5426,0.0788,4.0000
FLD0185,2026-08-01,1.0000,0.5812,0.4211,1.3214,720.3310,0.0133,2.0000
FLD0189,2026-08-01,1.0000,0.5720,0.4145,1.2583,719.9715,0.0132,3.0000
FLD0190,2026-08-01,1.0000,0.6130,0.4577,1.5725,721.2971,0.0704,7.0000
FLD0191,2026-08-01,0.6023,0.7486,0.5197,2.0683,720.2606,0.0977,20.0000
FLD0192,2026-08-01,0.5632,0.7799,0.5431,2.3319,720.9628,0.0788,27.0000
FLD0193,2026-08-01,0.6891,0.7227,0.5001,1.9497,720.3824,0.0793,12.0000
FLD0194,2026-08-01,0.6338,0.7381,0.5165,2.0854,720.9593,0.1096,5.0000
FLD0197,2026-08-01,0.9492,0.6006,0.4300,1.4284,720.2791,0.1031,12.0000
FLD0198,2026-08-01,1.0000,0.3378,0.2926,0.7590,724.4958,,1.0000
FLD0200,2026-08-01,0.8000,0.8932,0.5655,2.3615,720.3384,0.0521,2.0000
FLD0208,2026-08-01,0.8000,0.6278,0.6013,2.5860,723.7925,,1.0000
FLD0214,2026-08-01,0.5000,0.7357,0.5878,2.6496,722.7313,,1.0000
FLD0221,2026-08-01,0.6667,0.4642,0.4075,1.4399,721.6918,,1.0000
FLD0230,2026-08-01,0.6364,0.5749,0.3999,1.1332,718.5634,,1.0000
FLD0238,2026-08-01,1.0000,0.3534,0.3546,1.0675,726.9016,,1.0000
FLD0256,2026-08-01,0.9259,0.5106,0.3334,0.9454,716.2832,0.1583,6.0000
FLD0257,2026-08-01,0.8519,0.7653,0.4603,1.5548,716.8539,0.0318,4.0000
FLD0258,2026-08-01,0.5000,0.6662,0.4742,1.8098,721.5954,,1.0000
FLD0259,2026-08-01,0.8768,0.4798,0.3270,0.9809,718.0187,0.0843,22.0000
FLD0262,2026-08-01,0.6558,0.7988,0.5427,2.2182,720.1459,0.0536,45.0000
FLD0284,2026-08-01,0.9160,0.7021,0.4606,1.6119,718.2140,0.0703,21.0000
FLD0329,2026-08-01,0.6738,0.7735,0.5383,2.2868,720.5290,0.0948,29.0000
FLD0351,2026-08-01,0.7056,0.3594,0.3333,0.7255,727.0249,0.0706,11.0000
FLD0353,2026-08-01,0.8224,0.5352,0.3855,1.1998,719.4422,0.0831,9.0000
FLD0354,2026-08-01,0.6923,0.4421,0.3301,1.0796,722.3908,0.1113,12.0000
FLD0358,2026-08-01,0.9630,0.5350,0.3233,0.9913,716.9214,0.1154,5.0000
FLD0359,2026-08-01,0.8333,0.2771,0.2814,0.7655,723.0824,0.0618,3.0000
FLD0360,2026-08-01,0.7111,0.4762,0.3123,1.0071,717.2589,0.1628,11.0000
FLD0361,2026-08-01,0.6667,0.5811,0.3738,1.3127,718.4945,0.1472,5.0000
FLD0363,2026-08-01,0.5889,0.8112,0.5302,2.0482,718.7697,0.0618,5.0000
FLD0367,2026-08-01,0.9735,0.7318,0.4927,1.8399,719.6111,0.0962,19.0000
FLD0368,2026-08-01,1.0000,0.5363,0.3921,1.1753,719.9123,0.0703,6.0000
FLD0369,2026-08-01,1.0000,0.7456,0.4977,1.7757,719.1610,0.0148,3.0000
FLD0394,2026-08-01,0.6000,0.8989,0.5832,2.5731,719.3423,,1.0000
FLD0395,2026-08-01,0.5882,0.6826,0.4633,1.6988,719.4975,0.1007,61.0000
FLD0397,2026-08-01,0.5155,0.8496,0.5449,2.0960,718.8026,0.0646,3.0000
FLD0398,2026-08-01,0.5806,0.8456,0.5765,2.4546,720.7795,0.0172,4.0000
FLD0404,2026-08-01,0.7143,0.8804,0.5994,2.5536,720.4472,0.0129,2.0000
FLD0407,2026-08-01,0.5000,0.9079,0.6287,3.2528,721.5477,0.0646,3.0000
FLD0408,2026-08-01,1.0000,0.7573,0.4820,1.6898,717.7817,,1.0000
FLD0458,2026-08-01,0.8000,0.9334,0.5872,2.4677,719.0751,0.0091,2.0000
FLD0466,2026-08-01,1.0000,0.7455,0.4814,1.6821,718.3489,0.0457,4.0000
FLD0467,2026-08-01,0.5714,0.8273,0.5372,2.1630,718.9307,0.0614,4.0000
FLD0101,2026-08-21,0.7288,0.8203,0.6028,2.7496,722.3271,0.0378,2.0000
FLD0102,2026-08-21,1.0000,0.7753,0.5641,2.3830,722.0084,,1.0000
FLD0106,2026-08-26,0.5082,0.8682,0.6144,2.9291,722.8906,0.0550,5.0000
FLD0375,2026-08-26,0.8000,0.6777,0.4085,1.1398,717.3653,0.0227,2.0000
FLD0377,2026-08-26,0.7045,0.5696,0.3624,0.9440,717.0126,,1.0000
FLD0128,2026-09-05,0.6575,0.6416,0.4629,1.6771,722.3474,0.0653,4.0000
FLD0162,2026-09-05,0.7143,0.9213,0.5428,2.2299,719.4509,,1.0000
FLD0172,2026-09-05,0.6710,0.6636,0.4706,1.8764,724.2006,0.0982,2.0000
FLD0175,2026-09-05,0.6980,0.7361,0.4758,1.6628,720.4074,0.0823,9.0000
FLD0177,2026-09-05,0.7012,0.3822,0.2359,0.6250,713.3963,0.2575,2.0000
FLD0291,2026-09-05,0.5070,0.7137,0.4387,1.3938,717.4881,,1.0000
FLD0314,2026-09-05,0.6324,0.6670,0.4063,1.2164,718.1380,0.0140,2.0000
FLD0352,2026-09-05,0.5000,0.6023,0.4011,1.3304,723.4981,0.1347,7.0000
FLD0353,2026-09-05,0.5327,0.4147,0.2967,0.8924,729.1617,0.0562,5.0000
FLD0356,2026-09-05,0.6171,0.6146,0.4062,1.2459,720.2933,0.1222,17.0000
FLD0357,2026-09-05,0.8784,0.5722,0.3657,1.0897,719.6205,0.1096,9.0000
FLD0358,2026-09-05,0.5185,0.5024,0.2949,0.8363,714.5283,,1.0000
FLD0003,2026-09-10,0.5854,0.8325,0.4807,1.5025,715.3235,0.0824,6.0000
FLD0038,2026-09-10,0.5630,0.7753,0.4271,1.1597,712.4625,0.0491,14.0000
FLD0051,2026-09-10,0.7778,0.4894,0.4300,1.5104,722.5553,0.1608,3.0000
FLD0053,2026-09-10,0.9333,0.3700,0.3042,0.8010,718.4337,0.1077,7.0000
FLD0073,2026-09-10,0.5385,0.8609,0.4812,1.6729,714.6340,,1.0000
FLD0075,2026-09-10,0.5263,0.6063,0.4427,1.4460,718.9342,,1.0000
FLD0076,2026-09-10,0.5333,0.7197,0.4225,1.1240,714.9912,,1.0000
FLD0128,2026-09-10,0.5616,0.6699,0.4259,1.3896,717.1050,,1.0000
FLD0129,2026-09-10,0.6154,0.5958,0.4239,1.4651,719.6588,0.1257,3.0000
FLD0130,2026-09-10,0.6923,0.6314,0.4206,1.2402,717.1036,0.0587,2.0000
FLD0139,2026-09-10,0.7143,0.4950,0.3317,0.9575,716.8448,,1.0000
FLD0142,2026-09-10,0.8000,0.7334,0.4704,1.4353,715.7741,,1.0000
FLD0151,2026-09-10,0.6267,0.7116,0.4102,1.2319,714.0063,0.0625,9.0000
FLD0169,2026-09-10,1.0000,0.7135,0.3918,0.9831,712.0063,,1.0000
FLD0177,2026-09-10,0.6646,0.3733,0.2118,0.5463,707.6024,0.3049,2.0000
FLD0178,2026-09-10,0.5714,0.3364,0.2540,0.6584,718.1716,,1.0000
FLD0188,2026-09-10,0.6571,0.6753,0.3779,1.0360,711.6834,0.0548,21.0000
FLD0189,2026-09-10,0.7000,0.5686,0.4347,1.3315,719.9227,,1.0000
FLD0196,2026-09-10,0.9571,0.5608,0.3496,0.8150,713.0433,0.0269,2.0000
FLD0198,2026-09-10,0.8000,0.1324,0.1709,0.4658,730.6904,,1.0000
FLD0207,2026-09-10,0.8462,0.4085,0.3030,0.7116,718.1565,0.0682,3.0000
FLD0208,2026-09-10,0.8000,0.5089,0.4312,1.7560,728.0219,,1.0000
FLD0209,2026-09-10,0.6500,0.5644,0.3247,0.9711,714.1710,0.0658,3.0000
FLD0214,2026-09-10,0.5000,0.6257,0.4807,1.5661,720.1288,,1.0000
FLD0219,2026-09-10,0.6800,0.4447,0.3102,0.6900,714.5786,0.0777,2.0000
FLD0220,2026-09-10,0.5556,0.5786,0.3297,0.7967,719.4980,,1.0000
FLD0221,2026-09-10,0.8333,0.3093,0.2616,0.6970,720.8339,,1.0000
FLD0222,2026-09-10,0.7105,0.7407,0.4078,1.2162,714.5545,0.0446,7.0000
FLD0223,2026-09-10,1.0000,0.8259,0.5010,1.8891,717.5106,,1.0000
FLD0228,2026-09-10,0.5581,0.7281,0.4491,1.4226,716.4173,0.1336,7.0000
FLD0230,2026-09-10,0.7273,0.5155,0.2894,0.7892,714.9545,,1.0000
FLD0235,2026-09-10,0.5116,0.4947,0.2991,0.9490,711.3697,0.1548,2.0000
FLD0238,2026-09-10,1.0000,0.1829,0.1976,0.4865,730.9540,,1.0000
FLD0256,2026-09-10,0.6000,0.4335,0.2889,0.7452,715.2871,0.0598,2.0000
FLD0258,2026-09-10,0.6250,0.5577,0.4122,1.3846,723.2599,0.2028,2.0000
FLD0259,2026-09-10,0.5739,0.5478,0.3353,1.0432,717.0006,0.0943,15.0000
FLD0281,2026-09-10,0.9231,0.7769,0.4596,1.5397,716.2098,0.0666,2.0000
FLD0284,2026-09-10,0.5378,0.7618,0.4500,1.4139,715.0864,0.0360,10.0000
FLD0291,2026-09-10,0.8873,0.7862,0.4464,1.3847,714.3196,,1.0000
FLD0304,2026-09-10,0.7826,0.7224,0.5696,3.1221,722.1045,0.1516,3.0000
FLD0314,2026-09-10,0.6765,0.8418,0.4468,1.1693,711.9225,0.0437,3.0000
FLD0325,2026-09-10,0.9487,0.7292,0.4364,1.3515,715.6628,0.0878,7.0000
FLD0330,2026-09-10,0.5405,0.6300,0.3944,1.2251,716.1222,0.0768,5.0000
FLD0334,2026-09-10,0.7984,0.5276,0.2698,0.7121,710.3627,0.0803,23.0000
FLD0337,2026-09-10,0.9333,0.3354,0.1920,0.4678,710.7726,0.0371,3.0000
FLD0338,2026-09-10,0.8227,0.5344,0.2850,0.7197,710.5714,0.0974,9.0000
FLD0339,2026-09-10,0.6118,0.6049,0.3213,0.8749,711.2776,0.1211,8.0000
FLD0340,2026-09-10,0.8571,0.5821,0.3618,1.1369,715.5323,0.1588,6.0000
FLD0343,2026-09-10,0.5064,0.7544,0.4330,1.2431,714.7035,0.0268,3.0000
FLD0348,2026-09-10,0.5610,0.3258,0.1827,0.4790,713.6111,0.1052,4.0000
FLD0353,2026-09-10,0.7383,0.3791,0.2520,0.7484,717.9681,0.1437,9.0000
FLD0356,2026-09-10,0.6008,0.5838,0.3506,0.9423,714.9080,0.0912,17.0000
FLD0357,2026-09-10,0.7297,0.5409,0.3094,0.7862,713.0522,0.1057,9.0000
FLD0358,2026-09-10,0.7778,0.4241,0.2378,0.7492,715.9336,0.1450,3.0000
FLD0359,2026-09-10,0.6111,0.1567,0.1684,0.4665,736.0610,,1.0000
FLD0361,2026-09-10,0.5467,0.4264,0.3003,0.9741,718.0241,0.1876,3.0000
FLD0375,2026-09-10,0.9000,0.7769,0.4298,1.3451,714.7849,0.0810,3.0000
FLD0377,2026-09-10,0.9318,0.5446,0.2989,0.7297,713.2037,0.1360,5.0000
FLD0378,2026-09-10,0.6420,0.3425,0.2133,0.5659,716.7073,0.1489,6.0000
FLD0382,2026-09-10,0.6190,0.6927,0.3710,1.1257,713.4407,0.0437,5.0000
FLD0383,2026-09-10,0.7134,0.6094,0.3156,0.8617,712.2764,0.0838,25.0000
FLD0388,2026-09-10,0.6667,0.5871,0.4176,1.3288,717.8931,,1.0000
FLD0426,2026-09-10,0.5245,0.7025,0.4682,1.4409,719.1557,0.0524,7.0000
FLD0427,2026-09-10,0.6860,0.8029,0.4682,1.3669,715.0831,0.0272,8.0000
FLD0432,2026-09-10,0.5094,0.7697,0.4775,1.3902,714.9612,,1.0000
FLD0436,2026-09-10,0.7978,0.7890,0.4239,1.1350,711.9044,0.0492,17.0000
FLD0458,2026-09-10,1.0000,0.5305,0.3429,0.8886,715.5894,0.0505,2.0000
FLD0459,2026-09-10,0.6818,0.6301,0.4211,1.3849,719.5868,0.1282,3.0000
FLD0466,2026-09-10,0.9333,0.6418,0.4195,1.2564,717.9876,0.0390,3.0000
FLD0468,2026-09-10,0.7000,0.7569,0.5175,1.9743,721.1856,0.1487,2.0000
FLD0000,2026-09-12,1.0000,0.5408,0.3943,1.1809,721.6541,0.0285,7.0000
FLD0001,2026-09-12,1.0000,0.6674,0.4827,1.6748,722.4017,0.0403,12.0000
FLD0002,2026-09-12,1.0000,0.5874,0.4250,1.3467,721.9771,0.0212,8.0000
FLD0003,2026-09-12,1.0000,0.7320,0.4917,1.6334,720.6028,0.0400,11.0000
FLD0004,2026-09-12,0.8148,0.7191,0.4964,1.7765,721.6706,0.0742,8.0000
FLD0005,2026-09-12,0.9322,0.7848,0.5340,2.0529,721.3208,0.0367,8.0000
FLD0006,2026-09-12,0.5556,0.8246,0.5615,2.3091,721.6926,0.0627,10.0000
FLD0007,2026-09-12,0.8893,0.7369,0.4970,1.8409,721.5546,0.1151,23.0000
FLD0010,2026-09-12,0.9846,0.6112,0.4485,1.5011,721.8056,0.0990,4.0000
FLD0011,2026-09-12,1.0000,0.6042,0.4474,1.5545,722.4132,0.0752,12.0000
FLD0012,2026-09-12,1.0000,0.5500,0.4035,1.2333,721.8035,0.0013,2.0000
FLD0013,2026-09-12,1.0000,0.5811,0.4373,1.4616,723.2620,0.0601,5.0000
FLD0014,2026-09-12,0.9615,0.7642,0.5328,2.0882,721.7780,0.0416,12.0000
FLD0018,2026-09-12,0.5789,0.9245,0.6199,2.9583,722.4155,,1.0000
FLD0020,2026-09-12,1.0000,0.7964,0.5804,2.6167,723.3013,0.0623,5.0000
FLD0021,2026-09-12,0.7027,0.8055,0.5758,2.4149,722.9519,0.0390,6.0000
FLD0022,2026-09-12,0.5111,0.7973,0.5618,2.2998,722.5821,0.0575,9.0000
FLD0024,2026-09-12,0.9689,0.7545,0.5410,2.0855,722.7667,0.0523,15.0000
FLD0025,2026-09-12,1.0000,0.8122,0.5788,2.4158,723.1057,0.0347,8.0000
FLD0027,2026-09-12,1.0000,0.8156,0.5707,2.4091,722.5041,,1.0000
FLD0028,2026-09-12,1.0000,0.7495,0.5304,2.0900,722.9786,0.0064,3.0000
FLD0030,2026-09-12,1.0000,0.5132,0.3976,1.1955,722.2931,0.0169,8.0000
FLD0031,2026-09-12,0.5634,0.8511,0.5931,2.7207,722.8207,0.0429,15.0000
FLD0036,2026-09-12,1.0000,0.7677,0.5580,2.4152,723.0318,0.1008,2.0000
FLD0037,2026-09-12,0.5806,0.8777,0.6034,2.8709,722.4987,0.0600,5.0000
FLD0038,2026-09-12,0.8866,0.7619,0.5069,1.8159,720.9008,0.0418,24.0000
FLD0040,2026-09-12,0.9392,0.7902,0.5515,2.2830,722.2783,0.0429,24.0000
FLD0041,2026-09-12,0.6128,0.7763,0.5207,1.9360,720.7505,0.0507,47.0000
FLD0042,2026-09-12,0.9130,0.7436,0.5012,1.8002,720.8979,0.0378,15.0000
FLD0043,2026-09-12,0.6889,0.8194,0.5546,2.2593,721.5134,0.0504,46.0000
FLD0047,2026-09-12,0.6923,0.8759,0.5902,2.4422,721.3884,0.0060,3.0000
FLD0048,2026-09-12,0.6507,0.8100,0.5466,2.1918,720.9705,0.0737,4.0000
FLD0049,2026-09-12,0.7721,0.8392,0.5665,2.3582,721.4974,0.0382,25.0000
FLD0050,2026-09-12,0.9868,0.8343,0.5543,2.2794,721.0302,0.0368,12.0000
FLD0051,2026-09-12,1.0000,0.6523,0.5050,1.8470,723.4214,0.0904,3.0000
FLD0053,2026-09-12,0.9778,0.4373,0.3854,1.1244,724.0807,0.0616,7.0000
FLD0059,2026-09-12,0.6280,0.8624,0.5504,1.9801,718.9236,0.0352,6.0000
FLD0073,2026-09-12,0.5385,0.8508,0.5539,2.3115,720.2134,,1.0000
FLD0075,2026-09-12,0.5789,0.6213,0.5017,2.2887,723.2482,,1.0000
FLD0076,2026-09-12,0.6889,0.7476,0.4860,1.5279,719.5104,0.0437,2.0000
FLD0127,2026-09-12,0.5217,0.6930,0.4844,1.6639,720.3866,0.0153,3.0000
FLD0128,2026-09-12,0.8082,0.7608,0.5052,1.7378,721.1098,0.0210,3.0000
FLD0129,2026-09-12,0.6923,0.6084,0.4560,1.5672,722.4282,0.0889,3.0000
FLD0130,2026-09-12,0.7692,0.6874,0.4907,1.5384,720.3687,0.0379,2.0000
FLD0135,2026-09-12,0.8125,0.8093,0.4875,1.5794,716.7367,0.0567,7.0000
FLD0139,2026-09-12,0.8571,0.6070,0.3925,1.1126,718.7191,,1.0000
FLD0142,2026-09-12,0.8000,0.7843,0.5300,1.9366,721.5673,,1.0000
FLD0151,2026-09-12,0.7493,0.7145,0.4582,1.4434,717.8351,0.0619,10.0000
FLD0169,2026-09-12,1.0000,0.8242,0.5565,2.0681,721.4464,,1.0000
FLD0173,2026-09-12,0.5084,0.7778,0.5370,2.1025,722.0021,0.0597,15.0000
FLD0177,2026-09-12,0.5305,0.7139,0.4607,1.4652,719.2458,,1.0000
FLD0178,2026-09-12,0.7857,0.4465,0.3512,0.8913,721.0252,0.0101,2.0000
FLD0188,2026-09-12,0.7960,0.6925,0.4409,1.3171,717.3024,0.0595,28.0000
FLD0189,2026-09-12,0.8000,0.7159,0.4785,1.7468,718.7307,0.0667,2.0000
FLD0191,2026-09-12,0.5405,0.8258,0.5788,2.5642,722.5457,0.0671,18.0000
FLD0192,2026-09-12,0.5123,0.7953,0.5662,2.4110,722.4469,0.0766,13.0000
FLD0193,2026-09-12,0.6704,0.8043,0.5811,2.6107,722.9344,0.0833,11.0000
FLD0196,2026-09-12,1.0000,0.6016,0.4274,1.2935,721.2578,0.0759,3.0000
FLD0198,2026-09-12,1.0000,0.3097,0.2924,0.7568,729.3291,,1.0000
FLD0202,2026-09-12,0.8333,0.7351,0.5219,2.0001,722.6009,0.1019,3.0000
FLD0207,2026-09-12,1.0000,0.4712,0.3649,0.9778,721.9738,0.0479,4.0000
FLD0208,2026-09-12,1.0000,0.6058,0.5124,1.9760,726.4069,0.1547,2.0000
FLD0209,2026-09-12,0.9000,0.6970,0.4602,1.5814,719.6872,0.1088,5.0000
FLD0212,2026-09-12,1.0000,0.7045,0.4719,1.6815,721.2085,,1.0000
FLD0214,2026-09-12,0.7500,0.6489,0.4941,1.6440,721.9565,0.0225,2.0000
FLD0219,2026-09-12,1.0000,0.5748,0.4222,1.2469,720.9259,0.0807,2.0000
FLD0220,2026-09-12,1.0000,0.6503,0.4272,1.3419,720.5231,0.1241,3.0000
FLD0221,2026-09-12,1.0000,0.4673,0.3768,1.1342,723.4291,0.1139,2.0000
FLD0222,2026-09-12,1.0000,0.6956,0.4738,1.5499,720.0876,0.0353,9.0000
FLD0223,2026-09-12,1.0000,0.6588,0.4838,1.6687,722.4192,,1.0000
FLD0226,2026-09-12,0.6433,0.7988,0.5232,1.8916,720.5097,0.0730,5.0000
FLD0228,2026-09-12,1.0000,0.6833,0.4750,1.6778,721.2145,0.0674,21.0000
FLD0229,2026-09-12,1.0000,0.7879,0.5260,2.0379,720.6958,0.0400,7.0000
FLD0230,2026-09-12,1.0000,0.6171,0.4405,1.4728,721.6224,0.0641,2.0000
FLD0231,2026-09-12,1.0000,0.6806,0.4767,1.6686,721.4214,0.0362,15.0000
FLD0232,2026-09-12,1.0000,0.6877,0.4486,1.5040,719.7128,0.0167,2.0000
FLD0234,2026-09-12,0.5000,0.8865,0.5830,2.5471,721.1388,,1.0000
FLD0235,2026-09-12,0.7326,0.6238,0.4170,1.4155,719.2486,0.0943,3.0000
FLD0238,2026-09-12,1.0000,0.2852,0.3089,0.8384,729.6932,,1.0000
FLD0240,2026-09-12,0.8537,0.8491,0.5781,2.3699,721.2692,0.0012,2.0000
FLD0242,2026-09-12,0.7624,0.8344,0.5583,2.1911,720.8776,0.0179,3.0000
FLD0245,2026-09-12,0.8846,0.7935,0.5221,1.9036,720.2721,0.0393,4.0000
FLD0246,2026-09-12,0.8602,0.8869,0.5645,2.2637,720.3038,0.0360,13.0000
FLD0247,2026-09-12,0.9516,0.7171,0.4926,1.7912,721.1057,0.0597,22.0000
FLD0250,2026-09-12,0.9966,0.7360,0.5075,1.8580,721.5916,0.1170,23.0000
FLD0251,2026-09-12,0.9327,0.7380,0.5206,2.1285,722.5580,0.1313,37.0000
FLD0252,2026-09-12,0.7033,0.8985,0.6264,3.0008,723.1759,0.0177,10.0000
FLD0253,2026-09-12,0.9622,0.6275,0.4289,1.5741,720.7150,0.1268,18.0000
FLD0254,2026-09-12,0.9044,0.8234,0.5638,2.3224,721.9212,0.0528,13.0000
FLD0256,2026-09-12,0.9852,0.4202,0.3132,0.8560,720.7726,0.1465,6.0000
FLD0257,2026-09-12,1.0000,0.5848,0.4075,1.2002,720.2065,0.0269,5.0000
FLD0258,2026-09-12,1.0000,0.4876,0.3899,1.1596,723.0156,0.0881,2.0000
FLD0259,2026-09-12,0.9930,0.4500,0.3340,0.9543,721.5011,0.0790,22.0000
FLD0260,2026-09-12,0.8667,0.7054,0.5254,2.0336,723.4315,0.0699,9.0000
FLD0261,2026-09-12,0.5950,0.9133,0.6346,3.2382,722.9483,0.0469,6.0000
FLD0280,2026-09-12,0.5720,0.7999,0.5392,2.1364,721.3332,0.0319,10.0000
FLD0281,2026-09-12,1.0000,0.6349,0.4717,1.6073,721.7456,0.0043,2.0000
FLD0284,2026-09-12,0.9748,0.7879,0.5229,1.9732,720.9222,0.0531,22.0000
FLD0285,2026-09-12,1.0000,0.5383,0.3945,1.1687,721.6968,0.0542,2.0000
FLD0286,2026-09-12,1.0000,0.5585,0.4040,1.2187,721.6734,0.0297,2.0000
FLD0288,2026-09-12,1.0000,0.6346,0.4586,1.5131,722.0091,0.0332,3.0000
FLD0289,2026-09-12,1.0000,0.6543,0.4857,1.7372,722.9936,0.0487,3.0000
FLD0290,2026-09-12,1.0000,0.6626,0.4794,1.7440,722.6457,0.0798,37.0000
FLD0291,2026-09-12,1.0000,0.5332,0.3957,1.1688,721.8395,,1.0000
FLD0292,2026-09-12,1.0000,0.6704,0.4839,1.7368,722.7219,0.0358,2.0000
FLD0293,2026-09-12,1.0000,0.6915,0.5104,1.8316,722.8794,0.0310,4.0000
FLD0294,2026-09-12,1.0000,0.6279,0.4647,1.5741,722.7787,0.0616,6.0000
FLD0295,2026-09-12,1.0000,0.7021,0.5216,1.9829,723.4432,0.0317,3.0000
FLD0296,2026-09-12,1.0000,0.7068,0.5235,1.9675,723.6257,0.0023,2.0000
FLD0297,2026-09-12,1.0000,0.8185,0.6228,3.0936,725.0782,0.0139,3.0000
FLD0298,2026-09-12,1.0000,0.7179,0.5259,2.0960,723.5905,0.0566,7.0000
FLD0300,2026-09-12,0.7578,0.8345,0.5653,2.3524,721.7912,0.0397,6.0000
FLD0301,2026-09-12,0.7461,0.7517,0.5344,2.0340,722.0020,0.0344,6.0000
FLD0302,2026-09-12,0.9488,0.7329,0.5070,1.8965,721.3422,0.0692,21.0000
FLD0303,2026-09-12,1.0000,0.6365,0.4658,1.6275,722.4032,0.0465,75.0000
FLD0304,2026-09-12,1.0000,0.5827,0.4563,1.5458,723.2814,0.0517,4.0000
FLD0307,2026-09-12,1.0000,0.7067,0.5079,1.8923,722.5964,0.0401,7.0000
FLD0308,2026-09-12,1.0000,0.6919,0.5002,1.8635,722.3990,0.0317,5.0000
FLD0309,2026-09-12,1.0000,0.6498,0.4951,1.8964,723.6036,0.0718,4.0000
FLD0310,2026-09-12,1.0000,0.6498,0.4417,1.4169,720.7694,,1.0000
FLD0311,2026-09-12,1.0000,0.6143,0.4627,1.5984,722.9860,0.0440,12.0000
FLD0312,2026-09-12,1.0000,0.6754,0.5022,1.9708,723.1691,0.1139,2.0000
FLD0313,2026-09-12,1.0000,0.5975,0.4383,1.4226,721.7886,0.0373,6.0000
FLD0314,2026-09-12,1.0000,0.5181,0.3903,1.1387,721.7841,0.0308,5.0000
FLD0315,2026-09-12,1.0000,0.6407,0.4739,1.6821,723.1345,0.0291,2.0000
FLD0316,2026-09-12,1.0000,0.7262,0.5324,2.1665,723.3427,0.0511,34.0000
FLD0317,2026-09-12,1.0000,0.7729,0.5661,2.5004,723.4742,0.0661,12.0000
FLD0318,2026-09-12,1.0000,0.7490,0.5327,2.1653,722.5052,0.0393,25.0000
FLD0319,2026-09-12,1.0000,0.6936,0.5100,1.9382,723.1954,0.0379,30.0000
FLD0320,2026-09-12,0.7771,0.6862,0.5071,1.9185,723.1748,0.0359,11.0000
FLD0323,2026-09-12,0.9545,0.5016,0.3911,1.1734,722.6251,0.0197,7.0000
FLD0327,2026-09-12,0.6456,0.8037,0.5940,2.8791,723.7665,0.0107,2.0000
FLD0329,2026-09-12,0.9678,0.6757,0.5082,2.0590,723.4562,0.1089,36.0000
FLD0348,2026-09-12,0.9593,0.2942,0.2286,0.5770,721.1406,0.0853,8.0000
FLD0351,2026-09-12,1.0000,0.3746,0.3306,0.8065,728.3427,0.1091,16.0000
FLD0352,2026-09-12,0.9951,0.5471,0.4079,1.3893,724.3070,0.1157,13.0000
FLD0353,2026-09-12,0.9907,0.5112,0.3879,1.1711,723.0888,0.0647,10.0000
FLD0354,2026-09-12,0.9615,0.5129,0.3872,1.3378,725.0126,0.1282,17.0000
FLD0355,2026-09-12,0.9867,0.3056,0.2759,0.7771,724.0020,0.0543,14.0000
FLD0356,2026-09-12,0.8330,0.5156,0.4094,1.3195,723.2132,0.1020,25.0000
FLD0357,2026-09-12,0.6757,0.7342,0.4985,1.7319,721.8308,0.0523,8.0000
FLD0358,2026-09-12,1.0000,0.5622,0.3893,1.1833,720.0325,0.0709,5.0000
FLD0359,2026-09-12,0.9444,0.3923,0.3576,1.0671,722.2973,0.1028,3.0000
FLD0360,2026-09-12,0.7778,0.5283,0.4040,1.4073,724.9651,0.1471,13.0000
FLD0361,2026-09-12,0.5333,0.5783,0.4470,1.8039,725.8233,0.1865,4.0000
FLD0384,2026-09-12,0.5288,0.8621,0.5808,2.4973,721.8616,0.0533,12.0000
FLD0385,2026-09-12,1.0000,0.7485,0.5127,1.9449,721.2108,0.0498,12.0000
FLD0388,2026-09-12,0.7333,0.6850,0.5187,1.8850,722.1001,,1.0000
FLD0405,2026-09-12,0.6250,0.7613,0.5253,1.9877,719.3465,0.0482,3.0000
FLD0426,2026-09-12,0.7483,0.6865,0.4845,1.5384,720.5082,0.0669,11.0000
FLD0427,2026-09-12,0.8678,0.7336,0.4851,1.4748,718.3168,0.0351,10.0000
FLD0431,2026-09-12,0.9863,0.8425,0.5476,2.1070,720.7689,0.0352,3.0000
FLD0432,2026-09-12,0.9623,0.8472,0.5557,2.2444,720.8878,0.0212,3.0000
FLD0433,2026-09-12,0.8636,0.8508,0.5588,2.2321,720.6873,0.0292,2.0000
FLD0434,2026-09-12,0.9429,0.9182,0.6147,2.8245,722.1552,,1.0000
FLD0436,2026-09-12,0.9775,0.7446,0.4813,1.6212,719.8400,0.0451,22.0000
FLD0437,2026-09-12,0.9607,0.7792,0.5303,2.0532,721.4612,0.0610,11.0000
FLD0448,2026-09-12,1.0000,0.5378,0.4112,1.2664,722.5082,0.0162,4.0000
FLD0449,2026-09-12,1.0000,0.5877,0.4305,1.3870,721.6733,0.0490,2.0000
FLD0451,2026-09-12,1.0000,0.5267,0.4044,1.2245,722.2703,0.0500,2.0000
FLD0452,2026-09-12,1.0000,0.5395,0.4134,1.2911,722.6667,0.0232,5.0000
FLD0453,2026-09-12,1.0000,0.6636,0.4952,1.8069,723.3837,0.0518,3.0000
FLD0454,2026-09-12,1.0000,0.5060,0.4092,1.2783,722.8267,,1.0000
FLD0456,2026-09-12,1.0000,0.6746,0.4931,1.7651,722.4916,0.0400,3.0000
FLD0457,2026-09-12,1.0000,0.5807,0.4012,1.2454,721.8329,,1.0000
FLD0458,2026-09-12,1.0000,0.5030,0.3973,1.2132,723.0166,0.0157,2.0000
FLD0459,2026-09-12,1.0000,0.5563,0.4194,1.2905,722.1234,0.0355,5.0000
FLD0460,2026-09-12,1.0000,0.6977,0.4984,1.8466,722.6161,0.0076,2.0000
FLD0463,2026-09-12,1.0000,0.6124,0.4548,1.5045,722.2887,0.0104,3.0000
FLD0464,2026-09-12,1.0000,0.6215,0.4505,1.4757,722.0009,0.0262,7.0000
FLD0465,2026-09-12,1.0000,0.5599,0.4253,1.3259,722.3397,0.0124,2.0000
FLD0466,2026-09-12,1.0000,0.5024,0.3889,1.1506,722.3136,0.0170,4.0000
FLD0467,2026-09-12,1.0000,0.6206,0.4555,1.5291,722.3387,0.0350,8.0000
FLD0468,2026-09-12,1.0000,0.6349,0.4584,1.5161,722.3068,0.0472,2.0000
FLD0003,2026-09-15,0.5122,0.7865,0.4702,1.4744,718.6529,0.0487,5.0000
FLD0038,2026-09-15,0.5126,0.6729,0.4008,1.1070,716.3145,0.0665,13.0000
FLD0049,2026-09-15,0.6884,0.7490,0.5165,2.0202,721.6379,0.0691,22.0000
FLD0051,2026-09-15,0.8889,0.4741,0.4471,1.4948,725.4121,0.1727,3.0000
FLD0053,2026-09-15,0.6889,0.3139,0.2894,1.0017,726.2923,0.1996,5.0000
FLD0129,2026-09-15,0.6154,0.5961,0.3960,1.4664,721.2523,0.1411,3.0000
FLD0130,2026-09-15,0.6923,0.6182,0.4463,1.5147,721.2990,0.0015,2.0000
FLD0139,2026-09-15,0.6429,0.5594,0.3758,1.1497,721.0032,,1.0000
FLD0169,2026-09-15,1.0000,0.7351,0.3838,0.9519,712.1062,,1.0000
FLD0188,2026-09-15,0.6621,0.6255,0.3596,0.9973,713.9057,0.0742,22.0000
FLD0189,2026-09-15,0.6000,0.4904,0.4035,1.1185,724.8745,,1.0000
FLD0196,2026-09-15,0.8714,0.5591,0.3549,0.8616,716.3368,0.0175,2.0000
FLD0207,2026-09-15,0.6154,0.3782,0.3049,0.8151,722.2954,0.0968,3.0000
FLD0208,2026-09-15,0.8000,0.4371,0.4658,2.5066,735.4376,,1.0000
FLD0209,2026-09-15,0.5500,0.4774,0.2884,0.8389,717.7164,0.0842,3.0000
FLD0214,2026-09-15,0.5000,0.5064,0.5141,1.8726,728.6877,,1.0000
FLD0219,2026-09-15,0.6000,0.3871,0.2989,0.6228,718.0321,0.0956,2.0000
FLD0220,2026-09-15,0.5556,0.5702,0.3180,0.8124,721.4813,,1.0000
FLD0221,2026-09-15,0.6667,0.2720,0.2701,0.8600,725.6644,,1.0000
FLD0222,2026-09-15,0.6842,0.7045,0.4048,1.2016,715.4020,0.0613,6.0000
FLD0223,2026-09-15,1.0000,0.8043,0.5214,2.1543,720.1613,,1.0000
FLD0228,2026-09-15,0.7054,0.6328,0.4322,1.4647,720.3856,0.1429,11.0000
FLD0230,2026-09-15,0.7273,0.4902,0.2883,0.7790,717.5655,,1.0000
FLD0258,2026-09-15,0.5000,0.4148,0.3032,0.8850,728.1125,,1.0000
FLD0291,2026-09-15,0.8732,0.6913,0.4173,1.2801,714.9211,,1.0000
FLD0314,2026-09-15,0.6618,0.7745,0.4266,1.0337,711.0678,0.0814,3.0000
FLD0325,2026-09-15,0.7179,0.6661,0.4213,1.3655,719.0262,0.1323,6.0000
FLD0334,2026-09-15,0.6822,0.4538,0.2376,0.6142,710.3157,0.0928,21.0000
FLD0337,2026-09-15,0.6667,0.2881,0.1528,0.4052,706.6527,0.0518,3.0000
FLD0338,2026-09-15,0.5177,0.5557,0.3071,0.8805,714.4933,0.1003,7.0000
FLD0340,2026-09-15,0.6286,0.5818,0.4203,1.6450,720.9117,0.0775,3.0000
FLD0356,2026-09-15,0.5458,0.5740,0.3553,0.9862,717.0307,0.1055,15.0000
FLD0357,2026-09-15,0.5541,0.5524,0.3353,0.8970,718.4209,0.0424,6.0000
FLD0375,2026-09-15,0.6000,0.8167,0.4841,1.6880,718.3895,0.0465,2.0000
FLD0377,2026-09-15,0.9318,0.5847,0.3416,0.9843,717.8383,0.1888,4.0000
FLD0388,2026-09-15,0.6333,0.5927,0.4557,1.5821,719.6456,,1.0000
FLD0427,2026-09-15,0.5207,0.7990,0.4869,1.5533,719.3999,0.0430,6.0000
FLD0436,2026-09-15,0.6966,0.7604,0.4186,1.1310,713.6895,0.0638,15.0000
FLD0458,2026-09-15,1.0000,0.4577,0.3110,0.8153,719.8402,0.0715,2.0000
FLD0459,2026-09-15,0.5909,0.6931,0.5017,2.1176,722.7959,0.1285,3.0000
FLD0466,2026-09-15,0.7333,0.4783,0.3770,1.0905,723.7803,0.0845,3.0000
