field_id,season,cropped,ndvi_max,ndvi_amp,sos,pos_ndvi,eos,pos_ndre,ndre_lead_days,ndre_at_peak,s2rep_at_peak,cire_at_peak,stress_days_prepeak,senescence_days,min_decouple_z_prepeak,worst_date,s2rep_z,f_decouple,f_lead,f_rep,stress_score,stress_class,survey_no,field_area_ha
FLD0169,Kharif 2025,True,0.806,0.481,2025-06-11,2025-06-11,2025-08-25,2025-06-11,0.000,0.421,711.700,1.160,0.000,0.000,-1.118,2025-06-21,-2.372,False,False,True,1,mild,155,0.496
FLD0337,Kharif 2025,True,0.706,0.362,2025-06-11,2025-06-11,2025-10-24,2025-06-11,0.000,0.369,709.165,0.847,0.000,0.000,-1.216,2025-06-21,-4.003,False,False,True,1,mild,254,8.463
FLD0072,Kharif 2025,True,0.845,0.313,2025-06-11,2025-06-11,2025-08-25,2025-06-11,0.000,0.479,714.529,1.436,0.000,0.000,-0.377,2025-06-11,-0.550,False,False,False,0,none,466,1.194
FLD0165,Kharif 2025,True,0.750,0.164,2025-06-11,2025-06-11,2025-08-25,2025-06-11,0.000,0.473,716.366,1.416,0.000,0.000,-1.059,2025-06-11,0.632,False,False,False,0,none,154,2.774
FLD0180,Kharif 2025,True,0.856,0.200,2025-06-11,2025-06-11,2025-08-25,2025-06-11,0.000,0.526,715.050,1.544,0.000,0.000,-0.054,2025-06-11,-0.215,False,False,False,0,none,132,0.218
FLD0207,Kharif 2025,True,0.633,0.155,2025-06-11,2025-06-11,2025-06-21,2025-06-16,-5.000,0.408,715.666,1.250,0.000,0.000,0.294,2025-06-11,0.182,False,False,False,0,none,498,0.486
FLD0214,Kharif 2025,True,0.796,0.190,2025-09-09,2025-10-14,,2025-10-29,-15.000,0.641,724.466,3.388,0.000,0.000,0.671,2025-09-24,5.848,False,False,False,0,none,3,0.218
FLD0230,Kharif 2025,True,0.757,0.246,2025-06-11,2025-06-11,2025-06-26,2025-06-11,0.000,0.470,715.383,1.511,0.000,0.000,1.505,2025-06-11,0.000,False,False,False,0,none,362,0.277
FLD0231,Kharif 2025,True,0.802,0.184,2025-06-11,2025-06-11,2025-08-25,2025-06-11,0.000,0.463,714.336,1.432,0.000,0.000,-0.321,2025-06-16,-0.674,False,False,False,0,none,361,3.668
FLD0357,Kharif 2025,True,0.748,0.201,2025-10-19,2025-10-29,,2025-10-29,0.000,0.446,717.031,1.503,0.000,0.000,-0.530,2025-10-19,1.061,False,False,False,0,none,212,4.499
FLD0379,Kharif 2025,True,0.868,0.150,2025-08-25,2025-09-09,,2025-09-09,0.000,0.520,718.485,1.963,0.000,0.000,-0.037,2025-08-25,1.997,False,False,False,0,none,334iS,1.091
FLD0023,Kharif 2025,False,0.805,,,,,,,,,,,,,,,False,False,False,0,no crop,384,0.631
FLD0036,Kharif 2025,False,0.818,,,,,,,,,,,,,,,False,False,False,0,no crop,376,0.268
FLD0050,Kharif 2025,False,0.761,,,,,,,,,,,,,,,False,False,False,0,no crop,479,0.893
FLD0051,Kharif 2025,False,0.592,,,,,,,,,,,,,,,False,False,False,0,no crop,483,0.839
FLD0053,Kharif 2025,False,0.503,,,,,,,,,,,,,,,False,False,False,0,no crop,470,0.850
FLD0064,Kharif 2025,False,0.451,,,,,,,,,,,,,,,False,False,False,0,no crop,435,0.817
FLD0097,Kharif 2025,False,0.770,,,,,,,,,,,,,,,False,False,False,0,no crop,46,1.961
FLD0139,Kharif 2025,False,0.621,,,,,,,,,,,,,,,False,False,False,0,no crop,111,0.590
FLD0141,Kharif 2025,False,0.849,,,,,,,,,,,,,,,False,False,False,0,no crop,107,0.175
FLD0177,Kharif 2025,False,0.643,,,,,,,,,,,,,,,False,False,False,0,no crop,207,1.663
FLD0178,Kharif 2025,False,0.262,,,,,,,,,,,,,,,False,False,False,0,no crop,134,0.640
FLD0189,Kharif 2025,False,0.813,,,,,,,,,,,,,,,False,False,False,0,no crop,125,0.724
FLD0194,Kharif 2025,False,0.819,,,,,,,,,,,,,,,False,False,False,0,no crop,112,1.490
FLD0198,Kharif 2025,False,0.150,,,,,,,,,,,,,,,False,False,False,0,no crop,118,0.239
FLD0208,Kharif 2025,False,0.537,,,,,,,,,,,,,,,False,False,False,0,no crop,6,0.325
FLD0209,Kharif 2025,False,0.580,,,,,,,,,,,,,,,False,False,False,0,no crop,7,0.899
FLD0216,Kharif 2025,False,0.646,,,,,,,,,,,,,,,False,False,False,0,no crop,1,1.700
FLD0221,Kharif 2025,False,0.530,,,,,,,,,,,,,,,False,False,False,0,no crop,494,0.466
FLD0223,Kharif 2025,False,0.878,,,,,,,,,,,,,,,False,False,False,0,no crop,491,0.585
FLD0238,Kharif 2025,False,0.382,,,,,,,,,,,,,,,False,False,False,0,no crop,359,0.370
FLD0245,Kharif 2025,False,0.895,,,,,,,,,,,,,,,False,False,False,0,no crop,346,1.211
FLD0268,Kharif 2025,False,0.759,,,,,,,,,,,,,,,False,False,False,0,no crop,428,2.659
FLD0295,Kharif 2025,False,0.828,,,,,,,,,,,,,,,False,False,False,0,no crop,297,0.180
FLD0297,Kharif 2025,False,0.899,,,,,,,,,,,,,,,False,False,False,0,no crop,296,0.631
FLD0304,Kharif 2025,False,0.697,,,,,,,,,,,,,,,False,False,False,0,no crop,285,0.515
FLD0321,Kharif 2025,False,0.779,,,,,,,,,,,,,,,False,False,False,0,no crop,263,2.287
FLD0325,Kharif 2025,False,0.831,,,,,,,,,,,,,,,False,False,False,0,no crop,267,0.973
FLD0334,Kharif 2025,False,0.661,,,,,,,,,,,,,,,False,False,False,0,no crop,261,10.225
FLD0341,Kharif 2025,False,0.531,,,,,,,,,,,,,,,False,False,False,0,no crop,249,3.981
FLD0353,Kharif 2025,False,0.670,,,,,,,,,,,,,,,False,False,False,0,no crop,232,3.193
FLD0354,Kharif 2025,False,0.519,,,,,,,,,,,,,,,False,False,False,0,no crop,213,1.988
FLD0355,Kharif 2025,False,0.381,,,,,,,,,,,,,,,False,False,False,0,no crop,211,5.132
FLD0358,Kharif 2025,False,0.463,,,,,,,,,,,,,,,False,False,False,0,no crop,214,0.733
FLD0359,Kharif 2025,False,0.380,,,,,,,,,,,,,,,False,False,False,0,no crop,215,0.765
FLD0360,Kharif 2025,False,0.477,,,,,,,,,,,,,,,False,False,False,0,no crop,216,1.926
FLD0361,Kharif 2025,False,0.536,,,,,,,,,,,,,,,False,False,False,0,no crop,217,2.359
FLD0363,Kharif 2025,False,0.764,,,,,,,,,,,,,,,False,False,False,0,no crop,219,1.438
FLD0374,Kharif 2025,False,0.592,,,,,,,,,,,,,,,False,False,False,0,no crop,252,42.469
FLD0377,Kharif 2025,False,0.796,,,,,,,,,,,,,,,False,False,False,0,no crop,341iS,1.374
FLD0383,Kharif 2025,False,0.653,,,,,,,,,,,,,,,False,False,False,0,no crop,341iS,30.671
FLD0388,Kharif 2025,False,0.539,,,,,,,,,,,,,,,False,False,False,0,no crop,485,0.731
FLD0405,Kharif 2025,False,0.786,,,,,,,,,,,,,,,False,False,False,0,no crop,80,0.300
FLD0408,Kharif 2025,False,0.651,,,,,,,,,,,,,,,False,False,False,0,no crop,83,0.304
FLD0432,Kharif 2025,False,0.777,,,,,,,,,,,,,,,False,False,False,0,no crop,339,1.535
FLD0442,Kharif 2025,False,0.790,,,,,,,,,,,,,,,False,False,False,0,no crop,223,0.941
FLD0446,Kharif 2025,False,0.919,,,,,,,,,,,,,,,False,False,False,0,no crop,220,0.649
FLD0447,Kharif 2025,False,0.749,,,,,,,,,,,,,,,False,False,False,0,no crop,492,0.556
FLD0142,Kharif 2026,True,0.912,0.177,2026-06-01,2026-06-01,2026-08-25,2026-09-09,-100.000,0.467,712.282,1.433,15.000,10.000,-3.303,2026-06-01,-2.136,True,False,True,2,moderate,108,0.095
FLD0038,Kharif 2026,True,0.762,0.348,2026-06-16,2026-08-30,,2026-08-05,25.000,0.432,713.342,1.240,0.000,0.000,-0.976,2026-08-30,-1.800,False,True,True,2,moderate,369,3.128
FLD0073,Kharif 2026,True,0.860,0.533,2026-07-21,2026-09-09,,2026-08-10,30.000,0.482,714.704,1.681,0.000,0.000,-0.144,2026-07-21,-1.369,False,True,True,2,moderate,467,0.343
FLD0284,Kharif 2026,True,0.760,0.358,2026-06-21,2026-09-09,,2026-08-10,30.000,0.450,715.165,1.419,0.000,0.000,-0.147,2026-09-09,-1.223,False,True,True,2,moderate,368,4.492
FLD0382,Kharif 2026,True,0.692,0.261,2026-07-06,2026-09-09,,2026-07-21,50.000,0.371,713.507,1.129,0.000,0.000,-1.153,2026-09-09,-1.748,False,True,True,2,moderate,340,3.121
FLD0383,Kharif 2026,True,0.607,0.337,2026-07-11,2026-09-09,,2026-09-09,0.000,0.315,712.331,0.861,5.000,0.000,-1.728,2026-09-09,-2.120,False,False,True,1,mild,341iS,30.671
FLD0003,Kharif 2026,True,0.815,0.297,2026-06-26,2026-08-30,,2026-09-14,-15.000,0.473,715.142,1.457,0.000,0.000,-0.632,2026-08-25,-1.230,False,False,True,1,mild,310,2.256
FLD0076,Kharif 2026,True,0.719,0.253,2026-06-16,2026-09-09,,2026-09-09,0.000,0.422,714.987,1.124,0.000,0.000,-0.373,2026-09-09,-1.279,False,False,True,1,mild,469,1.900
FLD0151,Kharif 2026,True,0.710,0.155,2026-08-25,2026-09-09,,2026-09-09,0.000,0.409,714.043,1.231,0.000,0.000,-0.451,2026-09-09,-1.578,False,False,True,1,mild,144,4.851
FLD0188,Kharif 2026,True,0.666,0.262,2026-06-16,2026-09-04,,2026-09-14,-10.000,0.379,712.275,1.055,0.000,0.000,-0.901,2026-08-30,-2.138,False,False,True,1,mild,129,9.804
FLD0196,Kharif 2026,True,0.726,0.289,2026-06-21,2026-07-16,2026-09-09,2026-07-16,0.000,0.431,715.689,1.283,0.000,0.000,-0.864,2026-07-16,-1.057,False,False,True,1,mild,116,0.796
FLD0222,Kharif 2026,True,0.727,0.398,2026-07-01,2026-09-04,,2026-09-14,-10.000,0.408,715.035,1.227,0.000,0.000,-0.861,2026-08-30,-1.264,False,False,True,1,mild,493,1.193
FLD0223,Kharif 2026,True,0.824,0.244,2026-06-21,2026-08-30,,2026-07-16,45.000,0.513,717.985,2.149,0.000,0.000,-0.877,2026-08-30,-0.331,False,True,False,1,mild,491,0.585
FLD0245,Kharif 2026,True,0.817,0.281,2026-06-21,2026-07-21,,2026-09-09,-50.000,0.463,715.829,1.367,0.000,0.000,-0.238,2026-06-26,-1.013,False,False,True,1,mild,346,1.211
FLD0285,Kharif 2026,True,0.840,0.291,2026-06-06,2026-06-21,2026-08-25,2026-06-16,5.000,0.490,715.832,1.540,0.000,0.000,-0.240,2026-06-21,-1.012,False,False,True,1,mild,503,0.142
FLD0325,Kharif 2026,True,0.718,0.236,2026-06-21,2026-08-30,,2026-09-09,-10.000,0.428,715.206,1.307,0.000,0.000,-0.270,2026-06-21,-1.210,False,False,True,1,mild,267,0.973
FLD0334,Kharif 2026,True,0.509,0.244,2026-08-25,2026-09-04,,2026-09-04,0.000,0.261,710.064,0.687,0.000,0.000,-1.192,2026-09-14,-2.838,False,False,True,1,mild,261,10.225
FLD0338,Kharif 2026,True,0.550,0.270,2026-08-25,2026-09-14,,2026-09-14,0.000,0.299,712.975,0.821,0.000,0.000,-0.892,2026-08-30,-1.916,False,False,True,1,mild,255,6.599
FLD0339,Kharif 2026,True,0.603,0.231,2026-08-25,2026-09-09,,2026-09-09,0.000,0.321,711.275,0.870,0.000,0.000,-1.301,2026-09-09,-2.455,False,False,True,1,mild,251,6.004
FLD0343,Kharif 2026,True,0.753,0.204,2026-08-25,2026-09-09,,2026-09-09,0.000,0.432,714.676,1.239,0.000,0.000,-0.218,2026-08-25,-1.378,False,False,True,1,mild,247,3.284
FLD0427,Kharif 2026,True,0.863,0.167,2026-06-11,2026-06-21,,2026-09-14,-85.000,0.478,715.217,1.611,0.000,0.000,-0.290,2026-06-21,-1.207,False,False,True,1,mild,23,1.700
FLD0432,Kharif 2026,True,0.766,0.373,2026-08-25,2026-09-09,,2026-09-09,0.000,0.476,714.957,1.383,0.000,0.000,-0.399,2026-08-30,-1.289,False,False,True,1,mild,339,1.535
FLD0436,Kharif 2026,True,0.776,0.335,2026-06-16,2026-09-04,,2026-09-14,-10.000,0.422,712.246,1.132,0.000,0.000,-1.379,2026-08-30,-2.148,False,False,True,1,mild,341iS,5.797
FLD0457,Kharif 2026,True,0.885,0.294,2026-06-01,2026-06-06,2026-08-25,2026-06-01,5.000,0.504,715.312,1.329,0.000,0.000,-0.562,2026-06-06,-1.177,False,False,True,1,mild,397,0.139
FLD0214,Kharif 2026,True,0.724,0.254,2026-07-01,2026-08-05,2026-09-14,2026-08-05,0.000,0.576,722.481,2.533,10.000,0.000,-2.316,2026-07-01,1.093,False,False,False,0,none,3,0.218
FLD0240,Kharif 2026,True,0.846,0.327,2026-06-16,2026-09-09,,2026-09-09,0.000,0.574,721.035,2.330,5.000,0.000,-1.571,2026-06-21,0.635,False,False,False,0,none,349,0.290
FLD0004,Kharif 2026,True,0.714,0.155,2026-08-25,2026-09-09,,2026-09-09,0.000,0.492,721.506,1.749,0.000,0.000,1.934,2026-08-25,0.784,False,False,False,0,none,311,2.136
FLD0005,Kharif 2026,True,0.784,0.180,2026-06-16,2026-09-09,,2026-09-09,0.000,0.531,721.125,2.032,0.000,0.000,-0.276,2026-06-16,0.664,False,False,False,0,none,312,1.856
FLD0007,Kharif 2026,True,0.732,0.242,2026-06-21,2026-09-09,,2026-09-09,0.000,0.493,721.363,1.817,0.000,0.000,-0.008,2026-06-21,0.739,False,False,False,0,none,309,4.279
FLD0010,Kharif 2026,True,0.806,0.189,2026-06-01,2026-06-16,2026-08-25,2026-06-16,0.000,0.533,721.317,1.923,0.000,0.000,-0.129,2026-06-06,0.724,False,False,False,0,none,323,1.629
FLD0030,Kharif 2026,True,0.672,0.153,2026-06-01,2026-06-21,2026-08-25,2026-06-16,5.000,0.444,717.789,1.278,0.000,0.000,-0.002,2026-06-06,-0.392,False,False,False,0,none,321iS,0.871
FLD0031,Kharif 2026,True,0.845,0.206,2026-08-25,2026-09-09,,2026-09-09,0.000,0.588,722.681,2.677,0.000,0.000,1.348,2026-09-04,1.156,False,False,False,0,none,375,5.943
FLD0036,Kharif 2026,True,0.766,0.235,2026-06-11,2026-09-09,,2026-09-09,0.000,0.553,722.787,2.377,0.000,0.000,-0.367,2026-06-21,1.190,False,False,False,0,none,376,0.268
FLD0037,Kharif 2026,True,0.870,0.244,2026-08-25,2026-09-09,,2026-09-09,0.000,0.597,722.236,2.818,0.000,0.000,1.552,2026-08-25,1.015,False,False,False,0,none,372,2.282
FLD0040,Kharif 2026,True,0.787,0.215,2026-06-16,2026-09-09,,2026-09-09,0.000,0.547,722.087,2.249,0.000,0.000,-0.328,2026-06-21,0.968,False,False,False,0,none,373,3.443
FLD0041,Kharif 2026,True,0.839,0.362,2026-06-21,2026-08-05,,2026-08-05,0.000,0.540,718.853,2.158,0.000,0.000,-0.139,2026-06-21,-0.056,False,False,False,0,none,366,20.196
FLD0042,Kharif 2026,True,0.742,0.208,2026-06-11,2026-09-09,,2026-09-09,0.000,0.498,720.718,1.780,0.000,0.000,0.131,2026-06-21,0.535,False,False,False,0,none,367,2.244
FLD0043,Kharif 2026,True,0.845,0.292,2026-07-01,2026-08-05,,2026-09-09,-35.000,0.549,719.102,2.164,0.000,0.000,-0.037,2026-07-01,0.023,False,False,False,0,none,364,10.548
FLD0047,Kharif 2026,True,0.870,0.158,2026-08-25,2026-09-09,,2026-09-09,0.000,0.586,721.245,2.401,0.000,0.000,1.048,2026-08-25,0.702,False,False,False,0,none,475,1.562
FLD0048,Kharif 2026,True,0.803,0.225,2026-08-25,2026-09-09,,2026-09-09,0.000,0.542,720.837,2.158,0.000,0.000,0.296,2026-08-25,0.572,False,False,False,0,none,474,2.670
FLD0049,Kharif 2026,True,0.817,0.345,2026-07-06,2026-09-04,,2026-09-04,0.000,0.550,721.099,2.236,0.000,0.000,0.142,2026-07-11,0.655,False,False,False,0,none,481,3.665
FLD0050,Kharif 2026,True,0.825,0.308,2026-08-25,2026-09-09,,2026-09-09,0.000,0.548,720.850,2.238,0.000,0.000,0.536,2026-08-25,0.577,False,False,False,0,none,479,0.893
FLD0056,Kharif 2026,True,0.779,0.239,2026-06-16,2026-07-11,,2026-07-11,0.000,0.484,716.595,1.475,0.000,0.000,-0.204,2026-07-06,-0.771,False,False,False,0,none,460,2.394
FLD0059,Kharif 2026,True,0.854,0.325,2026-07-21,2026-09-09,,2026-09-09,0.000,0.545,718.867,1.948,0.000,0.000,0.256,2026-07-21,-0.051,False,False,False,0,none,456,1.279
FLD0075,Kharif 2026,True,0.779,0.171,2026-06-06,2026-06-16,2026-08-25,2026-06-16,0.000,0.483,720.281,1.663,0.000,0.000,-0.013,2026-06-06,0.396,False,False,False,0,none,468,1.860
FLD0114,Kharif 2026,True,0.816,0.211,2026-07-26,2026-07-31,,2026-07-31,0.000,0.540,719.422,2.078,0.000,0.000,-0.669,2026-07-31,0.125,False,False,False,0,none,49,0.253
FLD0127,Kharif 2026,True,0.801,0.245,2026-07-01,2026-07-31,,2026-08-05,-5.000,0.535,719.519,2.068,0.000,0.000,0.723,2026-07-01,0.155,False,False,False,0,none,72 rs 84,2.975
FLD0128,Kharif 2026,True,0.661,0.167,2026-08-20,2026-09-09,,2026-08-30,10.000,0.442,719.227,1.512,0.000,0.000,1.250,2026-09-09,0.063,False,False,False,0,none,100,0.938
FLD0129,Kharif 2026,True,0.741,0.193,2026-06-26,2026-07-16,2026-08-25,2026-07-16,0.000,0.465,717.758,1.575,0.000,0.000,0.235,2026-07-01,-0.402,False,False,False,0,none,101,0.694
FLD0130,Kharif 2026,True,0.768,0.344,2026-06-16,2026-07-16,,2026-07-16,0.000,0.533,720.238,2.147,0.000,0.000,0.222,2026-06-16,0.383,False,False,False,0,none,102,0.289
FLD0135,Kharif 2026,True,0.803,0.274,2026-08-25,2026-09-09,,2026-09-09,0.000,0.484,716.662,1.560,0.000,0.000,-0.489,2026-08-25,-0.749,False,False,False,0,none,95,1.942
FLD0148,Kharif 2026,True,0.793,0.198,2026-07-16,2026-07-31,,2026-07-31,0.000,0.533,719.783,2.135,0.000,0.000,0.859,2026-07-26,0.239,False,False,False,0,none,138,12.926
FLD0155,Kharif 2026,True,0.792,0.240,2026-07-16,2026-07-31,,2026-07-31,0.000,0.510,718.609,1.926,0.000,0.000,0.612,2026-07-26,-0.133,False,False,False,0,none,141,2.192
FLD0162,Kharif 2026,True,0.919,0.475,2026-07-16,2026-09-04,,2026-09-04,0.000,0.542,719.387,2.223,0.000,0.000,-0.839,2026-08-30,0.114,False,False,False,0,none,135,0.850
FLD0163,Kharif 2026,True,0.917,0.338,2026-07-16,2026-07-31,,2026-07-31,0.000,0.545,717.655,2.120,0.000,0.000,-0.344,2026-07-26,-0.435,False,False,False,0,none,133,0.502
FLD0169,Kharif 2026,True,0.777,0.198,2026-06-06,2026-06-16,,2026-06-16,0.000,0.465,718.955,1.539,0.000,0.000,0.187,2026-06-11,-0.023,False,False,False,0,none,155,0.496
FLD0173,Kharif 2026,True,0.774,0.166,2026-06-26,2026-09-09,,2026-09-09,0.000,0.533,721.777,2.073,0.000,0.000,0.106,2026-06-26,0.870,False,False,False,0,none,156,6.017
FLD0175,Kharif 2026,True,0.796,0.319,2026-06-16,2026-07-21,,2026-07-21,0.000,0.480,717.918,1.631,0.000,0.000,-0.404,2026-06-21,-0.352,False,False,False,0,none,209,2.775
FLD0180,Kharif 2026,True,0.871,0.249,2026-06-26,2026-07-31,,2026-07-31,0.000,0.548,718.342,2.004,0.000,0.000,0.044,2026-06-26,-0.217,False,False,False,0,none,132,0.218
FLD0191,Kharif 2026,True,0.820,0.151,2026-07-31,2026-09-09,,2026-09-09,0.000,0.575,722.382,2.529,0.000,0.000,-0.138,2026-08-10,1.062,False,False,False,0,none,115,4.199
FLD0200,Kharif 2026,True,0.890,0.161,2026-07-16,2026-07-31,,2026-07-31,0.000,0.563,720.264,2.345,0.000,0.000,1.059,2026-07-16,0.391,False,False,False,0,none,120,0.178
FLD0202,Kharif 2026,True,0.721,0.263,2026-08-25,2026-09-09,,2026-09-09,0.000,0.514,722.668,1.956,0.000,0.000,1.012,2026-09-04,1.152,False,False,False,0,none,189,0.338
FLD0208,Kharif 2026,True,0.615,0.214,2026-07-11,2026-08-05,2026-09-14,2026-07-31,5.000,0.583,724.257,2.500,0.000,0.000,1.932,2026-08-15,1.655,False,False,False,0,none,6,0.325
FLD0209,Kharif 2026,True,0.619,0.154,2026-06-16,2026-07-16,,2026-07-16,0.000,0.395,718.642,1.512,0.000,0.000,-0.060,2026-06-21,-0.122,False,False,False,0,none,7,0.899
FLD0212,Kharif 2026,True,0.699,0.205,2026-08-25,2026-09-09,,2026-09-09,0.000,0.465,720.713,1.646,0.000,0.000,2.014,2026-08-25,0.533,False,False,False,0,none,5,0.231
FLD0226,Kharif 2026,True,0.792,0.335,2026-06-26,2026-09-09,,2026-09-09,0.000,0.519,720.359,1.860,0.000,0.000,0.695,2026-06-26,0.421,False,False,False,0,none,489,4.061
FLD0228,Kharif 2026,True,0.723,0.211,2026-07-06,2026-08-30,,2026-09-04,-5.000,0.448,716.664,1.431,0.000,0.000,-0.622,2026-08-30,-0.749,False,False,False,0,none,224,3.968
FLD0229,Kharif 2026,True,0.783,0.174,2026-08-25,2026-09-09,,2026-09-09,0.000,0.521,720.446,2.001,0.000,0.000,1.323,2026-08-25,0.449,False,False,False,0,none,480,0.408
FLD0230,Kharif 2026,True,0.568,0.339,2026-07-21,2026-08-05,,2026-08-05,0.000,0.388,718.162,1.095,0.000,0.000,1.388,2026-07-21,-0.274,False,False,False,0,none,362,0.277
FLD0231,Kharif 2026,True,0.674,0.267,2026-07-11,2026-09-09,,2026-09-09,0.000,0.472,721.287,1.640,0.000,0.000,1.246,2026-07-11,0.715,False,False,False,0,none,361,3.668
FLD0242,Kharif 2026,True,0.829,0.245,2026-08-25,2026-09-09,,2026-09-09,0.000,0.554,720.665,2.153,0.000,0.000,0.866,2026-08-25,0.518,False,False,False,0,none,348,0.876
FLD0246,Kharif 2026,True,0.879,0.385,2026-07-11,2026-09-09,,2026-09-09,0.000,0.559,720.167,2.226,0.000,0.000,-0.584,2026-07-16,0.360,False,False,False,0,none,354,5.519
FLD0247,Kharif 2026,True,0.712,0.244,2026-07-06,2026-09-09,,2026-09-09,0.000,0.488,720.904,1.761,0.000,0.000,0.443,2026-07-06,0.594,False,False,False,0,none,341,10.822
FLD0253,Kharif 2026,True,0.620,0.210,2026-06-01,2026-09-09,,2026-09-09,0.000,0.423,720.422,1.546,0.000,0.000,-0.400,2026-06-21,0.441,False,False,False,0,none,241,6.126
FLD0257,Kharif 2026,True,0.752,0.309,2026-06-21,2026-07-31,,2026-08-05,-5.000,0.453,716.699,1.513,0.000,0.000,-0.360,2026-06-21,-0.738,False,False,False,0,none,242,3.289
FLD0258,Kharif 2026,True,0.661,0.196,2026-06-16,2026-07-31,2026-09-09,2026-08-05,-5.000,0.467,721.308,1.763,0.000,0.000,-0.244,2026-06-21,0.721,False,False,False,0,none,243,2.803
FLD0259,Kharif 2026,True,0.546,0.172,2026-07-21,2026-09-09,,2026-09-09,0.000,0.335,717.026,1.042,0.000,0.000,-0.429,2026-09-09,-0.634,False,False,False,0,none,244,15.129
FLD0280,Kharif 2026,True,0.793,0.247,2026-08-25,2026-09-09,,2026-09-09,0.000,0.534,721.268,2.109,0.000,0.000,1.160,2026-08-30,0.709,False,False,False,0,none,414,5.493
FLD0286,Kharif 2026,True,0.764,0.195,2026-06-11,2026-07-11,2026-08-25,2026-07-16,-5.000,0.480,719.293,1.692,0.000,0.000,-0.356,2026-06-21,0.084,False,False,False,0,none,319,0.365
FLD0288,Kharif 2026,True,0.720,0.250,2026-06-26,2026-07-21,,2026-07-21,0.000,0.475,719.681,1.653,0.000,0.000,-0.141,2026-07-06,0.207,False,False,False,0,none,317,1.166
FLD0292,Kharif 2026,True,0.839,0.164,2026-06-01,2026-06-11,2026-08-25,2026-06-11,0.000,0.527,719.902,1.851,0.000,0.000,0.806,2026-06-11,0.277,False,False,False,0,none,302,0.806
FLD0300,Kharif 2026,True,0.823,0.380,2026-08-25,2026-09-09,,2026-09-09,0.000,0.558,721.634,2.307,0.000,0.000,0.367,2026-08-25,0.825,False,False,False,0,none,413,2.989
FLD0301,Kharif 2026,True,0.746,0.250,2026-08-25,2026-09-09,,2026-09-09,0.000,0.529,721.812,2.001,0.000,0.000,1.825,2026-08-25,0.881,False,False,False,0,none,412,1.685
FLD0302,Kharif 2026,True,0.729,0.181,2026-08-25,2026-09-09,,2026-09-09,0.000,0.502,721.144,1.870,0.000,0.000,1.119,2026-08-25,0.670,False,False,False,0,none,411,4.577
FLD0314,Kharif 2026,True,0.879,0.294,2026-06-11,2026-06-21,2026-08-20,2026-06-21,0.000,0.529,716.691,1.772,0.000,0.000,0.512,2026-06-26,-0.740,False,False,False,0,none,278,0.595
FLD0316,Kharif 2026,True,0.721,0.159,2026-08-25,2026-09-09,,2026-09-09,0.000,0.528,723.262,2.142,0.000,0.000,1.381,2026-08-25,1.340,False,False,False,0,none,281,8.073
FLD0318,Kharif 2026,True,0.741,0.263,2026-08-25,2026-09-09,,2026-09-09,0.000,0.525,722.227,2.121,0.000,0.000,2.219,2026-08-25,1.013,False,False,False,0,none,283,4.622
FLD0323,Kharif 2026,True,0.791,0.281,2026-06-01,2026-06-01,2026-08-25,2026-06-01,0.000,0.527,719.428,1.894,0.000,0.000,-1.037,2026-06-06,0.126,False,False,False,0,none,266,0.766
FLD0327,Kharif 2026,True,0.798,0.181,2026-08-25,2026-09-09,,2026-09-09,0.000,0.589,723.573,2.835,0.000,0.000,1.146,2026-08-25,1.439,False,False,False,0,none,273,3.230
FLD0340,Kharif 2026,True,0.585,0.274,2026-07-31,2026-09-14,,2026-09-14,0.000,0.398,718.725,1.450,0.000,0.000,0.206,2026-08-30,-0.096,False,False,False,0,none,250,4.877
FLD0353,Kharif 2026,True,0.523,0.192,2026-07-06,2026-07-31,2026-09-04,2026-07-31,0.000,0.376,719.937,1.165,0.000,0.000,1.291,2026-07-16,0.288,False,False,False,0,none,232,3.193
FLD0356,Kharif 2026,True,0.613,0.203,2026-07-06,2026-08-30,,2026-08-25,5.000,0.399,719.570,1.212,0.000,0.000,0.182,2026-07-21,0.171,False,False,False,0,none,210,9.958
FLD0357,Kharif 2026,True,0.595,0.337,2026-07-06,2026-09-14,,2026-09-14,0.000,0.369,717.737,1.069,0.000,0.000,-0.447,2026-07-16,-0.409,False,False,False,0,none,212,4.499
FLD0358,Kharif 2026,True,0.531,0.203,2026-07-16,2026-08-05,,2026-08-05,0.000,0.320,716.642,0.972,0.000,0.000,-0.294,2026-07-16,-0.756,False,False,False,0,none,214,0.733
FLD0361,Kharif 2026,True,0.566,0.243,2026-07-16,2026-07-31,2026-09-09,2026-08-05,-5.000,0.366,718.540,1.274,0.000,0.000,-0.673,2026-07-31,-0.155,False,False,False,0,none,217,2.359
FLD0363,Kharif 2026,True,0.808,0.205,2026-07-06,2026-07-31,,2026-07-31,0.000,0.528,718.853,2.035,0.000,0.000,0.078,2026-07-21,-0.056,False,False,False,0,none,219,1.438
FLD0375,Kharif 2026,True,0.812,0.500,2026-07-06,2026-09-14,,2026-09-14,0.000,0.466,716.728,1.582,0.000,0.000,-1.244,2026-09-04,-0.728,False,False,False,0,none,341,1.591
FLD0377,Kharif 2026,True,0.673,0.406,2026-07-01,2026-07-21,,2026-07-21,0.000,0.404,716.408,1.244,0.000,0.000,-0.327,2026-07-16,-0.830,False,False,False,0,none,341iS,1.374
FLD0379,Kharif 2026,True,0.689,0.298,2026-06-21,2026-07-11,,2026-07-11,0.000,0.426,716.594,1.488,0.000,0.000,-0.137,2026-07-11,-0.771,False,False,False,0,none,334iS,1.091
FLD0384,Kharif 2026,True,0.857,0.192,2026-08-25,2026-09-09,,2026-09-09,0.000,0.576,721.659,2.460,0.000,0.000,1.221,2026-08-25,0.833,False,False,False,0,none,322,2.817
FLD0397,Kharif 2026,True,0.845,0.285,2026-07-16,2026-07-31,,2026-07-31,0.000,0.542,718.817,2.083,0.000,0.000,0.937,2026-07-16,-0.067,False,False,False,0,none,72,1.005
FLD0398,Kharif 2026,True,0.843,0.154,2026-07-16,2026-07-31,,2026-07-31,0.000,0.575,720.729,2.439,0.000,0.000,1.801,2026-07-26,0.538,False,False,False,0,none,74,2.198
FLD0405,Kharif 2026,True,0.755,0.167,2026-08-25,2026-09-09,,2026-09-09,0.000,0.519,719.312,1.956,0.000,0.000,1.012,2026-08-25,0.090,False,False,False,0,none,80,0.300
FLD0408,Kharif 2026,True,0.768,0.175,2026-07-21,2026-07-31,,2026-07-31,0.000,0.481,717.302,1.709,0.000,0.000,0.405,2026-07-21,-0.547,False,False,False,0,none,83,0.304
FLD0417,Kharif 2026,True,0.810,0.276,2026-07-01,2026-07-11,,2026-07-11,0.000,0.516,718.344,1.652,0.000,0.000,-0.560,2026-07-06,-0.217,False,False,False,0,none,203,0.359
FLD0423,Kharif 2026,True,0.820,0.322,2026-06-26,2026-07-11,,2026-07-11,0.000,0.495,717.658,1.736,0.000,0.000,-0.097,2026-07-01,-0.434,False,False,False,0,none,21,0.266
FLD0431,Kharif 2026,True,0.837,0.290,2026-06-16,2026-09-09,,2026-09-09,0.000,0.543,720.573,2.075,0.000,0.000,-0.076,2026-06-21,0.489,False,False,False,0,none,338,0.922
FLD0433,Kharif 2026,True,0.843,0.380,2026-06-26,2026-09-09,,2026-09-09,0.000,0.553,720.515,2.196,0.000,0.000,0.015,2026-06-26,0.471,False,False,False,0,none,340,0.468
FLD0434,Kharif 2026,True,0.902,0.287,2026-06-06,2026-09-09,,2026-09-09,0.000,0.605,722.067,2.759,0.000,0.000,-0.308,2026-06-16,0.962,False,False,False,0,none,341,0.287
FLD0441,Kharif 2026,True,0.824,0.348,2026-06-21,2026-07-11,,2026-07-11,0.000,0.533,717.309,1.921,0.000,0.000,0.806,2026-07-11,-0.544,False,False,False,0,none,222,0.270
FLD0449,Kharif 2026,True,0.753,0.159,2026-06-01,2026-06-21,2026-08-25,2026-06-16,5.000,0.471,716.666,1.423,0.000,0.000,-0.050,2026-06-21,-0.748,False,False,False,0,none,387,0.493
FLD0458,Kharif 2026,True,0.898,0.645,2026-07-01,2026-07-31,2026-09-09,2026-07-31,0.000,0.567,718.797,2.346,0.000,0.000,-0.050,2026-08-05,-0.073,False,False,False,0,none,399,0.191
FLD0459,Kharif 2026,True,0.643,0.165,2026-06-11,2026-09-14,,2026-09-14,0.000,0.462,721.898,1.736,0.000,0.000,-0.869,2026-06-21,0.909,False,False,False,0,none,400,0.692
FLD0466,Kharif 2026,True,0.734,0.213,2026-07-26,2026-08-05,2026-09-09,2026-08-05,0.000,0.474,718.336,1.635,0.000,0.000,-0.029,2026-08-10,-0.219,False,False,False,0,none,404,0.541
FLD0467,Kharif 2026,True,0.822,0.186,2026-06-11,2026-07-26,2026-08-25,2026-07-31,-5.000,0.530,718.645,2.103,0.000,0.000,0.022,2026-06-21,-0.121,False,False,False,0,none,405,0.508
FLD0468,Kharif 2026,True,0.756,0.181,2026-06-16,2026-09-09,,2026-09-09,0.000,0.516,721.174,1.965,0.000,0.000,0.105,2026-07-16,0.679,False,False,False,0,none,329,0.213
FLD0002,Kharif 2026,False,0.586,,,,,,,,,,,,,,,False,False,False,0,no crop,315,1.283
FLD0006,Kharif 2026,False,0.821,,,,,,,,,,,,,,,False,False,False,0,no crop,313,2.081
FLD0021,Kharif 2026,False,0.840,,,,,,,,,,,,,,,False,False,False,0,no crop,381,1.248
FLD0022,Kharif 2026,False,0.794,,,,,,,,,,,,,,,False,False,False,0,no crop,382,1.590
FLD0024,Kharif 2026,False,0.754,,,,,,,,,,,,,,,False,False,False,0,no crop,383,2.004
FLD0033,Kharif 2026,False,0.537,,,,,,,,,,,,,,,False,False,False,0,no crop,371,1.497
FLD0034,Kharif 2026,False,0.843,,,,,,,,,,,,,,,False,False,False,0,no crop,370,1.448
FLD0051,Kharif 2026,False,0.525,,,,,,,,,,,,,,,False,False,False,0,no crop,483,0.839
FLD0052,Kharif 2026,False,0.808,,,,,,,,,,,,,,,False,False,False,0,no crop,471,5.793
FLD0053,Kharif 2026,False,0.502,,,,,,,,,,,,,,,False,False,False,0,no crop,470,0.850
FLD0054,Kharif 2026,False,0.638,,,,,,,,,,,,,,,False,False,False,0,no crop,484,8.564
FLD0069,Kharif 2026,False,0.635,,,,,,,,,,,,,,,False,False,False,0,no crop,463,1.077
FLD0070,Kharif 2026,False,0.584,,,,,,,,,,,,,,,False,False,False,0,no crop,464,1.063
FLD0102,Kharif 2026,False,0.774,,,,,,,,,,,,,,,False,False,False,0,no crop,68,0.333
FLD0106,Kharif 2026,False,0.867,,,,,,,,,,,,,,,False,False,False,0,no crop,50,0.808
FLD0117,Kharif 2026,False,0.581,,,,,,,,,,,,,,,False,False,False,0,no crop,63,3.536
FLD0132,Kharif 2026,False,0.772,,,,,,,,,,,,,,,False,False,False,0,no crop,98,11.601
FLD0139,Kharif 2026,False,0.653,,,,,,,,,,,,,,,False,False,False,0,no crop,111,0.590
FLD0153,Kharif 2026,False,0.736,,,,,,,,,,,,,,,False,False,False,0,no crop,137,5.877
FLD0164,Kharif 2026,False,0.736,,,,,,,,,,,,,,,False,False,False,0,no crop,134,0.665
FLD0166,Kharif 2026,False,0.760,,,,,,,,,,,,,,,False,False,False,0,no crop,153,2.217
FLD0172,Kharif 2026,False,0.663,,,,,,,,,,,,,,,False,False,False,0,no crop,161,1.247
FLD0177,Kharif 2026,False,0.380,,,,,,,,,,,,,,,False,False,False,0,no crop,207,1.663
FLD0178,Kharif 2026,False,0.441,,,,,,,,,,,,,,,False,False,False,0,no crop,134,0.640
FLD0179,Kharif 2026,False,0.717,,,,,,,,,,,,,,,False,False,False,0,no crop,131,0.897
FLD0184,Kharif 2026,False,0.794,,,,,,,,,,,,,,,False,False,False,0,no crop,126,0.598
FLD0189,Kharif 2026,False,0.609,,,,,,,,,,,,,,,False,False,False,0,no crop,125,0.724
FLD0190,Kharif 2026,False,0.613,,,,,,,,,,,,,,,False,False,False,0,no crop,123,1.480
FLD0192,Kharif 2026,False,0.794,,,,,,,,,,,,,,,False,False,False,0,no crop,114,5.195
FLD0193,Kharif 2026,False,0.798,,,,,,,,,,,,,,,False,False,False,0,no crop,113,3.690
FLD0194,Kharif 2026,False,0.736,,,,,,,,,,,,,,,False,False,False,0,no crop,112,1.490
FLD0198,Kharif 2026,False,0.324,,,,,,,,,,,,,,,False,False,False,0,no crop,118,0.239
FLD0207,Kharif 2026,False,0.443,,,,,,,,,,,,,,,False,False,False,0,no crop,498,0.486
FLD0219,Kharif 2026,False,0.528,,,,,,,,,,,,,,,False,False,False,0,no crop,497,0.412
FLD0220,Kharif 2026,False,0.593,,,,,,,,,,,,,,,False,False,False,0,no crop,496,0.335
FLD0221,Kharif 2026,False,0.449,,,,,,,,,,,,,,,False,False,False,0,no crop,494,0.466
FLD0235,Kharif 2026,False,0.627,,,,,,,,,,,,,,,False,False,False,0,no crop,353,1.433
FLD0238,Kharif 2026,False,0.335,,,,,,,,,,,,,,,False,False,False,0,no crop,359,0.370
FLD0250,Kharif 2026,False,0.765,,,,,,,,,,,,,,,False,False,False,0,no crop,308,4.689
FLD0251,Kharif 2026,False,0.737,,,,,,,,,,,,,,,False,False,False,0,no crop,230,14.255
FLD0252,Kharif 2026,False,0.896,,,,,,,,,,,,,,,False,False,False,0,no crop,231,2.317
FLD0254,Kharif 2026,False,0.820,,,,,,,,,,,,,,,False,False,False,0,no crop,272,6.659
FLD0256,Kharif 2026,False,0.502,,,,,,,,,,,,,,,False,False,False,0,no crop,240,7.061
FLD0281,Kharif 2026,False,0.873,,,,,,,,,,,,,,,False,False,False,0,no crop,410,0.567
FLD0290,Kharif 2026,False,0.660,,,,,,,,,,,,,,,False,False,False,0,no crop,307,7.304
FLD0291,Kharif 2026,False,0.727,,,,,,,,,,,,,,,False,False,False,0,no crop,301,0.366
FLD0294,Kharif 2026,False,0.720,,,,,,,,,,,,,,,False,False,False,0,no crop,304,0.485
FLD0295,Kharif 2026,False,0.798,,,,,,,,,,,,,,,False,False,False,0,no crop,297,0.180
FLD0297,Kharif 2026,False,0.814,,,,,,,,,,,,,,,False,False,False,0,no crop,296,0.631
FLD0303,Kharif 2026,False,0.634,,,,,,,,,,,,,,,False,False,False,0,no crop,300,12.948
FLD0304,Kharif 2026,False,0.721,,,,,,,,,,,,,,,False,False,False,0,no crop,285,0.515
FLD0307,Kharif 2026,False,0.810,,,,,,,,,,,,,,,False,False,False,0,no crop,287,1.377
FLD0309,Kharif 2026,False,0.746,,,,,,,,,,,,,,,False,False,False,0,no crop,288,0.433
FLD0310,Kharif 2026,False,0.650,,,,,,,,,,,,,,,False,False,False,0,no crop,289,0.364
FLD0311,Kharif 2026,False,0.677,,,,,,,,,,,,,,,False,False,False,0,no crop,291,1.043
FLD0313,Kharif 2026,False,0.678,,,,,,,,,,,,,,,False,False,False,0,no crop,277,0.823
FLD0329,Kharif 2026,False,0.768,,,,,,,,,,,,,,,False,False,False,0,no crop,276,6.138
FLD0330,Kharif 2026,False,0.630,,,,,,,,,,,,,,,False,False,False,0,no crop,259,5.839
FLD0337,Kharif 2026,False,0.323,,,,,,,,,,,,,,,False,False,False,0,no crop,254,8.463
FLD0348,Kharif 2026,False,0.324,,,,,,,,,,,,,,,False,False,False,0,no crop,235,3.203
FLD0351,Kharif 2026,False,0.374,,,,,,,,,,,,,,,False,False,False,0,no crop,234,5.447
FLD0352,Kharif 2026,False,0.591,,,,,,,,,,,,,,,False,False,False,0,no crop,233,3.235
FLD0354,Kharif 2026,False,0.508,,,,,,,,,,,,,,,False,False,False,0,no crop,213,1.988
FLD0359,Kharif 2026,False,0.270,,,,,,,,,,,,,,,False,False,False,0,no crop,215,0.765
FLD0360,Kharif 2026,False,0.525,,,,,,,,,,,,,,,False,False,False,0,no crop,216,1.926
FLD0367,Kharif 2026,False,0.730,,,,,,,,,,,,,,,False,False,False,0,no crop,206,10.302
FLD0369,Kharif 2026,False,0.817,,,,,,,,,,,,,,,False,False,False,0,no crop,185,0.290
FLD0378,Kharif 2026,False,0.342,,,,,,,,,,,,,,,False,False,False,0,no crop,341iS,3.452
FLD0385,Kharif 2026,False,0.744,,,,,,,,,,,,,,,False,False,False,0,no crop,359,1.889
FLD0388,Kharif 2026,False,0.634,,,,,,,,,,,,,,,False,False,False,0,no crop,485,0.731
FLD0395,Kharif 2026,False,0.681,,,,,,,,,,,,,,,False,False,False,0,no crop,445,17.868
FLD0402,Kharif 2026,False,0.598,,,,,,,,,,,,,,,False,False,False,0,no crop,84,3.092
FLD0404,Kharif 2026,False,0.879,,,,,,,,,,,,,,,False,False,False,0,no crop,78,0.334
FLD0426,Kharif 2026,False,0.702,,,,,,,,,,,,,,,False,False,False,0,no crop,24,1.749
FLD0437,Kharif 2026,False,0.777,,,,,,,,,,,,,,,False,False,False,0,no crop,341,0.996
FLD0460,Kharif 2026,False,0.703,,,,,,,,,,,,,,,False,False,False,0,no crop,401,0.173
FLD0463,Kharif 2026,False,0.713,,,,,,,,,,,,,,,False,False,False,0,no crop,404,0.289
FLD0464,Kharif 2026,False,0.743,,,,,,,,,,,,,,,False,False,False,0,no crop,405,0.281
FLD0458,Rabi 2025-26,True,0.882,0.175,2025-12-18,2026-01-12,2026-02-11,2026-02-26,-45.000,0.446,713.231,1.152,40.000,15.000,-2.485,2026-01-07,-1.061,True,False,True,2,moderate,399,0.191
FLD0003,Rabi 2025-26,True,0.774,0.169,2025-12-08,2025-12-28,2026-01-22,2026-01-12,-15.000,0.422,712.422,1.127,35.000,0.000,-1.779,2025-12-08,-1.413,True,False,True,2,moderate,310,2.256
FLD0286,Rabi 2025-26,True,0.772,0.170,2025-11-18,2025-12-03,2026-02-11,2026-01-27,-55.000,0.392,712.219,1.162,30.000,30.000,-2.417,2025-11-18,-1.502,True,False,True,2,moderate,319,0.365
FLD0334,Rabi 2025-26,True,0.549,0.284,2025-11-03,2025-11-13,2025-12-08,2025-11-03,10.000,0.260,710.188,0.711,25.000,10.000,-1.973,2025-11-18,-2.388,True,False,True,2,moderate,261,10.225
FLD0442,Rabi 2025-26,True,0.871,0.203,2025-11-03,2025-12-03,2026-01-12,2025-11-03,30.000,0.487,715.373,1.638,25.000,35.000,-2.258,2025-12-08,-0.126,True,True,False,2,moderate,223,0.941
FLD0284,Rabi 2025-26,True,0.792,0.161,2025-12-18,2026-01-07,2026-02-16,2026-02-11,-35.000,0.413,710.935,1.148,20.000,0.000,-1.793,2025-12-23,-2.062,True,False,True,2,moderate,368,4.492
FLD0235,Rabi 2025-26,True,0.670,0.214,2025-11-08,2025-11-28,2026-01-02,2025-11-08,20.000,0.381,714.025,1.259,15.000,15.000,-2.098,2025-12-08,-0.714,True,True,False,2,moderate,353,1.433
FLD0451,Rabi 2025-26,True,0.804,0.170,2025-12-08,2025-12-08,2026-01-12,2026-03-13,-95.000,0.419,712.170,1.171,15.000,5.000,-1.680,2025-12-13,-1.523,True,False,True,2,moderate,390,0.374
FLD0197,Rabi 2025-26,True,0.729,0.192,2025-12-08,2026-03-13,,2025-12-08,95.000,0.400,712.898,1.202,5.000,0.000,-1.502,2026-02-06,-1.206,False,True,True,2,moderate,117,2.567
FLD0069,Rabi 2025-26,True,0.786,0.167,2025-11-03,2025-11-18,2025-12-08,2025-11-13,5.000,0.449,714.220,1.329,25.000,25.000,-2.413,2025-11-28,-0.629,True,False,False,1,mild,463,1.077
FLD0276,Rabi 2025-26,True,0.799,0.404,2025-11-28,2025-12-08,2026-02-01,2025-12-08,0.000,0.451,715.462,1.561,25.000,5.000,-2.175,2025-12-13,-0.087,True,False,False,1,mild,418,3.009
FLD0417,Rabi 2025-26,True,0.912,0.239,2025-11-23,2025-12-08,,2025-12-08,0.000,0.508,715.360,1.780,25.000,5.000,-2.499,2025-12-08,-0.132,True,False,False,1,mild,203,0.359
FLD0421,Rabi 2025-26,True,0.907,0.271,2025-11-23,2025-12-08,,2025-11-23,15.000,0.477,714.016,1.579,20.000,5.000,-3.932,2025-12-13,-0.718,True,False,False,1,mild,198,0.348
FLD0155,Rabi 2025-26,True,0.746,0.169,2025-12-08,2025-12-08,2026-02-26,2025-12-08,0.000,0.410,713.590,1.235,15.000,5.000,-1.715,2025-12-18,-0.904,True,False,False,1,mild,141,2.192
FLD0174,Rabi 2025-26,True,0.670,0.160,2025-11-18,2025-11-18,2025-12-23,2025-11-18,0.000,0.420,717.205,1.338,15.000,20.000,-2.353,2025-11-28,0.673,True,False,False,1,mild,162,1.190
FLD0246,Rabi 2025-26,True,0.761,0.165,2025-11-18,2025-11-18,2026-03-08,2026-02-26,-100.000,0.431,714.178,1.283,15.000,35.000,-1.785,2025-11-28,-0.648,True,False,False,1,mild,354,5.519
FLD0300,Rabi 2025-26,True,0.829,0.184,2026-01-27,2026-02-11,2026-03-08,2026-02-11,0.000,0.464,715.312,1.624,15.000,0.000,-1.916,2026-01-27,-0.153,True,False,False,1,mild,413,2.989
FLD0434,Rabi 2025-26,True,0.803,0.188,2025-12-08,2026-02-11,2026-03-03,2026-02-11,0.000,0.490,715.757,1.579,15.000,0.000,-1.842,2025-12-13,0.041,True,False,False,1,mild,341,0.287
FLD0443,Rabi 2025-26,True,0.898,0.373,2025-11-08,2025-12-08,2026-02-01,2026-01-17,-40.000,0.501,715.398,1.705,15.000,0.000,-1.679,2025-12-08,-0.115,True,False,False,1,mild,221,1.278
FLD0196,Rabi 2025-26,True,0.907,0.430,2025-12-08,2025-12-08,2025-12-23,2025-12-08,0.000,0.449,711.236,1.348,10.000,0.000,-3.137,2025-12-08,-1.931,False,False,True,1,mild,116,0.796
FLD0214,Rabi 2025-26,True,0.800,0.240,2025-11-03,2026-01-22,2026-02-11,2025-11-08,75.000,0.510,719.470,1.808,5.000,0.000,-1.548,2026-01-27,1.661,False,True,False,1,mild,3,0.218
FLD0188,Rabi 2025-26,True,0.686,0.186,2025-11-08,2025-11-08,2026-01-12,2025-12-13,-35.000,0.373,712.149,1.038,0.000,0.000,-1.392,2025-11-18,-1.533,False,False,True,1,mild,129,9.804
FLD0209,Rabi 2025-26,True,0.701,0.165,2025-11-08,2025-11-13,2025-11-28,2025-11-13,0.000,0.378,712.417,1.133,0.000,0.000,-1.494,2025-11-13,-1.416,False,False,True,1,mild,7,0.899
FLD0245,Rabi 2025-26,True,0.902,0.169,2025-11-18,2026-01-12,2026-01-22,2026-01-12,0.000,0.467,710.779,1.248,0.000,0.000,-1.050,2026-01-07,-2.130,False,False,True,1,mild,346,1.211
FLD0338,Rabi 2025-26,True,0.589,0.202,2025-11-28,2025-12-08,2026-01-22,2025-12-08,0.000,0.322,713.337,0.786,0.000,0.000,-0.618,2025-12-18,-1.014,False,False,True,1,mild,255,6.599
FLD0348,Rabi 2025-26,True,0.555,0.330,2025-11-08,2025-11-18,2025-12-23,2025-11-18,0.000,0.292,712.488,0.702,0.000,0.000,-0.630,2025-11-18,-1.385,False,False,True,1,mild,235,3.203
FLD0368,Rabi 2025-26,True,0.771,0.192,2025-12-08,2026-03-13,,2025-12-08,95.000,0.425,713.940,1.195,0.000,0.000,-1.035,2026-03-03,-0.752,False,True,False,1,mild,184,2.253
FLD0379,Rabi 2025-26,True,0.685,0.284,2025-11-28,2025-11-28,2026-01-02,2025-11-28,0.000,0.413,712.105,1.175,0.000,0.000,-0.526,2025-12-03,-1.552,False,False,True,1,mild,334iS,1.091
FLD0423,Rabi 2025-26,True,0.855,0.168,2025-11-03,2026-01-17,2026-03-03,2025-11-03,75.000,0.479,714.438,1.397,0.000,0.000,-0.839,2026-01-27,-0.534,False,True,False,1,mild,21,0.266
FLD0446,Rabi 2025-26,True,0.816,0.210,2025-11-03,2026-02-16,,2025-11-03,105.000,0.473,717.388,1.502,0.000,0.000,-1.448,2026-02-01,0.753,False,True,False,1,mild,220,0.649
FLD0447,Rabi 2025-26,True,0.835,0.368,2025-11-03,2025-12-08,2026-02-01,2025-11-08,30.000,0.479,715.352,1.472,0.000,0.000,-0.142,2025-12-08,-0.135,False,True,False,1,mild,492,0.556
FLD0377,Rabi 2025-26,True,0.789,0.521,2025-11-03,2025-11-03,2025-11-28,2025-11-03,0.000,0.422,715.313,1.296,5.000,0.000,-1.550,2025-11-13,-0.153,False,False,False,0,none,341iS,1.374
FLD0004,Rabi 2025-26,True,0.700,0.150,2025-12-08,2025-12-08,2026-01-27,2025-12-08,0.000,0.399,714.976,1.221,0.000,0.000,-0.428,2025-12-18,-0.300,False,False,False,0,none,311,2.136
FLD0021,Rabi 2025-26,True,0.849,0.162,2025-12-08,2025-12-08,2026-01-12,2026-01-22,-45.000,0.496,716.982,1.800,0.000,0.000,-1.308,2025-12-08,0.576,False,False,False,0,none,381,1.248
FLD0025,Rabi 2025-26,True,0.910,0.317,2025-12-08,2025-12-08,2026-01-12,2025-12-08,0.000,0.535,717.241,1.980,0.000,0.000,-0.446,2025-12-08,0.688,False,False,False,0,none,385,1.016
FLD0027,Rabi 2025-26,True,0.877,0.269,2025-12-08,2025-12-08,2026-01-12,2025-12-08,0.000,0.530,717.806,1.939,0.000,0.000,-0.547,2025-12-13,0.935,False,False,False,0,none,386iS,0.078
FLD0028,Rabi 2025-26,True,0.944,0.325,2025-12-08,2025-12-08,2026-01-12,2025-12-08,0.000,0.564,717.624,2.157,0.000,0.000,-0.742,2025-12-18,0.856,False,False,False,0,none,386,0.314
FLD0060,Rabi 2025-26,True,0.858,0.184,2026-02-26,2026-03-13,,2026-03-13,0.000,0.479,715.139,1.522,0.000,0.000,-0.901,2026-03-13,-0.228,False,False,False,0,none,457,0.899
FLD0072,Rabi 2025-26,True,0.861,0.186,2025-11-18,2025-12-08,2026-02-26,2025-12-08,0.000,0.479,715.187,1.654,0.000,0.000,-0.604,2025-12-03,-0.208,False,False,False,0,none,466,1.194
FLD0073,Rabi 2025-26,True,0.860,0.358,2025-11-18,2025-11-18,2026-02-11,2026-01-27,-70.000,0.491,715.975,1.702,0.000,0.000,0.183,2025-11-18,0.136,False,False,False,0,none,467,0.343
FLD0076,Rabi 2025-26,True,0.811,0.187,2025-12-08,2025-12-28,2026-02-06,2025-12-28,0.000,0.464,713.730,1.299,0.000,0.000,-0.311,2026-01-07,-0.843,False,False,False,0,none,469,1.900
FLD0079,Rabi 2025-26,True,0.754,0.224,2026-01-27,2026-02-11,,2026-03-13,-30.000,0.439,716.647,1.344,0.000,0.000,-1.160,2026-02-01,0.430,False,False,False,0,none,28,5.705
FLD0090,Rabi 2025-26,True,0.904,0.379,2025-11-18,2025-11-28,2026-01-07,2025-11-28,0.000,0.572,719.523,2.364,0.000,0.000,-0.771,2025-12-08,1.684,False,False,False,0,none,39,1.861
FLD0092,Rabi 2025-26,True,0.800,0.179,2025-12-08,2025-12-08,2026-02-26,2025-12-08,0.000,0.472,716.223,1.795,0.000,0.000,-0.913,2025-12-18,0.244,False,False,False,0,none,40,2.468
FLD0093,Rabi 2025-26,True,0.787,0.271,2025-12-08,2025-12-08,2025-12-28,2025-12-08,0.000,0.489,717.753,1.660,0.000,0.000,-0.929,2025-12-08,0.912,False,False,False,0,none,38,2.841
FLD0095,Rabi 2025-26,True,0.864,0.364,2025-12-08,2025-12-08,2025-12-28,2025-12-08,0.000,0.524,717.154,1.915,0.000,15.000,-0.239,2025-12-18,0.651,False,False,False,0,none,13,3.177
FLD0102,Rabi 2025-26,True,0.741,0.203,2026-01-02,2026-01-17,2026-02-06,2026-01-12,5.000,0.463,719.783,1.577,0.000,0.000,-0.354,2026-01-27,1.798,False,False,False,0,none,68,0.333
FLD0127,Rabi 2025-26,True,0.848,0.202,2025-11-18,2025-11-28,2026-01-02,2025-11-18,10.000,0.470,715.031,1.547,0.000,20.000,-0.851,2025-11-28,-0.276,False,False,False,0,none,72 rs 84,2.975
FLD0130,Rabi 2025-26,True,0.691,0.185,2025-11-28,2025-11-28,2026-01-02,2025-11-28,0.000,0.432,717.713,1.239,0.000,0.000,0.124,2025-12-08,0.895,False,False,False,0,none,102,0.289
FLD0135,Rabi 2025-26,True,0.864,0.212,2025-11-28,2025-11-28,2026-01-12,2025-11-28,0.000,0.472,713.519,1.517,0.000,0.000,-1.371,2025-12-03,-0.935,False,False,False,0,none,95,1.942
FLD0137,Rabi 2025-26,True,0.849,0.200,2025-11-18,2025-11-28,2026-01-07,2025-11-18,10.000,0.471,715.366,1.538,0.000,0.000,-1.039,2025-12-03,-0.130,False,False,False,0,none,93,2.288
FLD0144,Rabi 2025-26,True,0.935,0.184,2025-12-08,2025-12-08,2026-01-12,2025-12-08,0.000,0.571,718.269,2.217,0.000,0.000,0.005,2025-12-18,1.137,False,False,False,0,none,92,4.948
FLD0145,Rabi 2025-26,True,0.842,0.236,2025-12-08,2025-12-08,2026-01-12,2025-12-08,0.000,0.503,717.268,1.838,0.000,0.000,-0.073,2025-12-18,0.700,False,False,False,0,none,91,6.016
FLD0149,Rabi 2025-26,True,0.809,0.180,2025-12-08,2025-12-08,2025-12-28,2025-12-08,0.000,0.473,715.466,1.472,0.000,0.000,-0.582,2025-12-18,-0.086,False,False,False,0,none,139,4.168
FLD0151,Rabi 2025-26,True,0.740,0.183,2025-12-08,2026-01-27,2026-02-11,2026-01-27,0.000,0.442,718.931,1.492,0.000,0.000,-0.632,2026-01-02,1.426,False,False,False,0,none,144,4.851
FLD0152,Rabi 2025-26,True,0.723,0.222,2025-12-08,2026-03-13,,2026-03-13,0.000,0.467,718.111,1.498,0.000,0.000,-0.491,2026-01-02,1.068,False,False,False,0,none,145,2.606
FLD0158,Rabi 2025-26,True,0.837,0.252,2025-12-08,2025-12-08,2026-01-22,2025-12-08,0.000,0.466,715.088,1.554,0.000,0.000,-0.430,2025-12-18,-0.251,False,False,False,0,none,147,1.793
FLD0166,Rabi 2025-26,True,0.766,0.205,2025-12-08,2025-12-08,2026-01-12,2025-12-08,0.000,0.453,716.338,1.464,0.000,0.000,-1.414,2025-12-08,0.295,False,False,False,0,none,153,2.217
FLD0167,Rabi 2025-26,True,0.794,0.255,2025-11-18,2025-12-03,2026-01-12,2025-11-28,5.000,0.437,714.340,1.461,0.000,5.000,-1.476,2025-12-08,-0.577,False,False,False,0,none,152,12.171
FLD0168,Rabi 2025-26,True,0.677,0.163,2025-11-18,2025-11-28,2025-12-23,2025-11-18,10.000,0.402,714.550,1.353,0.000,0.000,-0.664,2025-12-03,-0.485,False,False,False,0,none,151,11.425
FLD0177,Rabi 2025-26,True,0.591,0.261,2025-11-03,2025-11-03,2025-11-23,2025-11-03,0.000,0.340,713.936,1.005,0.000,5.000,-1.500,2025-11-13,-0.753,False,False,False,0,none,207,1.663
FLD0179,Rabi 2025-26,True,0.664,0.156,2026-02-26,2026-03-08,,2026-03-08,0.000,0.397,715.103,1.004,0.000,0.000,-1.495,2026-02-26,-0.244,False,False,False,0,none,131,0.897
FLD0180,Rabi 2025-26,True,0.855,0.361,2026-02-21,2026-03-03,,2026-03-03,0.000,0.524,719.905,1.614,0.000,0.000,-0.191,2026-03-13,1.851,False,False,False,0,none,132,0.218
FLD0182,Rabi 2025-26,True,0.729,0.241,2025-12-08,2025-12-08,2026-01-02,2025-12-08,0.000,0.458,717.227,1.404,0.000,0.000,-0.654,2025-12-13,0.682,False,False,False,0,none,128,1.003
FLD0183,Rabi 2025-26,True,0.764,0.191,2025-12-08,2026-01-17,2026-02-06,2026-01-17,0.000,0.464,719.150,1.518,0.000,0.000,-0.665,2026-01-27,1.521,False,False,False,0,none,127,2.003
FLD0185,Rabi 2025-26,True,0.853,0.455,2025-12-08,2025-12-08,2026-01-27,2025-12-08,0.000,0.510,717.287,1.786,0.000,0.000,0.335,2025-12-08,0.708,False,False,False,0,none,122,1.056
FLD0190,Rabi 2025-26,True,0.820,0.206,2025-12-08,2025-12-18,2026-01-07,2025-12-18,0.000,0.481,717.217,1.489,0.000,0.000,-0.561,2025-12-08,0.678,False,False,False,0,none,123,1.480
FLD0193,Rabi 2025-26,True,0.762,0.247,2025-12-08,2025-12-08,2025-12-18,2026-03-13,-95.000,0.440,715.255,1.463,0.000,5.000,-0.212,2025-12-08,-0.178,False,False,False,0,none,113,3.690
FLD0205,Rabi 2025-26,True,0.934,0.262,2025-12-08,2025-12-08,2026-02-11,2025-12-08,0.000,0.521,716.029,1.891,0.000,0.000,-1.324,2025-12-18,0.160,False,False,False,0,none,10,0.252
FLD0217,Rabi 2025-26,True,0.886,0.421,2025-12-08,2025-12-08,2025-12-28,2025-12-08,0.000,0.526,716.854,1.868,0.000,0.000,-0.870,2025-12-18,0.520,False,False,False,0,none,12,1.507
FLD0219,Rabi 2025-26,True,0.876,0.201,2025-11-23,2026-02-06,,2026-01-27,10.000,0.482,714.590,1.597,0.000,0.000,-0.448,2026-02-11,-0.468,False,False,False,0,none,497,0.412
FLD0222,Rabi 2025-26,True,0.826,0.178,2025-12-08,2025-12-28,2026-01-22,2025-12-18,10.000,0.450,715.227,1.417,0.000,0.000,-0.394,2026-01-02,-0.190,False,False,False,0,none,493,1.193
FLD0223,Rabi 2025-26,True,0.832,0.242,2025-11-03,2025-11-03,2025-12-03,2025-11-08,-5.000,0.607,718.414,3.012,0.000,0.000,0.678,2025-11-13,1.200,False,False,False,0,none,491,0.585
FLD0226,Rabi 2025-26,True,0.824,0.285,2025-11-18,2025-11-28,2026-01-02,2025-11-23,5.000,0.467,715.294,1.491,0.000,0.000,-0.558,2025-12-08,-0.161,False,False,False,0,none,489,4.061
FLD0230,Rabi 2025-26,True,0.514,0.204,2025-11-03,2025-11-03,2025-11-18,2025-11-03,0.000,0.380,724.566,1.139,0.000,0.000,3.142,2025-11-13,3.884,False,False,False,0,none,362,0.277
FLD0247,Rabi 2025-26,True,0.784,0.266,2025-12-08,2025-12-08,2025-12-23,2025-12-08,0.000,0.445,714.385,1.319,0.000,0.000,-1.221,2025-12-13,-0.557,False,False,False,0,none,341,10.822
FLD0248,Rabi 2025-26,True,0.823,0.206,2025-12-08,2025-12-08,2026-01-17,2025-12-08,0.000,0.465,714.593,1.453,0.000,0.000,-0.305,2025-12-18,-0.467,False,False,False,0,none,343,3.443
FLD0250,Rabi 2025-26,True,0.775,0.356,2026-02-01,2026-03-13,,2026-03-13,0.000,0.496,718.706,1.742,0.000,0.000,-0.902,2026-02-06,1.328,False,False,False,0,none,308,4.689
FLD0251,Rabi 2025-26,True,0.646,0.216,2025-12-08,2025-12-08,2025-12-23,2025-12-08,0.000,0.390,714.471,1.215,0.000,0.000,-0.949,2025-12-08,-0.520,False,False,False,0,none,230,14.255
FLD0252,Rabi 2025-26,True,0.827,0.474,2025-12-08,2025-12-08,2025-12-23,2025-12-08,0.000,0.530,718.865,2.022,0.000,0.000,-0.593,2025-12-13,1.397,False,False,False,0,none,231,2.317
FLD0253,Rabi 2025-26,True,0.634,0.166,2025-12-18,2026-01-12,,2026-01-12,0.000,0.369,714.655,1.141,0.000,0.000,-0.579,2026-01-07,-0.440,False,False,False,0,none,241,6.126
FLD0254,Rabi 2025-26,True,0.770,0.187,2025-12-08,2025-12-08,2026-01-07,2026-03-13,-95.000,0.455,715.238,1.400,0.000,0.000,-1.323,2025-12-18,-0.185,False,False,False,0,none,272,6.659
FLD0257,Rabi 2025-26,True,0.733,0.278,2025-11-28,2025-12-03,2026-01-02,2025-12-03,0.000,0.435,716.723,1.232,0.000,0.000,0.029,2025-12-13,0.462,False,False,False,0,none,242,3.289
FLD0258,Rabi 2025-26,True,0.668,0.209,2025-12-08,2026-01-12,2026-02-06,2025-12-28,15.000,0.388,717.289,1.103,0.000,10.000,-0.288,2026-01-17,0.709,False,False,False,0,none,243,2.803
FLD0259,Rabi 2025-26,True,0.564,0.157,2025-11-28,2025-12-18,2026-01-07,2025-12-18,0.000,0.349,717.561,1.014,0.000,0.000,-0.451,2025-12-23,0.828,False,False,False,0,none,244,15.129
FLD0275,Rabi 2025-26,True,0.780,0.263,2025-11-18,2025-11-18,2026-01-22,2025-11-18,0.000,0.451,715.320,1.510,0.000,0.000,-0.973,2025-11-28,-0.149,False,False,False,0,none,419,4.301
FLD0289,Rabi 2025-26,True,0.798,0.248,2025-12-08,2025-12-08,2025-12-18,2025-12-08,0.000,0.483,716.562,1.624,0.000,0.000,-0.300,2025-12-13,0.392,False,False,False,0,none,316,1.080
FLD0291,Rabi 2025-26,True,0.922,0.435,2025-11-18,2026-01-22,2026-02-11,2026-01-22,0.000,0.533,718.471,1.891,0.000,0.000,-1.398,2025-12-08,1.225,False,False,False,0,none,301,0.366
FLD0292,Rabi 2025-26,True,0.932,0.343,2025-12-08,2026-01-22,2026-02-06,2026-01-22,0.000,0.543,718.880,1.997,0.000,0.000,-0.432,2025-12-23,1.404,False,False,False,0,none,302,0.806
FLD0293,Rabi 2025-26,True,0.893,0.430,2025-11-08,2025-12-03,2026-01-07,2025-11-28,5.000,0.544,717.673,1.989,0.000,0.000,-0.912,2025-12-13,0.877,False,False,False,0,none,303,0.502
FLD0310,Rabi 2025-26,True,0.625,0.163,2026-02-21,2026-03-03,,2026-03-03,0.000,0.393,715.795,0.832,0.000,0.000,-1.073,2026-02-26,0.058,False,False,False,0,none,289,0.364
FLD0312,Rabi 2025-26,True,0.788,0.181,2025-12-08,2025-12-08,2026-01-02,2025-12-08,0.000,0.459,715.178,1.368,0.000,0.000,-0.610,2025-12-18,-0.211,False,False,False,0,none,290,0.713
FLD0325,Rabi 2025-26,True,0.824,0.297,2025-11-03,2025-11-03,2025-11-28,2025-11-03,0.000,0.510,718.102,1.770,0.000,0.000,0.751,2025-11-13,1.064,False,False,False,0,none,267,0.973
FLD0326,Rabi 2025-26,True,0.748,0.264,2025-12-08,2025-12-08,2026-01-07,2025-12-08,0.000,0.428,714.247,1.390,0.000,0.000,-1.273,2025-12-13,-0.617,False,False,False,0,none,274,2.755
FLD0336,Rabi 2025-26,True,0.723,0.175,2025-12-08,2025-12-08,2026-01-17,2025-12-08,0.000,0.416,713.908,1.189,0.000,0.000,-0.812,2025-12-08,-0.765,False,False,False,0,none,253,6.618
FLD0353,Rabi 2025-26,True,0.543,0.187,2025-11-03,2025-11-03,2026-01-02,2025-11-08,-5.000,0.367,721.864,1.256,0.000,0.000,0.928,2025-11-03,2.705,False,False,False,0,none,232,3.193
FLD0356,Rabi 2025-26,True,0.587,0.220,2025-12-03,2025-12-18,2026-01-02,2025-12-18,0.000,0.374,717.588,0.968,0.000,0.000,-0.590,2025-12-03,0.840,False,False,False,0,none,210,9.958
FLD0357,Rabi 2025-26,True,0.729,0.386,2025-11-03,2025-11-03,2025-12-23,2025-11-03,0.000,0.430,716.487,1.418,0.000,0.000,-1.166,2025-11-13,0.360,False,False,False,0,none,212,4.499
FLD0358,Rabi 2025-26,True,0.575,0.274,2025-11-08,2025-11-18,2025-12-13,2025-11-18,0.000,0.336,720.328,1.044,0.000,0.000,-0.325,2025-11-13,2.035,False,False,False,0,none,214,0.733
FLD0366,Rabi 2025-26,True,0.891,0.311,2025-11-18,2026-03-13,,2026-03-13,0.000,0.557,718.707,2.170,0.000,0.000,-1.452,2025-12-03,1.328,False,False,False,0,none,157,0.551
FLD0374,Rabi 2025-26,True,0.579,0.154,2025-11-23,2025-12-03,2025-12-28,2025-11-28,5.000,0.338,715.677,0.881,0.000,0.000,-0.309,2025-12-13,0.006,False,False,False,0,none,252,42.469
FLD0375,Rabi 2025-26,True,0.739,0.356,2025-12-08,2025-12-08,2025-12-28,2025-12-08,0.000,0.499,718.396,1.676,0.000,0.000,0.696,2025-12-18,1.192,False,False,False,0,none,341,1.591
FLD0382,Rabi 2025-26,True,0.592,0.155,2025-12-18,2025-12-28,2026-01-22,2025-12-28,0.000,0.354,714.935,0.919,0.000,0.000,-0.049,2025-12-18,-0.317,False,False,False,0,none,340,3.121
FLD0383,Rabi 2025-26,True,0.643,0.274,2025-11-03,2025-11-03,2026-01-02,2025-11-03,0.000,0.389,716.419,1.211,0.000,0.000,0.092,2025-11-13,0.330,False,False,False,0,none,341iS,30.671
FLD0384,Rabi 2025-26,True,0.862,0.292,2025-12-08,2025-12-08,2026-02-06,2025-12-08,0.000,0.533,717.917,2.131,0.000,0.000,0.200,2025-12-18,0.983,False,False,False,0,none,322,2.817
FLD0390,Rabi 2025-26,True,0.766,0.310,2025-12-08,2025-12-08,2025-12-28,2025-12-08,0.000,0.454,715.700,1.446,0.000,0.000,-0.710,2025-12-13,0.016,False,False,False,0,none,487,4.684
FLD0391,Rabi 2025-26,True,0.791,0.407,2025-12-08,2026-03-13,,2026-03-13,0.000,0.524,720.296,1.786,0.000,0.000,-0.882,2025-12-08,2.021,False,False,False,0,none,472,2.355
FLD0392,Rabi 2025-26,True,0.697,0.156,2025-11-18,2025-11-18,2026-01-07,2025-11-18,0.000,0.408,714.327,1.296,0.000,0.000,-0.649,2025-11-28,-0.583,False,False,False,0,none,150,9.901
FLD0393,Rabi 2025-26,True,0.861,0.178,2026-01-27,2026-02-21,,2026-02-21,0.000,0.564,721.368,2.549,0.000,0.000,-0.283,2026-01-27,2.489,False,False,False,0,none,106,1.047
FLD0397,Rabi 2025-26,True,0.855,0.275,2025-11-08,2025-11-18,2026-01-07,2025-11-18,0.000,0.490,715.608,1.630,0.000,0.000,-0.241,2025-11-23,-0.024,False,False,False,0,none,72,1.005
FLD0398,Rabi 2025-26,True,0.813,0.257,2025-12-08,2025-12-08,2025-12-23,2025-12-08,0.000,0.485,716.244,1.602,0.000,0.000,-0.122,2025-12-13,0.254,False,False,False,0,none,74,2.198
FLD0399,Rabi 2025-26,True,0.921,0.379,2025-11-08,2025-11-23,2026-01-17,2025-11-18,5.000,0.571,718.558,2.266,0.000,0.000,0.145,2025-12-03,1.263,False,False,False,0,none,75,1.633
FLD0401,Rabi 2025-26,True,0.744,0.208,2025-11-08,2025-11-18,2026-01-12,2025-11-18,0.000,0.479,718.159,1.588,0.000,0.000,0.356,2025-11-28,1.089,False,False,False,0,none,76,1.487
FLD0404,Rabi 2025-26,True,0.853,0.150,2025-11-08,2025-11-13,2025-12-18,2025-11-08,5.000,0.504,716.752,1.756,0.000,0.000,-0.707,2025-11-23,0.475,False,False,False,0,none,78,0.334
FLD0406,Rabi 2025-26,True,0.796,0.176,2025-12-18,2026-03-03,,2026-03-08,-5.000,0.502,720.821,2.010,0.000,0.000,-0.631,2026-02-01,2.250,False,False,False,0,none,81,0.318
FLD0411,Rabi 2025-26,True,0.889,0.325,2025-12-08,2025-12-08,2026-01-07,2025-12-08,0.000,0.545,717.209,1.959,0.000,0.000,-0.018,2025-12-08,0.674,False,False,False,0,none,195,0.377
FLD0419,Rabi 2025-26,True,0.888,0.216,2025-11-23,2025-12-03,,2025-12-03,0.000,0.495,715.539,1.649,0.000,0.000,-0.894,2025-12-03,-0.054,False,False,False,0,none,200,0.377
FLD0426,Rabi 2025-26,True,0.803,0.270,2025-12-08,2025-12-18,,2026-02-26,-70.000,0.457,715.663,1.418,0.000,0.000,-1.175,2025-12-08,0.000,False,False,False,0,none,24,1.749
FLD0427,Rabi 2025-26,True,0.857,0.177,2025-12-03,2026-02-11,,2026-02-16,-5.000,0.474,716.321,1.595,0.000,0.000,-0.504,2026-01-12,0.287,False,False,False,0,none,23,1.700
FLD0431,Rabi 2025-26,True,0.799,0.236,2025-12-08,2025-12-08,2026-02-06,2025-12-08,0.000,0.462,715.290,1.442,0.000,0.000,-0.247,2025-12-18,-0.163,False,False,False,0,none,338,0.922
FLD0432,Rabi 2025-26,True,0.742,0.169,2026-02-26,2026-03-03,,2026-03-08,-5.000,0.440,715.117,1.346,0.000,0.000,-1.054,2026-02-26,-0.238,False,False,False,0,none,339,1.535
FLD0436,Rabi 2025-26,True,0.794,0.167,2025-12-08,2025-12-08,2026-01-22,2025-12-08,0.000,0.445,714.535,1.356,0.000,0.000,-0.848,2025-12-08,-0.492,False,False,False,0,none,341iS,5.797
FLD0439,Rabi 2025-26,True,0.840,0.374,2025-12-08,2025-12-08,2025-12-28,2025-12-08,0.000,0.516,717.379,1.846,0.000,0.000,-0.093,2025-12-18,0.749,False,False,False,0,none,227,1.957
FLD0440,Rabi 2025-26,True,0.808,0.239,2025-12-08,2025-12-08,2026-01-12,2025-12-08,0.000,0.487,716.750,1.604,0.000,0.000,-1.162,2025-12-18,0.474,False,False,False,0,none,228,1.790
FLD0445,Rabi 2025-26,True,0.912,0.449,2025-11-18,2025-11-28,2026-01-12,2025-11-23,5.000,0.553,717.282,2.024,0.000,0.000,-0.850,2025-12-08,0.707,False,False,False,0,none,226,0.777
FLD0448,Rabi 2025-26,True,0.867,0.220,2025-12-08,2025-12-08,2026-02-06,2025-12-08,0.000,0.481,714.985,1.526,0.000,0.000,-0.954,2025-12-08,-0.295,False,False,False,0,none,386,0.931
FLD0449,Rabi 2025-26,True,0.946,0.151,2025-11-18,2025-11-28,2026-01-12,2025-11-18,10.000,0.517,715.157,1.783,0.000,5.000,-1.314,2025-12-08,-0.221,False,False,False,0,none,387,0.493
FLD0456,Rabi 2025-26,True,0.882,0.221,2025-12-08,2025-12-08,2026-01-12,2025-12-08,0.000,0.493,715.521,1.675,0.000,0.000,-0.180,2025-12-13,-0.062,False,False,False,0,none,395,0.222
FLD0466,Rabi 2025-26,True,0.773,0.192,2025-11-13,2025-12-03,2026-01-12,2025-12-13,-10.000,0.575,722.948,2.377,0.000,0.000,1.664,2025-11-13,3.178,False,False,False,0,none,404,0.541
FLD0002,Rabi 2025-26,False,0.814,,,,,,,,,,,,,,,False,False,False,0,no crop,315,1.283
FLD0005,Rabi 2025-26,False,0.771,,,,,,,,,,,,,,,False,False,False,0,no crop,312,1.856
FLD0006,Rabi 2025-26,False,0.786,,,,,,,,,,,,,,,False,False,False,0,no crop,313,2.081
FLD0007,Rabi 2025-26,False,0.628,,,,,,,,,,,,,,,False,False,False,0,no crop,309,4.279
FLD0010,Rabi 2025-26,False,0.817,,,,,,,,,,,,,,,False,False,False,0,no crop,323,1.629
FLD0013,Rabi 2025-26,False,0.855,,,,,,,,,,,,,,,False,False,False,0,no crop,320,0.831
FLD0014,Rabi 2025-26,False,0.819,,,,,,,,,,,,,,,False,False,False,0,no crop,227,1.921
FLD0016,Rabi 2025-26,False,0.964,,,,,,,,,,,,,,,False,False,False,0,no crop,333,0.242
FLD0020,Rabi 2025-26,False,0.837,,,,,,,,,,,,,,,False,False,False,0,no crop,379,0.671
FLD0022,Rabi 2025-26,False,0.800,,,,,,,,,,,,,,,False,False,False,0,no crop,382,1.590
FLD0023,Rabi 2025-26,False,0.857,,,,,,,,,,,,,,,False,False,False,0,no crop,384,0.631
FLD0024,Rabi 2025-26,False,0.847,,,,,,,,,,,,,,,False,False,False,0,no crop,383,2.004
FLD0029,Rabi 2025-26,False,0.847,,,,,,,,,,,,,,,False,False,False,0,no crop,380,4.697
FLD0031,Rabi 2025-26,False,0.781,,,,,,,,,,,,,,,False,False,False,0,no crop,375,5.943
FLD0032,Rabi 2025-26,False,0.887,,,,,,,,,,,,,,,False,False,False,0,no crop,378,2.433
FLD0033,Rabi 2025-26,False,0.795,,,,,,,,,,,,,,,False,False,False,0,no crop,371,1.497
FLD0035,Rabi 2025-26,False,0.885,,,,,,,,,,,,,,,False,False,False,0,no crop,374,0.904
FLD0036,Rabi 2025-26,False,0.819,,,,,,,,,,,,,,,False,False,False,0,no crop,376,0.268
FLD0037,Rabi 2025-26,False,0.747,,,,,,,,,,,,,,,False,False,False,0,no crop,372,2.282
FLD0038,Rabi 2025-26,False,0.775,,,,,,,,,,,,,,,False,False,False,0,no crop,369,3.128
FLD0040,Rabi 2025-26,False,0.696,,,,,,,,,,,,,,,False,False,False,0,no crop,373,3.443
FLD0041,Rabi 2025-26,False,0.783,,,,,,,,,,,,,,,False,False,False,0,no crop,366,20.196
FLD0042,Rabi 2025-26,False,0.830,,,,,,,,,,,,,,,False,False,False,0,no crop,367,2.244
FLD0043,Rabi 2025-26,False,0.719,,,,,,,,,,,,,,,False,False,False,0,no crop,364,10.548
FLD0047,Rabi 2025-26,False,0.802,,,,,,,,,,,,,,,False,False,False,0,no crop,475,1.562
FLD0048,Rabi 2025-26,False,0.596,,,,,,,,,,,,,,,False,False,False,0,no crop,474,2.670
FLD0049,Rabi 2025-26,False,0.708,,,,,,,,,,,,,,,False,False,False,0,no crop,481,3.665
FLD0050,Rabi 2025-26,False,0.741,,,,,,,,,,,,,,,False,False,False,0,no crop,479,0.893
FLD0051,Rabi 2025-26,False,0.708,,,,,,,,,,,,,,,False,False,False,0,no crop,483,0.839
FLD0052,Rabi 2025-26,False,0.801,,,,,,,,,,,,,,,False,False,False,0,no crop,471,5.793
FLD0053,Rabi 2025-26,False,0.561,,,,,,,,,,,,,,,False,False,False,0,no crop,470,0.850
FLD0054,Rabi 2025-26,False,0.778,,,,,,,,,,,,,,,False,False,False,0,no crop,484,8.564
FLD0055,Rabi 2025-26,False,0.777,,,,,,,,,,,,,,,False,False,False,0,no crop,473,4.728
FLD0056,Rabi 2025-26,False,0.823,,,,,,,,,,,,,,,False,False,False,0,no crop,460,2.394
FLD0057,Rabi 2025-26,False,0.864,,,,,,,,,,,,,,,False,False,False,0,no crop,461,3.594
FLD0058,Rabi 2025-26,False,0.709,,,,,,,,,,,,,,,False,False,False,0,no crop,462,3.210
FLD0059,Rabi 2025-26,False,0.800,,,,,,,,,,,,,,,False,False,False,0,no crop,456,1.279
FLD0061,Rabi 2025-26,False,0.803,,,,,,,,,,,,,,,False,False,False,0,no crop,458,1.108
FLD0063,Rabi 2025-26,False,0.775,,,,,,,,,,,,,,,False,False,False,0,no crop,454,7.347
FLD0068,Rabi 2025-26,False,0.749,,,,,,,,,,,,,,,False,False,False,0,no crop,433,2.986
FLD0070,Rabi 2025-26,False,0.723,,,,,,,,,,,,,,,False,False,False,0,no crop,464,1.063
FLD0071,Rabi 2025-26,False,0.802,,,,,,,,,,,,,,,False,False,False,0,no crop,432,9.747
FLD0075,Rabi 2025-26,False,0.861,,,,,,,,,,,,,,,False,False,False,0,no crop,468,1.860
FLD0078,Rabi 2025-26,False,0.819,,,,,,,,,,,,,,,False,False,False,0,no crop,26,8.201
FLD0080,Rabi 2025-26,False,0.676,,,,,,,,,,,,,,,False,False,False,0,no crop,29,4.688
FLD0081,Rabi 2025-26,False,0.809,,,,,,,,,,,,,,,False,False,False,0,no crop,30,9.278
FLD0082,Rabi 2025-26,False,0.808,,,,,,,,,,,,,,,False,False,False,0,no crop,31,14.418
FLD0084,Rabi 2025-26,False,0.842,,,,,,,,,,,,,,,False,False,False,0,no crop,33,19.394
FLD0085,Rabi 2025-26,False,0.760,,,,,,,,,,,,,,,False,False,False,0,no crop,35,8.156
FLD0086,Rabi 2025-26,False,0.809,,,,,,,,,,,,,,,False,False,False,0,no crop,36,25.276
FLD0087,Rabi 2025-26,False,0.765,,,,,,,,,,,,,,,False,False,False,0,no crop,34,7.733
FLD0088,Rabi 2025-26,False,0.840,,,,,,,,,,,,,,,False,False,False,0,no crop,17,5.255
FLD0094,Rabi 2025-26,False,0.847,,,,,,,,,,,,,,,False,False,False,0,no crop,37,4.165
FLD0096,Rabi 2025-26,False,0.808,,,,,,,,,,,,,,,False,False,False,0,no crop,45,2.796
FLD0097,Rabi 2025-26,False,0.775,,,,,,,,,,,,,,,False,False,False,0,no crop,46,1.961
FLD0098,Rabi 2025-26,False,0.792,,,,,,,,,,,,,,,False,False,False,0,no crop,71,4.162
FLD0100,Rabi 2025-26,False,0.895,,,,,,,,,,,,,,,False,False,False,0,no crop,70,0.210
FLD0101,Rabi 2025-26,False,0.871,,,,,,,,,,,,,,,False,False,False,0,no crop,66,0.309
FLD0110,Rabi 2025-26,False,0.873,,,,,,,,,,,,,,,False,False,False,0,no crop,61,3.403
FLD0112,Rabi 2025-26,False,0.795,,,,,,,,,,,,,,,False,False,False,0,no crop,47,8.562
FLD0113,Rabi 2025-26,False,0.853,,,,,,,,,,,,,,,False,False,False,0,no crop,43,5.881
FLD0114,Rabi 2025-26,False,0.884,,,,,,,,,,,,,,,False,False,False,0,no crop,49,0.253
FLD0116,Rabi 2025-26,False,0.828,,,,,,,,,,,,,,,False,False,False,0,no crop,64,8.524
FLD0118,Rabi 2025-26,False,0.562,,,,,,,,,,,,,,,False,False,False,0,no crop,62,3.789
FLD0120,Rabi 2025-26,False,0.875,,,,,,,,,,,,,,,False,False,False,0,no crop,41,12.720
FLD0121,Rabi 2025-26,False,0.861,,,,,,,,,,,,,,,False,False,False,0,no crop,42,4.670
FLD0122,Rabi 2025-26,False,0.818,,,,,,,,,,,,,,,False,False,False,0,no crop,69,10.414
FLD0123,Rabi 2025-26,False,0.846,,,,,,,,,,,,,,,False,False,False,0,no crop,88,9.232
FLD0124,Rabi 2025-26,False,0.800,,,,,,,,,,,,,,,False,False,False,0,no crop,87,8.303
FLD0126,Rabi 2025-26,False,0.809,,,,,,,,,,,,,,,False,False,False,0,no crop,86,1.512
FLD0128,Rabi 2025-26,False,0.901,,,,,,,,,,,,,,,False,False,False,0,no crop,100,0.938
FLD0129,Rabi 2025-26,False,0.739,,,,,,,,,,,,,,,False,False,False,0,no crop,101,0.694
FLD0133,Rabi 2025-26,False,0.777,,,,,,,,,,,,,,,False,False,False,0,no crop,97,7.912
FLD0134,Rabi 2025-26,False,0.819,,,,,,,,,,,,,,,False,False,False,0,no crop,96,1.972
FLD0136,Rabi 2025-26,False,0.736,,,,,,,,,,,,,,,False,False,False,0,no crop,94,1.988
FLD0139,Rabi 2025-26,False,0.666,,,,,,,,,,,,,,,False,False,False,0,no crop,111,0.590
FLD0141,Rabi 2025-26,False,0.851,,,,,,,,,,,,,,,False,False,False,0,no crop,107,0.175
FLD0142,Rabi 2025-26,False,0.928,,,,,,,,,,,,,,,False,False,False,0,no crop,108,0.095
FLD0143,Rabi 2025-26,False,0.793,,,,,,,,,,,,,,,False,False,False,0,no crop,103,7.045
FLD0146,Rabi 2025-26,False,0.782,,,,,,,,,,,,,,,False,False,False,0,no crop,90,4.084
FLD0147,Rabi 2025-26,False,0.820,,,,,,,,,,,,,,,False,False,False,0,no crop,89,4.042
FLD0148,Rabi 2025-26,False,0.735,,,,,,,,,,,,,,,False,False,False,0,no crop,138,12.926
FLD0150,Rabi 2025-26,False,0.768,,,,,,,,,,,,,,,False,False,False,0,no crop,143,5.294
FLD0153,Rabi 2025-26,False,0.684,,,,,,,,,,,,,,,False,False,False,0,no crop,137,5.877
FLD0156,Rabi 2025-26,False,0.705,,,,,,,,,,,,,,,False,False,False,0,no crop,142,3.944
FLD0159,Rabi 2025-26,False,0.756,,,,,,,,,,,,,,,False,False,False,0,no crop,148,1.793
FLD0161,Rabi 2025-26,False,0.774,,,,,,,,,,,,,,,False,False,False,0,no crop,136,4.959
FLD0162,Rabi 2025-26,False,0.864,,,,,,,,,,,,,,,False,False,False,0,no crop,135,0.850
FLD0164,Rabi 2025-26,False,0.640,,,,,,,,,,,,,,,False,False,False,0,no crop,134,0.665
FLD0165,Rabi 2025-26,False,0.688,,,,,,,,,,,,,,,False,False,False,0,no crop,154,2.774
FLD0169,Rabi 2025-26,False,0.549,,,,,,,,,,,,,,,False,False,False,0,no crop,155,0.496
FLD0172,Rabi 2025-26,False,0.723,,,,,,,,,,,,,,,False,False,False,0,no crop,161,1.247
FLD0173,Rabi 2025-26,False,0.690,,,,,,,,,,,,,,,False,False,False,0,no crop,156,6.017
FLD0175,Rabi 2025-26,False,0.705,,,,,,,,,,,,,,,False,False,False,0,no crop,209,2.775
FLD0176,Rabi 2025-26,False,0.551,,,,,,,,,,,,,,,False,False,False,0,no crop,208,2.393
FLD0178,Rabi 2025-26,False,0.376,,,,,,,,,,,,,,,False,False,False,0,no crop,134,0.640
FLD0181,Rabi 2025-26,False,0.708,,,,,,,,,,,,,,,False,False,False,0,no crop,130,5.009
FLD0184,Rabi 2025-26,False,0.746,,,,,,,,,,,,,,,False,False,False,0,no crop,126,0.598
FLD0189,Rabi 2025-26,False,0.717,,,,,,,,,,,,,,,False,False,False,0,no crop,125,0.724
FLD0191,Rabi 2025-26,False,0.811,,,,,,,,,,,,,,,False,False,False,0,no crop,115,4.199
FLD0194,Rabi 2025-26,False,0.814,,,,,,,,,,,,,,,False,False,False,0,no crop,112,1.490
FLD0195,Rabi 2025-26,False,0.800,,,,,,,,,,,,,,,False,False,False,0,no crop,105,0.666
FLD0198,Rabi 2025-26,False,0.363,,,,,,,,,,,,,,,False,False,False,0,no crop,118,0.239
FLD0202,Rabi 2025-26,False,0.733,,,,,,,,,,,,,,,False,False,False,0,no crop,189,0.338
FLD0203,Rabi 2025-26,False,0.662,,,,,,,,,,,,,,,False,False,False,0,no crop,190,11.083
FLD0204,Rabi 2025-26,False,0.798,,,,,,,,,,,,,,,False,False,False,0,no crop,104,2.135
FLD0207,Rabi 2025-26,False,0.622,,,,,,,,,,,,,,,False,False,False,0,no crop,498,0.486
FLD0208,Rabi 2025-26,False,0.673,,,,,,,,,,,,,,,False,False,False,0,no crop,6,0.325
FLD0212,Rabi 2025-26,False,0.850,,,,,,,,,,,,,,,False,False,False,0,no crop,5,0.231
FLD0220,Rabi 2025-26,False,0.767,,,,,,,,,,,,,,,False,False,False,0,no crop,496,0.335
FLD0221,Rabi 2025-26,False,0.522,,,,,,,,,,,,,,,False,False,False,0,no crop,494,0.466
FLD0228,Rabi 2025-26,False,0.764,,,,,,,,,,,,,,,False,False,False,0,no crop,224,3.968
FLD0229,Rabi 2025-26,False,0.813,,,,,,,,,,,,,,,False,False,False,0,no crop,480,0.408
FLD0231,Rabi 2025-26,False,0.757,,,,,,,,,,,,,,,False,False,False,0,no crop,361,3.668
FLD0238,Rabi 2025-26,False,0.350,,,,,,,,,,,,,,,False,False,False,0,no crop,359,0.370
FLD0242,Rabi 2025-26,False,0.830,,,,,,,,,,,,,,,False,False,False,0,no crop,348,0.876
FLD0244,Rabi 2025-26,False,0.793,,,,,,,,,,,,,,,False,False,False,0,no crop,347,0.640
FLD0249,Rabi 2025-26,False,0.930,,,,,,,,,,,,,,,False,False,False,0,no crop,329iS,0.846
FLD0256,Rabi 2025-26,False,0.453,,,,,,,,,,,,,,,False,False,False,0,no crop,240,7.061
FLD0261,Rabi 2025-26,False,0.807,,,,,,,,,,,,,,,False,False,False,0,no crop,270,3.911
FLD0263,Rabi 2025-26,False,0.576,,,,,,,,,,,,,,,False,False,False,0,no crop,448,7.423
FLD0264,Rabi 2025-26,False,0.724,,,,,,,,,,,,,,,False,False,False,0,no crop,446,8.293
FLD0265,Rabi 2025-26,False,0.747,,,,,,,,,,,,,,,False,False,False,0,no crop,447,11.646
FLD0266,Rabi 2025-26,False,0.629,,,,,,,,,,,,,,,False,False,False,0,no crop,431,22.901
FLD0268,Rabi 2025-26,False,0.667,,,,,,,,,,,,,,,False,False,False,0,no crop,428,2.659
FLD0269,Rabi 2025-26,False,0.837,,,,,,,,,,,,,,,False,False,False,0,no crop,424,2.856
FLD0270,Rabi 2025-26,False,0.689,,,,,,,,,,,,,,,False,False,False,0,no crop,427,3.470
FLD0271,Rabi 2025-26,False,0.772,,,,,,,,,,,,,,,False,False,False,0,no crop,426,1.927
FLD0273,Rabi 2025-26,False,0.770,,,,,,,,,,,,,,,False,False,False,0,no crop,421,3.308
FLD0274,Rabi 2025-26,False,0.727,,,,,,,,,,,,,,,False,False,False,0,no crop,420,3.989
FLD0277,Rabi 2025-26,False,0.832,,,,,,,,,,,,,,,False,False,False,0,no crop,417,5.947
FLD0278,Rabi 2025-26,False,0.767,,,,,,,,,,,,,,,False,False,False,0,no crop,416,6.674
FLD0279,Rabi 2025-26,False,0.686,,,,,,,,,,,,,,,False,False,False,0,no crop,415,5.323
FLD0280,Rabi 2025-26,False,0.682,,,,,,,,,,,,,,,False,False,False,0,no crop,414,5.493
FLD0281,Rabi 2025-26,False,0.786,,,,,,,,,,,,,,,False,False,False,0,no crop,410,0.567
FLD0283,Rabi 2025-26,False,0.770,,,,,,,,,,,,,,,False,False,False,0,no crop,423,4.683
FLD0288,Rabi 2025-26,False,0.864,,,,,,,,,,,,,,,False,False,False,0,no crop,317,1.166
FLD0290,Rabi 2025-26,False,0.772,,,,,,,,,,,,,,,False,False,False,0,no crop,307,7.304
FLD0294,Rabi 2025-26,False,0.855,,,,,,,,,,,,,,,False,False,False,0,no crop,304,0.485
FLD0295,Rabi 2025-26,False,0.787,,,,,,,,,,,,,,,False,False,False,0,no crop,297,0.180
FLD0296,Rabi 2025-26,False,0.827,,,,,,,,,,,,,,,False,False,False,0,no crop,298,0.271
FLD0297,Rabi 2025-26,False,0.894,,,,,,,,,,,,,,,False,False,False,0,no crop,296,0.631
FLD0298,Rabi 2025-26,False,0.790,,,,,,,,,,,,,,,False,False,False,0,no crop,295,1.018
FLD0301,Rabi 2025-26,False,0.778,,,,,,,,,,,,,,,False,False,False,0,no crop,412,1.685
FLD0302,Rabi 2025-26,False,0.783,,,,,,,,,,,,,,,False,False,False,0,no crop,411,4.577
FLD0303,Rabi 2025-26,False,0.778,,,,,,,,,,,,,,,False,False,False,0,no crop,300,12.948
FLD0304,Rabi 2025-26,False,0.727,,,,,,,,,,,,,,,False,False,False,0,no crop,285,0.515
FLD0311,Rabi 2025-26,False,0.872,,,,,,,,,,,,,,,False,False,False,0,no crop,291,1.043
FLD0313,Rabi 2025-26,False,0.808,,,,,,,,,,,,,,,False,False,False,0,no crop,277,0.823
FLD0314,Rabi 2025-26,False,0.864,,,,,,,,,,,,,,,False,False,False,0,no crop,278,0.595
FLD0315,Rabi 2025-26,False,0.861,,,,,,,,,,,,,,,False,False,False,0,no crop,279,0.278
FLD0316,Rabi 2025-26,False,0.801,,,,,,,,,,,,,,,False,False,False,0,no crop,281,8.073
FLD0317,Rabi 2025-26,False,0.745,,,,,,,,,,,,,,,False,False,False,0,no crop,282,2.501
FLD0318,Rabi 2025-26,False,0.685,,,,,,,,,,,,,,,False,False,False,0,no crop,283,4.622
FLD0322,Rabi 2025-26,False,0.827,,,,,,,,,,,,,,,False,False,False,0,no crop,265,1.799
FLD0327,Rabi 2025-26,False,0.733,,,,,,,,,,,,,,,False,False,False,0,no crop,273,3.230
FLD0328,Rabi 2025-26,False,0.717,,,,,,,,,,,,,,,False,False,False,0,no crop,268,10.132
FLD0329,Rabi 2025-26,False,0.802,,,,,,,,,,,,,,,False,False,False,0,no crop,276,6.138
FLD0330,Rabi 2025-26,False,0.575,,,,,,,,,,,,,,,False,False,False,0,no crop,259,5.839
FLD0333,Rabi 2025-26,False,0.785,,,,,,,,,,,,,,,False,False,False,0,no crop,257,3.589
FLD0335,Rabi 2025-26,False,0.803,,,,,,,,,,,,,,,False,False,False,0,no crop,262,20.082
FLD0337,Rabi 2025-26,False,0.332,,,,,,,,,,,,,,,False,False,False,0,no crop,254,8.463
FLD0339,Rabi 2025-26,False,0.673,,,,,,,,,,,,,,,False,False,False,0,no crop,251,6.004
FLD0340,Rabi 2025-26,False,0.470,,,,,,,,,,,,,,,False,False,False,0,no crop,250,4.877
FLD0341,Rabi 2025-26,False,0.527,,,,,,,,,,,,,,,False,False,False,0,no crop,249,3.981
FLD0343,Rabi 2025-26,False,0.713,,,,,,,,,,,,,,,False,False,False,0,no crop,247,3.284
FLD0344,Rabi 2025-26,False,0.815,,,,,,,,,,,,,,,False,False,False,0,no crop,246,3.514
FLD0345,Rabi 2025-26,False,0.676,,,,,,,,,,,,,,,False,False,False,0,no crop,245,19.386
FLD0346,Rabi 2025-26,False,0.779,,,,,,,,,,,,,,,False,False,False,0,no crop,258,0.715
FLD0351,Rabi 2025-26,False,0.336,,,,,,,,,,,,,,,False,False,False,0,no crop,234,5.447
FLD0352,Rabi 2025-26,False,0.543,,,,,,,,,,,,,,,False,False,False,0,no crop,233,3.235
FLD0354,Rabi 2025-26,False,0.438,,,,,,,,,,,,,,,False,False,False,0,no crop,213,1.988
FLD0355,Rabi 2025-26,False,0.380,,,,,,,,,,,,,,,False,False,False,0,no crop,211,5.132
FLD0359,Rabi 2025-26,False,0.451,,,,,,,,,,,,,,,False,False,False,0,no crop,215,0.765
FLD0360,Rabi 2025-26,False,0.470,,,,,,,,,,,,,,,False,False,False,0,no crop,216,1.926
FLD0361,Rabi 2025-26,False,0.471,,,,,,,,,,,,,,,False,False,False,0,no crop,217,2.359
FLD0362,Rabi 2025-26,False,0.662,,,,,,,,,,,,,,,False,False,False,0,no crop,218,1.158
FLD0363,Rabi 2025-26,False,0.755,,,,,,,,,,,,,,,False,False,False,0,no crop,219,1.438
FLD0365,Rabi 2025-26,False,0.815,,,,,,,,,,,,,,,False,False,False,0,no crop,158,0.317
FLD0367,Rabi 2025-26,False,0.682,,,,,,,,,,,,,,,False,False,False,0,no crop,206,10.302
FLD0369,Rabi 2025-26,False,0.839,,,,,,,,,,,,,,,False,False,False,0,no crop,185,0.290
FLD0371,Rabi 2025-26,False,0.794,,,,,,,,,,,,,,,False,False,False,0,no crop,205,9.313
FLD0378,Rabi 2025-26,False,0.359,,,,,,,,,,,,,,,False,False,False,0,no crop,341iS,3.452
FLD0380,Rabi 2025-26,False,0.686,,,,,,,,,,,,,,,False,False,False,0,no crop,337iS,15.828
FLD0381,Rabi 2025-26,False,0.680,,,,,,,,,,,,,,,False,False,False,0,no crop,339,6.189
FLD0385,Rabi 2025-26,False,0.821,,,,,,,,,,,,,,,False,False,False,0,no crop,359,1.889
FLD0386,Rabi 2025-26,False,0.777,,,,,,,,,,,,,,,False,False,False,0,no crop,18,3.839
FLD0388,Rabi 2025-26,False,0.734,,,,,,,,,,,,,,,False,False,False,0,no crop,485,0.731
FLD0396,Rabi 2025-26,False,0.772,,,,,,,,,,,,,,,False,False,False,0,no crop,440,3.761
FLD0402,Rabi 2025-26,False,0.713,,,,,,,,,,,,,,,False,False,False,0,no crop,84,3.092
FLD0403,Rabi 2025-26,False,0.856,,,,,,,,,,,,,,,False,False,False,0,no crop,79,0.279
FLD0405,Rabi 2025-26,False,0.791,,,,,,,,,,,,,,,False,False,False,0,no crop,80,0.300
FLD0407,Rabi 2025-26,False,0.917,,,,,,,,,,,,,,,False,False,False,0,no crop,82,0.359
FLD0408,Rabi 2025-26,False,0.754,,,,,,,,,,,,,,,False,False,False,0,no crop,83,0.304
FLD0409,Rabi 2025-26,False,0.882,,,,,,,,,,,,,,,False,False,False,0,no crop,193,0.130
FLD0410,Rabi 2025-26,False,0.895,,,,,,,,,,,,,,,False,False,False,0,no crop,194,0.101
FLD0414,Rabi 2025-26,False,0.865,,,,,,,,,,,,,,,False,False,False,0,no crop,191,1.157
FLD0418,Rabi 2025-26,False,0.825,,,,,,,,,,,,,,,False,False,False,0,no crop,201,0.468
FLD0420,Rabi 2025-26,False,0.865,,,,,,,,,,,,,,,False,False,False,0,no crop,199,0.317
FLD0425,Rabi 2025-26,False,0.845,,,,,,,,,,,,,,,False,False,False,0,no crop,25,5.442
FLD0428,Rabi 2025-26,False,0.732,,,,,,,,,,,,,,,False,False,False,0,no crop,22,4.954
FLD0433,Rabi 2025-26,False,0.761,,,,,,,,,,,,,,,False,False,False,0,no crop,340,0.468
FLD0437,Rabi 2025-26,False,0.856,,,,,,,,,,,,,,,False,False,False,0,no crop,341,0.996
FLD0438,Rabi 2025-26,False,0.766,,,,,,,,,,,,,,,False,False,False,0,no crop,229,1.089
FLD0441,Rabi 2025-26,False,0.869,,,,,,,,,,,,,,,False,False,False,0,no crop,222,0.270
FLD0452,Rabi 2025-26,False,0.814,,,,,,,,,,,,,,,False,False,False,0,no crop,391,0.413
FLD0453,Rabi 2025-26,False,0.627,,,,,,,,,,,,,,,False,False,False,0,no crop,392,0.475
FLD0454,Rabi 2025-26,False,0.845,,,,,,,,,,,,,,,False,False,False,0,no crop,393,0.206
FLD0457,Rabi 2025-26,False,0.723,,,,,,,,,,,,,,,False,False,False,0,no crop,397,0.139
FLD0459,Rabi 2025-26,False,0.640,,,,,,,,,,,,,,,False,False,False,0,no crop,400,0.692
FLD0460,Rabi 2025-26,False,0.879,,,,,,,,,,,,,,,False,False,False,0,no crop,401,0.173
FLD0463,Rabi 2025-26,False,0.908,,,,,,,,,,,,,,,False,False,False,0,no crop,404,0.289
FLD0464,Rabi 2025-26,False,0.859,,,,,,,,,,,,,,,False,False,False,0,no crop,405,0.281
FLD0465,Rabi 2025-26,False,0.888,,,,,,,,,,,,,,,False,False,False,0,no crop,406,0.063
FLD0467,Rabi 2025-26,False,0.824,,,,,,,,,,,,,,,False,False,False,0,no crop,405,0.508
FLD0468,Rabi 2025-26,False,0.740,,,,,,,,,,,,,,,False,False,False,0,no crop,329,0.213
FLD0033,Summer 2026,True,0.666,0.153,2026-03-18,2026-04-22,2026-05-07,2026-03-18,35.000,0.407,714.222,0.994,0.000,0.000,-0.930,2026-04-22,-1.925,False,True,True,2,moderate,371,1.497
FLD0164,Summer 2026,True,0.734,0.201,2026-05-07,2026-05-27,,2026-05-27,0.000,0.427,713.908,1.216,10.000,0.000,-1.569,2026-05-22,-2.092,False,False,True,1,mild,134,0.665
FLD0007,Summer 2026,True,0.618,0.178,2026-03-18,2026-03-18,2026-04-12,2026-03-18,0.000,0.388,715.920,1.165,0.000,0.000,-0.199,2026-03-18,-1.026,False,False,True,1,mild,309,4.279
FLD0036,Summer 2026,True,0.805,0.330,2026-03-18,2026-03-23,2026-05-12,2026-05-02,-40.000,0.427,713.397,1.201,0.000,0.000,-1.092,2026-03-18,-2.362,False,False,True,1,mild,376,0.268
FLD0060,Summer 2026,True,0.857,0.184,2026-03-18,2026-03-18,2026-04-12,2026-03-28,-10.000,0.483,715.460,1.528,0.000,0.000,-0.816,2026-03-18,-1.270,False,False,True,1,mild,457,0.899
FLD0073,Summer 2026,True,0.533,0.186,2026-03-18,2026-03-28,2026-04-17,2026-03-28,0.000,0.319,715.914,0.779,0.000,0.000,-0.204,2026-04-07,-1.029,False,False,True,1,mild,467,0.343
FLD0212,Summer 2026,True,0.815,0.322,2026-03-18,2026-03-28,2026-04-17,2026-03-28,0.000,0.442,713.401,1.318,0.000,0.000,-0.186,2026-04-07,-2.360,False,False,True,1,mild,5,0.231
FLD0219,Summer 2026,True,0.798,0.322,2026-03-18,2026-03-28,2026-04-27,2026-03-28,0.000,0.458,714.414,1.275,0.000,0.000,-0.707,2026-04-07,-1.823,False,False,True,1,mild,497,0.412
FLD0245,Summer 2026,True,0.785,0.277,2026-03-18,2026-03-28,2026-05-02,2026-03-28,0.000,0.427,713.023,1.110,0.000,0.000,-0.502,2026-04-02,-2.560,False,False,True,1,mild,346,1.211
FLD0263,Summer 2026,True,0.779,0.173,2026-04-02,2026-05-27,,2026-05-02,25.000,0.496,718.462,1.646,0.000,0.000,-0.495,2026-04-12,0.320,False,True,False,1,mild,448,7.423
FLD0284,Summer 2026,True,0.594,0.204,2026-03-18,2026-04-02,2026-05-07,2026-03-18,15.000,0.352,713.211,0.940,0.000,0.000,-0.438,2026-04-02,-2.460,False,False,True,1,mild,368,4.492
FLD0314,Summer 2026,True,0.801,0.317,2026-03-18,2026-03-28,2026-04-17,2026-03-28,0.000,0.464,715.947,1.292,0.000,0.000,-0.253,2026-03-18,-1.012,False,False,True,1,mild,278,0.595
FLD0382,Summer 2026,True,0.533,0.183,2026-03-18,2026-03-28,2026-04-27,2026-03-28,0.000,0.329,712.797,0.773,0.000,0.000,-0.204,2026-04-07,-2.680,False,False,True,1,mild,340,3.121
FLD0408,Summer 2026,True,0.749,0.160,2026-03-18,2026-03-18,2026-05-12,2026-03-18,0.000,0.404,715.542,1.407,0.000,0.000,-0.142,2026-03-23,-1.226,False,False,True,1,mild,83,0.304
FLD0431,Summer 2026,True,0.759,0.228,2026-03-18,2026-04-22,2026-05-12,2026-04-22,0.000,0.447,715.917,1.276,0.000,0.000,-0.670,2026-05-02,-1.028,False,False,True,1,mild,338,0.922
FLD0441,Summer 2026,True,0.904,0.438,2026-03-23,2026-04-02,2026-05-07,2026-04-22,-20.000,0.483,716.636,1.668,10.000,0.000,-1.924,2026-04-02,-0.647,False,False,False,0,none,222,0.270
FLD0002,Summer 2026,True,0.711,0.175,2026-03-18,2026-03-18,2026-05-02,2026-03-18,0.000,0.452,717.187,1.478,0.000,0.000,-1.312,2026-03-18,-0.355,False,False,False,0,none,315,1.283
FLD0038,Summer 2026,True,0.605,0.225,2026-03-18,2026-03-18,2026-04-17,2026-03-18,0.000,0.384,717.307,1.040,0.000,0.000,-0.017,2026-03-23,-0.291,False,False,False,0,none,369,3.128
FLD0041,Summer 2026,True,0.655,0.197,2026-03-18,2026-03-28,2026-04-27,2026-03-28,0.000,0.418,717.311,1.149,0.000,0.000,-0.192,2026-04-07,-0.290,False,False,False,0,none,366,20.196
FLD0042,Summer 2026,True,0.692,0.201,2026-03-18,2026-03-28,2026-05-02,2026-03-23,5.000,0.426,717.496,1.208,0.000,0.000,-0.420,2026-04-07,-0.192,False,False,False,0,none,367,2.244
FLD0048,Summer 2026,True,0.761,0.199,2026-04-02,2026-04-12,2026-05-02,2026-04-12,0.000,0.516,722.367,2.201,0.000,0.000,0.408,2026-04-22,2.388,False,False,False,0,none,474,2.670
FLD0049,Summer 2026,True,0.637,0.176,2026-03-18,2026-03-18,2026-04-07,2026-03-18,0.000,0.417,718.879,1.214,0.000,0.000,-0.315,2026-03-28,0.541,False,False,False,0,none,481,3.665
FLD0050,Summer 2026,True,0.707,0.181,2026-03-23,2026-03-28,2026-04-22,2026-03-28,0.000,0.416,716.885,1.252,0.000,0.000,-1.260,2026-04-07,-0.515,False,False,False,0,none,479,0.893
FLD0051,Summer 2026,True,0.618,0.244,2026-03-18,2026-03-18,2026-04-17,2026-03-28,-10.000,0.448,719.473,1.458,0.000,0.000,0.010,2026-03-18,0.855,False,False,False,0,none,483,0.839
FLD0056,Summer 2026,True,0.699,0.188,2026-03-18,2026-03-28,2026-04-17,2026-03-28,0.000,0.452,718.804,1.273,0.000,0.000,-0.009,2026-04-02,0.501,False,False,False,0,none,460,2.394
FLD0057,Summer 2026,True,0.837,0.174,2026-03-18,2026-03-18,2026-05-07,2026-03-18,0.000,0.518,717.306,1.640,0.000,0.000,0.047,2026-03-18,-0.292,False,False,False,0,none,461,3.594
FLD0059,Summer 2026,True,0.722,0.247,2026-03-18,2026-03-28,2026-05-07,2026-03-28,0.000,0.459,717.653,1.310,0.000,0.000,-0.065,2026-04-02,-0.108,False,False,False,0,none,456,1.279
FLD0069,Summer 2026,True,0.694,0.192,2026-04-17,2026-04-27,2026-05-17,2026-05-02,-5.000,0.465,721.058,1.630,0.000,0.000,-0.328,2026-04-27,1.695,False,False,False,0,none,463,1.077
FLD0070,Summer 2026,True,0.674,0.177,2026-03-18,2026-03-18,2026-05-02,2026-04-02,-15.000,0.438,717.676,1.327,0.000,0.000,-0.600,2026-03-18,-0.096,False,False,False,0,none,464,1.063
FLD0071,Summer 2026,True,0.658,0.155,2026-03-18,2026-03-18,2026-04-07,2026-03-18,0.000,0.433,718.134,1.292,0.000,0.000,-0.108,2026-03-28,0.146,False,False,False,0,none,432,9.747
FLD0072,Summer 2026,True,0.666,0.203,2026-03-18,2026-03-18,2026-05-02,2026-03-18,0.000,0.445,718.323,1.530,0.000,0.000,0.843,2026-03-28,0.246,False,False,False,0,none,466,1.194
FLD0076,Summer 2026,True,0.617,0.206,2026-03-18,2026-03-28,2026-05-07,2026-03-28,0.000,0.378,716.004,0.879,0.000,0.000,-0.108,2026-04-07,-0.982,False,False,False,0,none,469,1.900
FLD0082,Summer 2026,True,0.735,0.155,2026-03-18,2026-03-18,2026-04-12,2026-03-18,0.000,0.455,716.781,1.330,0.000,0.000,-0.357,2026-03-18,-0.570,False,False,False,0,none,31,14.418
FLD0114,Summer 2026,True,0.797,0.208,2026-03-18,2026-03-18,2026-04-12,2026-03-23,-5.000,0.554,719.855,2.089,0.000,0.000,-0.278,2026-03-28,1.058,False,False,False,0,none,49,0.253
FLD0128,Summer 2026,True,0.795,0.358,2026-03-18,2026-03-18,2026-04-22,2026-03-18,0.000,0.479,718.260,1.502,0.000,0.000,0.147,2026-03-23,0.213,False,False,False,0,none,100,0.938
FLD0135,Summer 2026,True,0.676,0.199,2026-03-18,2026-04-02,2026-04-27,2026-04-02,0.000,0.431,716.865,1.204,0.000,0.000,-0.018,2026-03-23,-0.526,False,False,False,0,none,95,1.942
FLD0143,Summer 2026,True,0.747,0.160,2026-03-23,2026-03-28,2026-04-27,2026-03-28,0.000,0.495,721.350,1.969,0.000,0.000,-0.234,2026-03-23,1.849,False,False,False,0,none,103,7.045
FLD0150,Summer 2026,True,0.733,0.258,2026-03-18,2026-03-18,2026-04-12,2026-03-18,0.000,0.435,716.584,1.324,0.000,0.000,-0.913,2026-03-18,-0.674,False,False,False,0,none,143,5.294
FLD0158,Summer 2026,True,0.755,0.249,2026-03-18,2026-03-28,2026-04-22,2026-03-28,0.000,0.444,717.461,1.385,0.000,0.000,-0.387,2026-04-02,-0.210,False,False,False,0,none,147,1.793
FLD0159,Summer 2026,True,0.769,0.209,2026-03-18,2026-04-02,2026-04-22,2026-03-18,15.000,0.432,716.033,1.368,0.000,0.000,-1.151,2026-04-12,-0.966,False,False,False,0,none,148,1.793
FLD0162,Summer 2026,True,0.698,0.330,2026-03-18,2026-03-18,2026-04-12,2026-03-18,0.000,0.450,720.354,1.371,0.000,0.000,-0.315,2026-03-23,1.322,False,False,False,0,none,135,0.850
FLD0163,Summer 2026,True,0.716,0.343,2026-03-18,2026-04-27,2026-05-17,2026-04-27,0.000,0.426,716.381,1.138,0.000,0.000,-0.964,2026-04-27,-0.782,False,False,False,0,none,133,0.502
FLD0169,Summer 2026,True,0.584,0.165,2026-03-18,2026-03-28,2026-05-07,2026-03-28,0.000,0.378,718.877,0.959,0.000,0.000,0.689,2026-04-07,0.540,False,False,False,0,none,155,0.496
FLD0179,Summer 2026,True,0.704,0.248,2026-03-18,2026-04-27,,2026-05-02,-5.000,0.467,720.577,1.616,0.000,0.000,-0.785,2026-03-18,1.440,False,False,False,0,none,131,0.897
FLD0180,Summer 2026,True,0.787,0.258,2026-04-07,2026-04-12,2026-05-07,2026-04-12,0.000,0.494,721.872,1.671,0.000,0.000,-0.216,2026-04-22,2.126,False,False,False,0,none,132,0.218
FLD0185,Summer 2026,True,0.777,0.229,2026-04-02,2026-04-22,,2026-04-22,0.000,0.492,719.542,1.723,0.000,0.000,0.124,2026-04-07,0.892,False,False,False,0,none,122,1.056
FLD0190,Summer 2026,True,0.793,0.182,2026-03-18,2026-04-07,2026-05-17,2026-04-07,0.000,0.570,725.628,2.637,0.000,0.000,0.389,2026-03-18,4.114,False,False,False,0,none,123,1.480
FLD0208,Summer 2026,True,0.594,0.219,2026-03-18,2026-03-23,2026-04-27,2026-03-28,-5.000,0.506,724.876,1.873,0.000,0.000,0.522,2026-03-23,3.716,False,False,False,0,none,6,0.325
FLD0220,Summer 2026,True,0.712,0.234,2026-03-18,2026-03-23,2026-04-17,2026-03-23,0.000,0.422,717.858,1.184,0.000,0.000,-0.631,2026-04-02,0.000,False,False,False,0,none,496,0.335
FLD0222,Summer 2026,True,0.661,0.304,2026-03-18,2026-04-02,2026-05-17,2026-03-28,5.000,0.400,717.734,1.145,0.000,0.000,0.001,2026-04-12,-0.066,False,False,False,0,none,493,1.193
FLD0226,Summer 2026,True,0.570,0.167,2026-03-18,2026-03-28,2026-05-07,2026-03-28,0.000,0.357,716.921,0.823,0.000,0.000,0.037,2026-03-23,-0.496,False,False,False,0,none,489,4.061
FLD0228,Summer 2026,True,0.698,0.177,2026-03-18,2026-03-23,2026-04-17,2026-03-18,5.000,0.453,719.344,1.374,0.000,0.000,-0.154,2026-04-02,0.787,False,False,False,0,none,224,3.968
FLD0231,Summer 2026,True,0.614,0.218,2026-03-18,2026-03-23,2026-05-02,2026-03-23,0.000,0.382,716.633,1.035,0.000,0.000,-0.189,2026-04-02,-0.648,False,False,False,0,none,361,3.668
FLD0240,Summer 2026,True,0.801,0.295,2026-04-27,2026-04-27,2026-05-12,2026-04-27,0.000,0.563,720.778,2.111,0.000,0.000,0.154,2026-05-07,1.546,False,False,False,0,none,349,0.290
FLD0246,Summer 2026,True,0.648,0.162,2026-03-18,2026-04-02,2026-05-07,2026-04-02,0.000,0.426,719.100,1.281,0.000,0.000,0.028,2026-04-02,0.658,False,False,False,0,none,354,5.519
FLD0250,Summer 2026,True,0.792,0.272,2026-03-18,2026-04-17,2026-05-07,2026-04-02,15.000,0.505,719.411,1.872,0.000,0.000,-0.671,2026-04-27,0.823,False,False,False,0,none,308,4.689
FLD0276,Summer 2026,True,0.722,0.255,2026-04-22,2026-05-27,,2026-05-27,0.000,0.483,719.076,1.674,0.000,0.000,-0.278,2026-05-27,0.645,False,False,False,0,none,418,3.009
FLD0277,Summer 2026,True,0.717,0.159,2026-03-23,2026-03-23,2026-04-22,2026-03-23,0.000,0.440,718.392,1.482,0.000,0.000,-0.254,2026-03-23,0.283,False,False,False,0,none,417,5.947
FLD0278,Summer 2026,True,0.702,0.175,2026-03-18,2026-03-18,2026-04-12,2026-03-23,-5.000,0.449,718.898,1.483,0.000,0.000,0.089,2026-03-18,0.551,False,False,False,0,none,416,6.674
FLD0283,Summer 2026,True,0.622,0.192,2026-03-18,2026-03-18,2026-04-02,2026-03-18,0.000,0.402,718.434,1.211,0.000,0.000,0.111,2026-03-18,0.305,False,False,False,0,none,423,4.683
FLD0285,Summer 2026,True,0.851,0.185,2026-04-07,2026-04-07,2026-05-12,2026-04-17,-10.000,0.511,717.403,1.653,0.000,0.000,0.021,2026-04-07,-0.241,False,False,False,0,none,503,0.142
FLD0288,Summer 2026,True,0.833,0.264,2026-03-18,2026-03-18,2026-05-22,2026-04-17,-30.000,0.504,716.841,1.620,0.000,0.000,-0.658,2026-03-18,-0.538,False,False,False,0,none,317,1.166
FLD0291,Summer 2026,True,0.673,0.194,2026-05-12,2026-05-22,,2026-05-27,-5.000,0.455,717.682,1.251,0.000,0.000,0.419,2026-05-12,-0.093,False,False,False,0,none,301,0.366
FLD0293,Summer 2026,True,0.869,0.236,2026-03-28,2026-05-02,,2026-05-02,0.000,0.574,722.221,2.288,0.000,0.000,-0.267,2026-04-12,2.310,False,False,False,0,none,303,0.502
FLD0294,Summer 2026,True,0.796,0.153,2026-03-18,2026-04-02,2026-05-07,2026-03-28,5.000,0.472,717.882,1.479,0.000,0.000,-0.344,2026-03-18,0.013,False,False,False,0,none,304,0.485
FLD0297,Summer 2026,True,0.870,0.198,2026-03-23,2026-04-02,2026-05-12,2026-04-02,0.000,0.571,721.782,2.423,0.000,0.000,-0.473,2026-03-23,2.078,False,False,False,0,none,296,0.631
FLD0300,Summer 2026,True,0.701,0.299,2026-03-18,2026-03-18,2026-04-22,2026-03-18,0.000,0.439,717.118,1.497,0.000,0.000,-0.859,2026-03-23,-0.392,False,False,False,0,none,413,2.989
FLD0301,Summer 2026,True,0.672,0.164,2026-03-18,2026-03-18,2026-04-12,2026-03-18,0.000,0.412,717.140,1.277,0.000,0.000,-0.335,2026-03-18,-0.380,False,False,False,0,none,412,1.685
FLD0302,Summer 2026,True,0.784,0.238,2026-03-18,2026-03-18,2026-04-17,2026-03-28,-10.000,0.474,717.429,1.639,0.000,0.000,-0.250,2026-03-18,-0.227,False,False,False,0,none,411,4.577
FLD0318,Summer 2026,True,0.710,0.222,2026-03-18,2026-03-28,2026-05-12,2026-03-28,0.000,0.446,719.685,1.552,0.000,0.000,0.313,2026-03-18,0.967,False,False,False,0,none,283,4.622
FLD0322,Summer 2026,True,0.826,0.206,2026-03-18,2026-03-28,2026-04-12,2026-03-28,0.000,0.505,720.067,1.779,0.000,0.000,-0.032,2026-03-18,1.170,False,False,False,0,none,265,1.799
FLD0325,Summer 2026,True,0.697,0.231,2026-03-18,2026-03-28,2026-04-12,2026-03-28,0.000,0.396,716.437,1.168,0.000,0.000,-0.585,2026-03-23,-0.752,False,False,False,0,none,267,0.973
FLD0326,Summer 2026,True,0.742,0.155,2026-04-02,2026-05-02,,2026-05-02,0.000,0.468,718.712,1.728,0.000,0.000,-0.202,2026-05-12,0.453,False,False,False,0,none,274,2.755
FLD0327,Summer 2026,True,0.728,0.157,2026-03-23,2026-03-28,2026-04-12,2026-03-28,0.000,0.477,720.877,1.845,0.000,0.000,-0.276,2026-03-23,1.599,False,False,False,0,none,273,3.230
FLD0339,Summer 2026,True,0.603,0.246,2026-03-18,2026-03-23,2026-05-02,2026-03-28,-5.000,0.353,716.278,0.841,0.000,0.000,-0.155,2026-03-23,-0.836,False,False,False,0,none,251,6.004
FLD0365,Summer 2026,True,0.803,0.161,2026-03-18,2026-03-18,2026-04-02,2026-03-18,0.000,0.566,722.347,2.224,0.000,0.000,0.016,2026-03-23,2.377,False,False,False,0,none,158,0.317
FLD0381,Summer 2026,True,0.640,0.182,2026-03-18,2026-03-28,2026-04-27,2026-03-28,0.000,0.398,716.958,1.223,0.000,0.000,0.125,2026-04-07,-0.476,False,False,False,0,none,339,6.189
FLD0405,Summer 2026,True,0.753,0.257,2026-03-18,2026-03-18,2026-05-02,2026-04-02,-15.000,0.492,718.361,1.879,0.000,0.000,0.625,2026-03-18,0.267,False,False,False,0,none,80,0.300
FLD0421,Summer 2026,True,0.785,0.234,2026-04-02,2026-04-17,2026-05-02,2026-04-17,0.000,0.503,720.521,1.788,0.000,0.000,-1.164,2026-04-02,1.410,False,False,False,0,none,198,0.348
FLD0423,Summer 2026,True,0.671,0.250,2026-03-18,2026-03-28,2026-05-02,2026-03-28,0.000,0.422,718.159,1.185,0.000,0.000,0.117,2026-04-07,0.159,False,False,False,0,none,21,0.266
FLD0427,Summer 2026,True,0.817,0.191,2026-03-18,2026-03-28,2026-04-07,2026-03-28,0.000,0.467,716.950,1.522,0.000,0.000,-0.299,2026-04-02,-0.481,False,False,False,0,none,23,1.700
FLD0432,Summer 2026,True,0.607,0.205,2026-03-18,2026-03-18,2026-03-28,2026-03-18,0.000,0.391,718.273,1.155,0.000,0.000,-0.159,2026-03-18,0.220,False,False,False,0,none,339,1.535
FLD0433,Summer 2026,True,0.783,0.358,2026-03-18,2026-03-23,2026-04-22,2026-03-23,0.000,0.505,719.213,2.542,0.000,0.000,0.356,2026-04-02,0.718,False,False,False,0,none,340,0.468
FLD0436,Summer 2026,True,0.650,0.244,2026-03-18,2026-03-28,2026-05-02,2026-03-28,0.000,0.407,716.920,1.072,0.000,0.000,-0.037,2026-04-07,-0.497,False,False,False,0,none,341iS,5.797
FLD0437,Summer 2026,True,0.865,0.184,2026-03-18,2026-04-17,2026-05-12,2026-04-17,0.000,0.538,719.530,1.982,0.000,0.000,-0.632,2026-03-18,0.886,False,False,False,0,none,341,0.996
FLD0442,Summer 2026,True,0.720,0.234,2026-03-18,2026-03-18,2026-04-12,2026-03-28,-10.000,0.503,721.439,1.880,0.000,0.000,0.380,2026-03-18,1.896,False,False,False,0,none,223,0.941
FLD0443,Summer 2026,True,0.867,0.211,2026-04-02,2026-04-27,,2026-04-27,0.000,0.557,719.773,2.177,0.000,0.000,0.049,2026-05-02,1.014,False,False,False,0,none,221,1.278
FLD0449,Summer 2026,True,0.819,0.170,2026-03-18,2026-04-12,2026-05-02,2026-04-17,-5.000,0.491,717.745,1.434,0.000,0.000,-0.677,2026-03-18,-0.060,False,False,False,0,none,387,0.493
FLD0458,Summer 2026,True,0.702,0.464,2026-03-18,2026-03-28,2026-04-17,2026-03-28,0.000,0.506,721.210,1.617,0.000,0.000,0.988,2026-04-07,1.775,False,False,False,0,none,399,0.191
FLD0460,Summer 2026,True,0.870,0.177,2026-03-18,2026-03-18,2026-04-07,2026-03-18,0.000,0.522,718.498,1.826,0.000,0.000,0.312,2026-03-18,0.339,False,False,False,0,none,401,0.173
FLD0463,Summer 2026,True,0.854,0.253,2026-03-18,2026-03-18,2026-05-02,2026-03-18,0.000,0.586,721.111,2.173,0.000,0.000,0.119,2026-03-28,1.723,False,False,False,0,none,404,0.289
FLD0467,Summer 2026,True,0.791,0.161,2026-03-18,2026-03-18,2026-05-02,2026-03-18,0.000,0.486,717.413,1.700,0.000,0.000,-0.026,2026-03-23,-0.236,False,False,False,0,none,405,0.508
FLD0468,Summer 2026,True,0.667,0.152,2026-03-18,2026-03-28,2026-05-02,2026-03-28,0.000,0.419,718.692,1.165,0.000,0.000,-0.497,2026-03-23,0.442,False,False,False,0,none,329,0.213
FLD0003,Summer 2026,False,0.594,,,,,,,,,,,,,,,False,False,False,0,no crop,310,2.256
FLD0004,Summer 2026,False,0.574,,,,,,,,,,,,,,,False,False,False,0,no crop,311,2.136
FLD0005,Summer 2026,False,0.725,,,,,,,,,,,,,,,False,False,False,0,no crop,312,1.856
FLD0006,Summer 2026,False,0.730,,,,,,,,,,,,,,,False,False,False,0,no crop,313,2.081
FLD0010,Summer 2026,False,0.788,,,,,,,,,,,,,,,False,False,False,0,no crop,323,1.629
FLD0021,Summer 2026,False,0.820,,,,,,,,,,,,,,,False,False,False,0,no crop,381,1.248
FLD0022,Summer 2026,False,0.783,,,,,,,,,,,,,,,False,False,False,0,no crop,382,1.590
FLD0023,Summer 2026,False,0.731,,,,,,,,,,,,,,,False,False,False,0,no crop,384,0.631
FLD0024,Summer 2026,False,0.794,,,,,,,,,,,,,,,False,False,False,0,no crop,383,2.004
FLD0029,Summer 2026,False,0.728,,,,,,,,,,,,,,,False,False,False,0,no crop,380,4.697
FLD0030,Summer 2026,False,0.737,,,,,,,,,,,,,,,False,False,False,0,no crop,321iS,0.871
FLD0031,Summer 2026,False,0.765,,,,,,,,,,,,,,,False,False,False,0,no crop,375,5.943
FLD0034,Summer 2026,False,0.837,,,,,,,,,,,,,,,False,False,False,0,no crop,370,1.448
FLD0035,Summer 2026,False,0.901,,,,,,,,,,,,,,,False,False,False,0,no crop,374,0.904
FLD0037,Summer 2026,False,0.617,,,,,,,,,,,,,,,False,False,False,0,no crop,372,2.282
FLD0040,Summer 2026,False,0.670,,,,,,,,,,,,,,,False,False,False,0,no crop,373,3.443
FLD0043,Summer 2026,False,0.670,,,,,,,,,,,,,,,False,False,False,0,no crop,364,10.548
FLD0045,Summer 2026,False,0.793,,,,,,,,,,,,,,,False,False,False,0,no crop,477,2.538
FLD0052,Summer 2026,False,0.756,,,,,,,,,,,,,,,False,False,False,0,no crop,471,5.793
FLD0053,Summer 2026,False,0.521,,,,,,,,,,,,,,,False,False,False,0,no crop,470,0.850
FLD0054,Summer 2026,False,0.731,,,,,,,,,,,,,,,False,False,False,0,no crop,484,8.564
FLD0055,Summer 2026,False,0.774,,,,,,,,,,,,,,,False,False,False,0,no crop,473,4.728
FLD0058,Summer 2026,False,0.768,,,,,,,,,,,,,,,False,False,False,0,no crop,462,3.210
FLD0061,Summer 2026,False,0.789,,,,,,,,,,,,,,,False,False,False,0,no crop,458,1.108
FLD0063,Summer 2026,False,0.776,,,,,,,,,,,,,,,False,False,False,0,no crop,454,7.347
FLD0066,Summer 2026,False,0.707,,,,,,,,,,,,,,,False,False,False,0,no crop,455,7.477
FLD0068,Summer 2026,False,0.718,,,,,,,,,,,,,,,False,False,False,0,no crop,433,2.986
FLD0074,Summer 2026,False,0.710,,,,,,,,,,,,,,,False,False,False,0,no crop,465,0.801
FLD0075,Summer 2026,False,0.762,,,,,,,,,,,,,,,False,False,False,0,no crop,468,1.860
FLD0078,Summer 2026,False,0.752,,,,,,,,,,,,,,,False,False,False,0,no crop,26,8.201
FLD0079,Summer 2026,False,0.775,,,,,,,,,,,,,,,False,False,False,0,no crop,28,5.705
FLD0080,Summer 2026,False,0.729,,,,,,,,,,,,,,,False,False,False,0,no crop,29,4.688
FLD0081,Summer 2026,False,0.803,,,,,,,,,,,,,,,False,False,False,0,no crop,30,9.278
FLD0083,Summer 2026,False,0.689,,,,,,,,,,,,,,,False,False,False,0,no crop,32,2.339
FLD0084,Summer 2026,False,0.729,,,,,,,,,,,,,,,False,False,False,0,no crop,33,19.394
FLD0087,Summer 2026,False,0.766,,,,,,,,,,,,,,,False,False,False,0,no crop,34,7.733
FLD0092,Summer 2026,False,0.734,,,,,,,,,,,,,,,False,False,False,0,no crop,40,2.468
FLD0093,Summer 2026,False,0.643,,,,,,,,,,,,,,,False,False,False,0,no crop,38,2.841
FLD0095,Summer 2026,False,0.783,,,,,,,,,,,,,,,False,False,False,0,no crop,13,3.177
FLD0097,Summer 2026,False,0.883,,,,,,,,,,,,,,,False,False,False,0,no crop,46,1.961
FLD0100,Summer 2026,False,0.893,,,,,,,,,,,,,,,False,False,False,0,no crop,70,0.210
FLD0102,Summer 2026,False,0.670,,,,,,,,,,,,,,,False,False,False,0,no crop,68,0.333
FLD0108,Summer 2026,False,0.749,,,,,,,,,,,,,,,False,False,False,0,no crop,53,0.522
FLD0109,Summer 2026,False,0.678,,,,,,,,,,,,,,,False,False,False,0,no crop,54,2.190
FLD0112,Summer 2026,False,0.745,,,,,,,,,,,,,,,False,False,False,0,no crop,47,8.562
FLD0117,Summer 2026,False,0.583,,,,,,,,,,,,,,,False,False,False,0,no crop,63,3.536
FLD0118,Summer 2026,False,0.870,,,,,,,,,,,,,,,False,False,False,0,no crop,62,3.789
FLD0121,Summer 2026,False,0.782,,,,,,,,,,,,,,,False,False,False,0,no crop,42,4.670
FLD0122,Summer 2026,False,0.726,,,,,,,,,,,,,,,False,False,False,0,no crop,69,10.414
FLD0124,Summer 2026,False,0.782,,,,,,,,,,,,,,,False,False,False,0,no crop,87,8.303
FLD0126,Summer 2026,False,0.830,,,,,,,,,,,,,,,False,False,False,0,no crop,86,1.512
FLD0127,Summer 2026,False,0.654,,,,,,,,,,,,,,,False,False,False,0,no crop,72 rs 84,2.975
FLD0129,Summer 2026,False,0.638,,,,,,,,,,,,,,,False,False,False,0,no crop,101,0.694
FLD0130,Summer 2026,False,0.537,,,,,,,,,,,,,,,False,False,False,0,no crop,102,0.289
FLD0132,Summer 2026,False,0.658,,,,,,,,,,,,,,,False,False,False,0,no crop,98,11.601
FLD0134,Summer 2026,False,0.694,,,,,,,,,,,,,,,False,False,False,0,no crop,96,1.972
FLD0137,Summer 2026,False,0.729,,,,,,,,,,,,,,,False,False,False,0,no crop,93,2.288
FLD0139,Summer 2026,False,0.656,,,,,,,,,,,,,,,False,False,False,0,no crop,111,0.590
FLD0141,Summer 2026,False,0.847,,,,,,,,,,,,,,,False,False,False,0,no crop,107,0.175
FLD0148,Summer 2026,False,0.674,,,,,,,,,,,,,,,False,False,False,0,no crop,138,12.926
FLD0149,Summer 2026,False,0.733,,,,,,,,,,,,,,,False,False,False,0,no crop,139,4.168
FLD0151,Summer 2026,False,0.675,,,,,,,,,,,,,,,False,False,False,0,no crop,144,4.851
FLD0152,Summer 2026,False,0.753,,,,,,,,,,,,,,,False,False,False,0,no crop,145,2.606
FLD0153,Summer 2026,False,0.653,,,,,,,,,,,,,,,False,False,False,0,no crop,137,5.877
FLD0155,Summer 2026,False,0.677,,,,,,,,,,,,,,,False,False,False,0,no crop,141,2.192
FLD0156,Summer 2026,False,0.693,,,,,,,,,,,,,,,False,False,False,0,no crop,142,3.944
FLD0157,Summer 2026,False,0.965,,,,,,,,,,,,,,,False,False,False,0,no crop,146,1.524
FLD0161,Summer 2026,False,0.748,,,,,,,,,,,,,,,False,False,False,0,no crop,136,4.959
FLD0165,Summer 2026,False,0.660,,,,,,,,,,,,,,,False,False,False,0,no crop,154,2.774
FLD0166,Summer 2026,False,0.722,,,,,,,,,,,,,,,False,False,False,0,no crop,153,2.217
FLD0167,Summer 2026,False,0.610,,,,,,,,,,,,,,,False,False,False,0,no crop,152,12.171
FLD0168,Summer 2026,False,0.562,,,,,,,,,,,,,,,False,False,False,0,no crop,151,11.425
FLD0173,Summer 2026,False,0.669,,,,,,,,,,,,,,,False,False,False,0,no crop,156,6.017
FLD0175,Summer 2026,False,0.566,,,,,,,,,,,,,,,False,False,False,0,no crop,209,2.775
FLD0176,Summer 2026,False,0.477,,,,,,,,,,,,,,,False,False,False,0,no crop,208,2.393
FLD0177,Summer 2026,False,0.341,,,,,,,,,,,,,,,False,False,False,0,no crop,207,1.663
FLD0178,Summer 2026,False,0.292,,,,,,,,,,,,,,,False,False,False,0,no crop,134,0.640
FLD0182,Summer 2026,False,0.816,,,,,,,,,,,,,,,False,False,False,0,no crop,128,1.003
FLD0183,Summer 2026,False,0.760,,,,,,,,,,,,,,,False,False,False,0,no crop,127,2.003
FLD0184,Summer 2026,False,0.764,,,,,,,,,,,,,,,False,False,False,0,no crop,126,0.598
FLD0188,Summer 2026,False,0.527,,,,,,,,,,,,,,,False,False,False,0,no crop,129,9.804
FLD0189,Summer 2026,False,0.618,,,,,,,,,,,,,,,False,False,False,0,no crop,125,0.724
FLD0191,Summer 2026,False,0.684,,,,,,,,,,,,,,,False,False,False,0,no crop,115,4.199
FLD0194,Summer 2026,False,0.747,,,,,,,,,,,,,,,False,False,False,0,no crop,112,1.490
FLD0195,Summer 2026,False,0.707,,,,,,,,,,,,,,,False,False,False,0,no crop,105,0.666
FLD0196,Summer 2026,False,0.514,,,,,,,,,,,,,,,False,False,False,0,no crop,116,0.796
FLD0197,Summer 2026,False,0.724,,,,,,,,,,,,,,,False,False,False,0,no crop,117,2.567
FLD0198,Summer 2026,False,0.221,,,,,,,,,,,,,,,False,False,False,0,no crop,118,0.239
FLD0202,Summer 2026,False,0.615,,,,,,,,,,,,,,,False,False,False,0,no crop,189,0.338
FLD0203,Summer 2026,False,0.619,,,,,,,,,,,,,,,False,False,False,0,no crop,190,11.083
FLD0205,Summer 2026,False,0.737,,,,,,,,,,,,,,,False,False,False,0,no crop,10,0.252
FLD0207,Summer 2026,False,0.513,,,,,,,,,,,,,,,False,False,False,0,no crop,498,0.486
FLD0209,Summer 2026,False,0.529,,,,,,,,,,,,,,,False,False,False,0,no crop,7,0.899
FLD0214,Summer 2026,False,0.597,,,,,,,,,,,,,,,False,False,False,0,no crop,3,0.218
FLD0221,Summer 2026,False,0.413,,,,,,,,,,,,,,,False,False,False,0,no crop,494,0.466
FLD0223,Summer 2026,False,0.631,,,,,,,,,,,,,,,False,False,False,0,no crop,491,0.585
FLD0224,Summer 2026,False,0.872,,,,,,,,,,,,,,,False,False,False,0,no crop,490,0.371
FLD0227,Summer 2026,False,0.730,,,,,,,,,,,,,,,False,False,False,0,no crop,482,1.350
FLD0229,Summer 2026,False,0.746,,,,,,,,,,,,,,,False,False,False,0,no crop,480,0.408
FLD0230,Summer 2026,False,0.319,,,,,,,,,,,,,,,False,False,False,0,no crop,362,0.277
FLD0235,Summer 2026,False,0.514,,,,,,,,,,,,,,,False,False,False,0,no crop,353,1.433
FLD0238,Summer 2026,False,0.250,,,,,,,,,,,,,,,False,False,False,0,no crop,359,0.370
FLD0242,Summer 2026,False,0.715,,,,,,,,,,,,,,,False,False,False,0,no crop,348,0.876
FLD0244,Summer 2026,False,0.763,,,,,,,,,,,,,,,False,False,False,0,no crop,347,0.640
FLD0247,Summer 2026,False,0.558,,,,,,,,,,,,,,,False,False,False,0,no crop,341,10.822
FLD0248,Summer 2026,False,0.635,,,,,,,,,,,,,,,False,False,False,0,no crop,343,3.443
FLD0251,Summer 2026,False,0.635,,,,,,,,,,,,,,,False,False,False,0,no crop,230,14.255
FLD0252,Summer 2026,False,0.847,,,,,,,,,,,,,,,False,False,False,0,no crop,231,2.317
FLD0253,Summer 2026,False,0.643,,,,,,,,,,,,,,,False,False,False,0,no crop,241,6.126
FLD0254,Summer 2026,False,0.814,,,,,,,,,,,,,,,False,False,False,0,no crop,272,6.659
FLD0256,Summer 2026,False,0.376,,,,,,,,,,,,,,,False,False,False,0,no crop,240,7.061
FLD0257,Summer 2026,False,0.518,,,,,,,,,,,,,,,False,False,False,0,no crop,242,3.289
FLD0258,Summer 2026,False,0.484,,,,,,,,,,,,,,,False,False,False,0,no crop,243,2.803
FLD0259,Summer 2026,False,0.440,,,,,,,,,,,,,,,False,False,False,0,no crop,244,15.129
FLD0264,Summer 2026,False,0.717,,,,,,,,,,,,,,,False,False,False,0,no crop,446,8.293
FLD0265,Summer 2026,False,0.722,,,,,,,,,,,,,,,False,False,False,0,no crop,447,11.646
FLD0266,Summer 2026,False,0.513,,,,,,,,,,,,,,,False,False,False,0,no crop,431,22.901
FLD0267,Summer 2026,False,0.673,,,,,,,,,,,,,,,False,False,False,0,no crop,429,2.077
FLD0268,Summer 2026,False,0.664,,,,,,,,,,,,,,,False,False,False,0,no crop,428,2.659
FLD0270,Summer 2026,False,0.704,,,,,,,,,,,,,,,False,False,False,0,no crop,427,3.470
FLD0271,Summer 2026,False,0.877,,,,,,,,,,,,,,,False,False,False,0,no crop,426,1.927
FLD0279,Summer 2026,False,0.626,,,,,,,,,,,,,,,False,False,False,0,no crop,415,5.323
FLD0280,Summer 2026,False,0.642,,,,,,,,,,,,,,,False,False,False,0,no crop,414,5.493
FLD0281,Summer 2026,False,0.801,,,,,,,,,,,,,,,False,False,False,0,no crop,410,0.567
FLD0286,Summer 2026,False,0.655,,,,,,,,,,,,,,,False,False,False,0,no crop,319,0.365
FLD0290,Summer 2026,False,0.722,,,,,,,,,,,,,,,False,False,False,0,no crop,307,7.304
FLD0292,Summer 2026,False,0.777,,,,,,,,,,,,,,,False,False,False,0,no crop,302,0.806
FLD0295,Summer 2026,False,0.802,,,,,,,,,,,,,,,False,False,False,0,no crop,297,0.180
FLD0296,Summer 2026,False,0.840,,,,,,,,,,,,,,,False,False,False,0,no crop,298,0.271
FLD0298,Summer 2026,False,0.715,,,,,,,,,,,,,,,False,False,False,0,no crop,295,1.018
FLD0303,Summer 2026,False,0.703,,,,,,,,,,,,,,,False,False,False,0,no crop,300,12.948
FLD0304,Summer 2026,False,0.640,,,,,,,,,,,,,,,False,False,False,0,no crop,285,0.515
FLD0307,Summer 2026,False,0.863,,,,,,,,,,,,,,,False,False,False,0,no crop,287,1.377
FLD0308,Summer 2026,False,0.707,,,,,,,,,,,,,,,False,False,False,0,no crop,284,0.915
FLD0309,Summer 2026,False,0.753,,,,,,,,,,,,,,,False,False,False,0,no crop,288,0.433
FLD0310,Summer 2026,False,0.598,,,,,,,,,,,,,,,False,False,False,0,no crop,289,0.364
FLD0311,Summer 2026,False,0.787,,,,,,,,,,,,,,,False,False,False,0,no crop,291,1.043
FLD0313,Summer 2026,False,0.718,,,,,,,,,,,,,,,False,False,False,0,no crop,277,0.823
FLD0316,Summer 2026,False,0.711,,,,,,,,,,,,,,,False,False,False,0,no crop,281,8.073
FLD0321,Summer 2026,False,0.833,,,,,,,,,,,,,,,False,False,False,0,no crop,263,2.287
FLD0328,Summer 2026,False,0.610,,,,,,,,,,,,,,,False,False,False,0,no crop,268,10.132
FLD0329,Summer 2026,False,0.786,,,,,,,,,,,,,,,False,False,False,0,no crop,276,6.138
FLD0330,Summer 2026,False,0.593,,,,,,,,,,,,,,,False,False,False,0,no crop,259,5.839
FLD0333,Summer 2026,False,0.776,,,,,,,,,,,,,,,False,False,False,0,no crop,257,3.589
FLD0334,Summer 2026,False,0.344,,,,,,,,,,,,,,,False,False,False,0,no crop,261,10.225
FLD0335,Summer 2026,False,0.741,,,,,,,,,,,,,,,False,False,False,0,no crop,262,20.082
FLD0336,Summer 2026,False,0.696,,,,,,,,,,,,,,,False,False,False,0,no crop,253,6.618
FLD0337,Summer 2026,False,0.267,,,,,,,,,,,,,,,False,False,False,0,no crop,254,8.463
FLD0338,Summer 2026,False,0.442,,,,,,,,,,,,,,,False,False,False,0,no crop,255,6.599
FLD0340,Summer 2026,False,0.411,,,,,,,,,,,,,,,False,False,False,0,no crop,250,4.877
FLD0341,Summer 2026,False,0.512,,,,,,,,,,,,,,,False,False,False,0,no crop,249,3.981
FLD0343,Summer 2026,False,0.639,,,,,,,,,,,,,,,False,False,False,0,no crop,247,3.284
FLD0345,Summer 2026,False,0.588,,,,,,,,,,,,,,,False,False,False,0,no crop,245,19.386
FLD0346,Summer 2026,False,0.791,,,,,,,,,,,,,,,False,False,False,0,no crop,258,0.715
FLD0348,Summer 2026,False,0.267,,,,,,,,,,,,,,,False,False,False,0,no crop,235,3.203
FLD0351,Summer 2026,False,0.363,,,,,,,,,,,,,,,False,False,False,0,no crop,234,5.447
FLD0352,Summer 2026,False,0.517,,,,,,,,,,,,,,,False,False,False,0,no crop,233,3.235
FLD0353,Summer 2026,False,0.380,,,,,,,,,,,,,,,False,False,False,0,no crop,232,3.193
FLD0354,Summer 2026,False,0.442,,,,,,,,,,,,,,,False,False,False,0,no crop,213,1.988
FLD0356,Summer 2026,False,0.420,,,,,,,,,,,,,,,False,False,False,0,no crop,210,9.958
FLD0357,Summer 2026,False,0.344,,,,,,,,,,,,,,,False,False,False,0,no crop,212,4.499
FLD0358,Summer 2026,False,0.321,,,,,,,,,,,,,,,False,False,False,0,no crop,214,0.733
FLD0359,Summer 2026,False,0.306,,,,,,,,,,,,,,,False,False,False,0,no crop,215,0.765
FLD0360,Summer 2026,False,0.351,,,,,,,,,,,,,,,False,False,False,0,no crop,216,1.926
FLD0361,Summer 2026,False,0.391,,,,,,,,,,,,,,,False,False,False,0,no crop,217,2.359
FLD0362,Summer 2026,False,0.675,,,,,,,,,,,,,,,False,False,False,0,no crop,218,1.158
FLD0363,Summer 2026,False,0.684,,,,,,,,,,,,,,,False,False,False,0,no crop,219,1.438
FLD0367,Summer 2026,False,0.664,,,,,,,,,,,,,,,False,False,False,0,no crop,206,10.302
FLD0368,Summer 2026,False,0.792,,,,,,,,,,,,,,,False,False,False,0,no crop,184,2.253
FLD0374,Summer 2026,False,0.434,,,,,,,,,,,,,,,False,False,False,0,no crop,252,42.469
FLD0375,Summer 2026,False,0.385,,,,,,,,,,,,,,,False,False,False,0,no crop,341,1.591
FLD0377,Summer 2026,False,0.349,,,,,,,,,,,,,,,False,False,False,0,no crop,341iS,1.374
FLD0378,Summer 2026,False,0.323,,,,,,,,,,,,,,,False,False,False,0,no crop,341iS,3.452
FLD0379,Summer 2026,False,0.432,,,,,,,,,,,,,,,False,False,False,0,no crop,334iS,1.091
FLD0380,Summer 2026,False,0.651,,,,,,,,,,,,,,,False,False,False,0,no crop,337iS,15.828
FLD0383,Summer 2026,False,0.398,,,,,,,,,,,,,,,False,False,False,0,no crop,341iS,30.671
FLD0384,Summer 2026,False,0.709,,,,,,,,,,,,,,,False,False,False,0,no crop,322,2.817
FLD0385,Summer 2026,False,0.738,,,,,,,,,,,,,,,False,False,False,0,no crop,359,1.889
FLD0386,Summer 2026,False,0.771,,,,,,,,,,,,,,,False,False,False,0,no crop,18,3.839
FLD0388,Summer 2026,False,0.635,,,,,,,,,,,,,,,False,False,False,0,no crop,485,0.731
FLD0390,Summer 2026,False,0.748,,,,,,,,,,,,,,,False,False,False,0,no crop,487,4.684
FLD0391,Summer 2026,False,0.858,,,,,,,,,,,,,,,False,False,False,0,no crop,472,2.355
FLD0392,Summer 2026,False,0.653,,,,,,,,,,,,,,,False,False,False,0,no crop,150,9.901
FLD0395,Summer 2026,False,0.627,,,,,,,,,,,,,,,False,False,False,0,no crop,445,17.868
FLD0396,Summer 2026,False,0.733,,,,,,,,,,,,,,,False,False,False,0,no crop,440,3.761
FLD0397,Summer 2026,False,0.629,,,,,,,,,,,,,,,False,False,False,0,no crop,72,1.005
FLD0399,Summer 2026,False,0.688,,,,,,,,,,,,,,,False,False,False,0,no crop,75,1.633
FLD0402,Summer 2026,False,0.646,,,,,,,,,,,,,,,False,False,False,0,no crop,84,3.092
FLD0403,Summer 2026,False,0.879,,,,,,,,,,,,,,,False,False,False,0,no crop,79,0.279
FLD0404,Summer 2026,False,0.781,,,,,,,,,,,,,,,False,False,False,0,no crop,78,0.334
FLD0407,Summer 2026,False,0.916,,,,,,,,,,,,,,,False,False,False,0,no crop,82,0.359
FLD0409,Summer 2026,False,0.877,,,,,,,,,,,,,,,False,False,False,0,no crop,193,0.130
FLD0414,Summer 2026,False,0.750,,,,,,,,,,,,,,,False,False,False,0,no crop,191,1.157
FLD0425,Summer 2026,False,0.758,,,,,,,,,,,,,,,False,False,False,0,no crop,25,5.442
FLD0426,Summer 2026,False,0.713,,,,,,,,,,,,,,,False,False,False,0,no crop,24,1.749
FLD0428,Summer 2026,False,0.679,,,,,,,,,,,,,,,False,False,False,0,no crop,22,4.954
FLD0434,Summer 2026,False,0.724,,,,,,,,,,,,,,,False,False,False,0,no crop,341,0.287
FLD0439,Summer 2026,False,0.858,,,,,,,,,,,,,,,False,False,False,0,no crop,227,1.957
FLD0440,Summer 2026,False,0.700,,,,,,,,,,,,,,,False,False,False,0,no crop,228,1.790
FLD0446,Summer 2026,False,0.923,,,,,,,,,,,,,,,False,False,False,0,no crop,220,0.649
FLD0448,Summer 2026,False,0.804,,,,,,,,,,,,,,,False,False,False,0,no crop,386,0.931
FLD0456,Summer 2026,False,0.872,,,,,,,,,,,,,,,False,False,False,0,no crop,395,0.222
FLD0459,Summer 2026,False,0.588,,,,,,,,,,,,,,,False,False,False,0,no crop,400,0.692
FLD0464,Summer 2026,False,0.797,,,,,,,,,,,,,,,False,False,False,0,no crop,405,0.281
FLD0466,Summer 2026,False,0.597,,,,,,,,,,,,,,,False,False,False,0,no crop,404,0.541
